lr-AdamW,step,valid/recon/sess0,valid/loss,valid/recon,valid/bps,valid/co_bps,valid/fp_bps,valid/r2,valid/wt_l2,valid/wt_l2/ramp,valid/wt_kl,valid/wt_kl/ic,valid/wt_kl/co,valid/wt_kl/ramp,valid/recon_smth,hp_metric,cur_epoch,hp/lr_init,hp/dropout_rate,hp/l2_ic_enc_scale,hp/l2_ci_enc_scale,hp/l2_gen_scale,hp/l2_con_scale,hp/kl_co_scale,hp/kl_ic_scale,hp/weight_decay,hp/cd_rate,epoch,train/recon/sess0,train/loss,train/recon,train/bps,train/co_bps,train/fp_bps,train/r2,train/wt_l2,train/wt_l2/ramp,train/wt_kl,train/wt_kl/ic,train/wt_kl/co,train/wt_kl/ramp
0.004,0,,,,,,,,,,,,,,,,,,,,,,,,,,,,,,,,,,,,,,,,
,5,0.23973745107650757,2397.427978515625,0.23973745107650757,-0.8852500915527344,nan,nan,nan,0.0,0.012345679104328156,0.0004335788544267416,3.1719748221803457e-05,0.0004018590843770653,0.012345679104328156,0.48351967334747314,0.23973745107650757,0.0,0.004000000189989805,0.30000001192092896,0.0,0.0,0.0,0.0,1.0000000116860974e-07,1.0000000116860974e-07,0.0,0.30000001192092896,0,,,,,,,,,,,,,
,5,,,,,,,,,,,,,,,,,,,,,,,,,,,1,0.5664448142051697,5664.47314453125,0.5664448142051697,-1.0,nan,nan,nan,0.0,0.012345679104328156,0.0002017339429585263,2.6502983018872328e-05,0.0001752309617586434,0.012345679104328156
0.004,6,,,,,,,,,,,,,,,,,,,,,,,,,,,,,,,,,,,,,,,,
,11,0.2118912786245346,2119.418212890625,0.2118912786245346,-0.20750270783901215,nan,nan,nan,0.0,0.02469135820865631,0.002046136884018779,1.6165153283509426e-05,0.002029971918091178,0.02469135820865631,0.2933797836303711,0.2118912786245346,1.0,0.004000000189989805,0.30000001192092896,0.0,0.0,0.0,0.0,1.0000000116860974e-07,1.0000000116860974e-07,0.0,0.30000001192092896,1,,,,,,,,,,,,,
,11,,,,,,,,,,,,,,,,,,,,,,,,,,,2,0.22679771482944489,2268.217041015625,0.22679771482944489,-0.5926398634910583,nan,nan,nan,0.0,0.02469135820865631,0.0009716576896607876,2.2028456442058086e-05,0.0009496292914263904,0.02469135820865631
0.004,12,,,,,,,,,,,,,,,,,,,,,,,,,,,,,,,,,,,,,,,,
,17,0.2049977332353592,2050.173828125,0.2049977332353592,-0.039613544940948486,nan,nan,nan,0.0,0.03703703731298447,0.0005301901255734265,1.6657371816108935e-05,0.0005135327810421586,0.03703703731298447,0.23151233792304993,0.2049977332353592,2.0,0.004000000189989805,0.30000001192092896,0.0,0.0,0.0,0.0,1.0000000116860974e-07,1.0000000116860974e-07,0.0,0.30000001192092896,2,,,,,,,,,,,,,
,17,,,,,,,,,,,,,,,,,,,,,,,,,,,3,0.21386174857616425,2139.10498046875,0.21386174857616425,-0.2634298801422119,nan,nan,nan,0.0,0.037037041038274765,0.0013157487846910954,1.817873453546781e-05,0.0012975699501112103,0.037037041038274765
0.004,18,,,,,,,,,,,,,,,,,,,,,,,,,,,,,,,,,,,,,,,,
,23,0.20282046496868134,2028.2955322265625,0.20282046496868134,0.013435360975563526,nan,nan,nan,0.0,0.04938271641731262,0.0001840847689891234,1.3476646927301772e-05,0.0001706081093288958,0.04938271641731262,0.21142803132534027,0.20282046496868134,3.0,0.004000000189989805,0.30000001192092896,0.0,0.0,0.0,0.0,1.0000000116860974e-07,1.0000000116860974e-07,0.0,0.30000001192092896,3,,,,,,,,,,,,,
,23,,,,,,,,,,,,,,,,,,,,,,,,,,,4,0.20823919773101807,2082.556396484375,0.20823919773101807,-0.1284056305885315,nan,nan,nan,0.0,0.04938271641731262,0.0003327978774905205,1.5800354958628304e-05,0.0003169975243508816,0.04938271641731262
0.004,24,,,,,,,,,,,,,,,,,,,,,,,,,,,,,,,,,,,,,,,,
,29,0.20167291164398193,2016.79443359375,0.20167291164398193,0.041353046894073486,nan,nan,nan,0.0,0.06172839552164078,0.00010559810471022502,1.0784290680021513e-05,9.481381857767701e-05,0.06172839552164078,0.20459944009780884,0.20167291164398193,4.0,0.004000000189989805,0.30000001192092896,0.0,0.0,0.0,0.0,1.0000000116860974e-07,1.0000000116860974e-07,0.0,0.30000001192092896,4,,,,,,,,,,,,,
,29,,,,,,,,,,,,,,,,,,,,,,,,,,,5,0.20540468394756317,2054.137939453125,0.20540468394756317,-0.057005375623703,nan,nan,nan,0.0,0.06172839179635048,0.00014833676686976105,1.3408692211669404e-05,0.00013492809375748038,0.06172839179635048
0.004,30,,,,,,,,,,,,,,,,,,,,,,,,,,,,,,,,,,,,,,,,
,35,0.2009280025959015,2009.3179931640625,0.2009280025959015,0.05950239300727844,nan,nan,nan,0.0,0.07407407462596893,5.102712020743638e-05,8.890828212315682e-06,4.21362929046154e-05,0.07407407462596893,0.20202943682670593,0.2009280025959015,5.0,0.004000000189989805,0.30000001192092896,0.0,0.0,0.0,0.0,1.0000000116860974e-07,1.0000000116860974e-07,0.0,0.30000001192092896,5,,,,,,,,,,,,,
,35,,,,,,,,,,,,,,,,,,,,,,,,,,,6,0.2038763165473938,2038.8233642578125,0.2038763165473938,-0.021592507138848305,nan,nan,nan,0.0,0.07407408207654953,8.131700451485813e-05,1.0970515177177731e-05,7.034649752313271e-05,0.07407408207654953
0.004,36,,,,,,,,,,,,,,,,,,,,,,,,,,,,,,,,,,,,,,,,
,41,0.2001330852508545,2001.3563232421875,0.2001330852508545,0.07886943221092224,nan,nan,nan,0.0,0.08641975373029709,2.9522545446525328e-05,8.865505151334219e-06,2.065704029519111e-05,0.08641975373029709,0.2007019966840744,0.2001330852508545,6.0,0.004000000189989805,0.30000001192092896,0.0,0.0,0.0,0.0,1.0000000116860974e-07,1.0000000116860974e-07,0.0,0.30000001192092896,6,,,,,,,,,,,,,
,41,,,,,,,,,,,,,,,,,,,,,,,,,,,7,0.2027643918991089,2027.6820068359375,0.2027643918991089,0.009435961954295635,nan,nan,nan,0.0,0.08641975373029709,4.414682916831225e-05,1.0046125680673867e-05,3.410070712561719e-05,0.08641975373029709
0.004,42,,,,,,,,,,,,,,,,,,,,,,,,,,,,,,,,,,,,,,,,
,47,0.19993369281291962,1999.36083984375,0.19993369281291962,0.08375246822834015,nan,nan,nan,0.0,0.09876543283462524,2.4237451725639403e-05,9.366710401081946e-06,1.4870740415062755e-05,0.09876543283462524,0.20016418397426605,0.19993369281291962,7.0,0.004000000189989805,0.30000001192092896,0.0,0.0,0.0,0.0,1.0000000116860974e-07,1.0000000116860974e-07,0.0,0.30000001192092896,7,,,,,,,,,,,,,
,47,,,,,,,,,,,,,,,,,,,,,,,,,,,8,0.2015848606824875,2015.8765869140625,0.2015848606824875,0.027588531374931335,nan,nan,nan,0.0,0.09876543283462524,2.8654359994106926e-05,9.506699825578835e-06,1.914765925903339e-05,0.09876543283462524
0.004,48,,,,,,,,,,,,,,,,,,,,,,,,,,,,,,,,,,,,,,,,
,53,0.1994871348142624,1994.8939208984375,0.1994871348142624,0.0946299135684967,nan,nan,nan,0.0,0.1111111119389534,2.0404997485456988e-05,8.996842552733142e-06,1.1408155842218548e-05,0.1111111119389534,0.19969025254249573,0.1994871348142624,8.0,0.004000000189989805,0.30000001192092896,0.0,0.0,0.0,0.0,1.0000000116860974e-07,1.0000000116860974e-07,0.0,0.30000001192092896,8,,,,,,,,,,,,,
,53,,,,,,,,,,,,,,,,,,,,,,,,,,,9,0.2009216547012329,2009.2432861328125,0.2009216547012329,0.04640347883105278,nan,nan,nan,0.0,0.1111111119389534,2.4047758415690623e-05,1.0039517292170785e-05,1.4008240214025136e-05,0.1111111119389534
0.004,54,,,,,,,,,,,,,,,,,,,,,,,,,,,,,,,,,,,,,,,,
,59,0.19879300892353058,1987.951171875,0.19879300892353058,0.11153672635555267,nan,nan,nan,0.0,0.12345679104328156,1.6976677216007374e-05,7.894024747656658e-06,9.082652468350716e-06,0.12345679104328156,0.19906218349933624,0.19879300892353058,9.0,0.004000000189989805,0.30000001192092896,0.0,0.0,0.0,0.0,1.0000000116860974e-07,1.0000000116860974e-07,0.0,0.30000001192092896,9,,,,,,,,,,,,,
,59,,,,,,,,,,,,,,,,,,,,,,,,,,,10,0.2004704624414444,2004.7294921875,0.2004704624414444,0.059155452996492386,nan,nan,nan,0.0,0.12345678359270096,2.026376205321867e-05,9.18105615710374e-06,1.1082706805609632e-05,0.12345678359270096
0.004,60,,,,,,,,,,,,,,,,,,,,,,,,,,,,,,,,,,,,,,,,
,65,0.19804103672504425,1980.431884765625,0.19804103672504425,0.12979759275913239,nan,nan,nan,0.0,0.1358024626970291,1.5725934645161033e-05,8.095990779111162e-06,7.629943866049871e-06,0.1358024626970291,0.19834737479686737,0.19804103672504425,10.0,0.004000000189989805,0.30000001192092896,0.0,0.0,0.0,0.0,1.0000000116860974e-07,1.0000000116860974e-07,0.0,0.30000001192092896,10,,,,,,,,,,,,,
,65,,,,,,,,,,,,,,,,,,,,,,,,,,,11,0.19997107982635498,1999.7357177734375,0.19997107982635498,0.07839491218328476,nan,nan,nan,0.0,0.1358024626970291,1.8091892343363725e-05,8.95979883352993e-06,9.13209169084439e-06,0.1358024626970291
0.004,66,,,,,,,,,,,,,,,,,,,,,,,,,,,,,,,,,,,,,,,,
,71,0.19710107147693634,1971.0335693359375,0.19710107147693634,0.15269070863723755,nan,nan,nan,0.0,0.14814814925193787,1.5342733604484238e-05,7.753545105515514e-06,7.589188498968724e-06,0.14814814925193787,0.19747495651245117,0.19710107147693634,11.0,0.004000000189989805,0.30000001192092896,0.0,0.0,0.0,0.0,1.0000000116860974e-07,1.0000000116860974e-07,0.0,0.30000001192092896,11,,,,,,,,,,,,,
,71,,,,,,,,,,,,,,,,,,,,,,,,,,,12,0.1987827569246292,1987.853515625,0.1987827569246292,0.09421199560165405,nan,nan,nan,0.0,0.14814816415309906,1.743218490446452e-05,8.98757662071148e-06,8.444608283753041e-06,0.14814816415309906
0.004,72,,,,,,,,,,,,,,,,,,,,,,,,,,,,,,,,,,,,,,,,
,77,0.19670169055461884,1967.04248046875,0.19670169055461884,0.16242985427379608,nan,nan,nan,0.0,0.16049382090568542,1.5935511328279972e-05,8.252464795077685e-06,7.68304835219169e-06,0.16049382090568542,0.19693367183208466,0.19670169055461884,12.0,0.004000000189989805,0.30000001192092896,0.0,0.0,0.0,0.0,1.0000000116860974e-07,1.0000000116860974e-07,0.0,0.30000001192092896,12,,,,,,,,,,,,,
,77,,,,,,,,,,,,,,,,,,,,,,,,,,,13,0.19831399619579315,1983.1676025390625,0.19831399619579315,0.10848995298147202,nan,nan,nan,0.0,0.16049383580684662,1.7264717826037668e-05,9.052087989402935e-06,8.212630746129435e-06,0.16049383580684662
0.004,78,,,,,,,,,,,,,,,,,,,,,,,,,,,,,,,,,,,,,,,,
,83,0.19644956290721893,1964.5228271484375,0.19644956290721893,0.16860371828079224,nan,nan,nan,0.0,0.17283950746059418,1.586671896802727e-05,8.11440622783266e-06,7.752310921205208e-06,0.17283950746059418,0.19659480452537537,0.19644956290721893,13.0,0.004000000189989805,0.30000001192092896,0.0,0.0,0.0,0.0,1.0000000116860974e-07,1.0000000116860974e-07,0.0,0.30000001192092896,13,,,,,,,,,,,,,
,83,,,,,,,,,,,,,,,,,,,,,,,,,,,14,0.19779406487941742,1977.9700927734375,0.19779406487941742,0.12143591046333313,nan,nan,nan,0.0,0.17283950746059418,1.7209016732522286e-05,9.024422070069704e-06,8.184595571947284e-06,0.17283950746059418
0.004,84,,,,,,,,,,,,,,,,,,,,,,,,,,,,,,,,,,,,,,,,
,89,0.19567552208900452,1956.7838134765625,0.19567552208900452,0.187421515583992,nan,nan,nan,0.0,0.18518517911434174,1.5547298971796408e-05,7.821286999387667e-06,7.726011972408742e-06,0.18518517911434174,0.19595129787921906,0.19567552208900452,14.0,0.004000000189989805,0.30000001192092896,0.0,0.0,0.0,0.0,1.0000000116860974e-07,1.0000000116860974e-07,0.0,0.30000001192092896,14,,,,,,,,,,,,,
,89,,,,,,,,,,,,,,,,,,,,,,,,,,,15,0.1970914602279663,1970.9462890625,0.1970914602279663,0.1363590657711029,nan,nan,nan,0.0,0.18518517911434174,1.7079670215025544e-05,8.967168469098397e-06,8.112500836432446e-06,0.18518517911434174
0.004,90,,,,,,,,,,,,,,,,,,,,,,,,,,,,,,,,,,,,,,,,
,95,0.19582150876522064,1958.246337890625,0.19582150876522064,0.18384131789207458,nan,nan,nan,0.0,0.1975308656692505,1.5823408830328844e-05,8.089245966402814e-06,7.734163773420732e-06,0.1975308656692505,0.19586044549942017,0.19582150876522064,15.0,0.004000000189989805,0.30000001192092896,0.0,0.0,0.0,0.0,1.0000000116860974e-07,1.0000000116860974e-07,0.0,0.30000001192092896,15,,,,,,,,,,,,,
,95,,,,,,,,,,,,,,,,,,,,,,,,,,,16,0.19677317142486572,1967.7650146484375,0.19677317142486572,0.14775550365447998,nan,nan,nan,0.0,0.1975308656692505,1.6866801161086187e-05,8.749054359213915e-06,8.117746801872272e-06,0.1975308656692505
0.004,96,,,,,,,,,,,,,,,,,,,,,,,,,,,,,,,,,,,,,,,,
,101,0.19509334862232208,1950.965576171875,0.19509334862232208,0.20160430669784546,nan,nan,nan,0.0,0.20987653732299805,1.527061795059126e-05,7.4838753789663315e-06,7.786740752635524e-06,0.20987653732299805,0.19532348215579987,0.19509334862232208,16.0,0.004000000189989805,0.30000001192092896,0.0,0.0,0.0,0.0,1.0000000116860974e-07,1.0000000116860974e-07,0.0,0.30000001192092896,16,,,,,,,,,,,,,
,101,,,,,,,,,,,,,,,,,,,,,,,,,,,17,0.19660574197769165,1966.09326171875,0.19660574197769165,0.15230242908000946,nan,nan,nan,0.0,0.20987653732299805,1.699795939202886e-05,8.904051355784759e-06,8.0939071267494e-06,0.20987653732299805
0.004,102,,,,,,,,,,,,,,,,,,,,,,,,,,,,,,,,,,,,,,,,
,107,0.1950082927942276,1950.11865234375,0.1950082927942276,0.20366047322750092,nan,nan,nan,0.0,0.2222222238779068,1.602191878191661e-05,7.913024091976695e-06,8.108893780445214e-06,0.2222222238779068,0.19510284066200256,0.1950082927942276,17.0,0.004000000189989805,0.30000001192092896,0.0,0.0,0.0,0.0,1.0000000116860974e-07,1.0000000116860974e-07,0.0,0.30000001192092896,17,,,,,,,,,,,,,
,107,,,,,,,,,,,,,,,,,,,,,,,,,,,18,0.19621963798999786,1962.2337646484375,0.19621963798999786,0.16176281869411469,nan,nan,nan,0.0,0.2222222238779068,1.6817402865854092e-05,8.486600563628599e-06,8.330801392730791e-06,0.2222222238779068
0.004,108,,,,,,,,,,,,,,,,,,,,,,,,,,,,,,,,,,,,,,,,
,113,0.19486460089683533,1948.68310546875,0.19486460089683533,0.20713567733764648,nan,nan,nan,0.0,0.23456789553165436,1.585553036420606e-05,7.711512807873078e-06,8.144017556332983e-06,0.23456789553165436,0.19493606686592102,0.19486460089683533,18.0,0.004000000189989805,0.30000001192092896,0.0,0.0,0.0,0.0,1.0000000116860974e-07,1.0000000116860974e-07,0.0,0.30000001192092896,18,,,,,,,,,,,,,
,113,,,,,,,,,,,,,,,,,,,,,,,,,,,19,0.19647721946239471,1964.8131103515625,0.19647721946239471,0.16123761236667633,nan,nan,nan,0.0,0.23456789553165436,1.752027492329944e-05,9.049532309290953e-06,8.470741704513784e-06,0.23456789553165436
0.004,114,,,,,,,,,,,,,,,,,,,,,,,,,,,,,,,,,,,,,,,,
,119,0.19450712203979492,1945.11279296875,0.19450712203979492,0.21589919924736023,nan,nan,nan,0.0,0.2469135820865631,1.693632293608971e-05,8.534720109310001e-06,8.401604645769112e-06,0.2469135820865631,0.194635808467865,0.19450712203979492,19.0,0.004000000189989805,0.30000001192092896,0.0,0.0,0.0,0.0,1.0000000116860974e-07,1.0000000116860974e-07,0.0,0.30000001192092896,19,,,,,,,,,,,,,
,119,,,,,,,,,,,,,,,,,,,,,,,,,,,20,0.1961154341697693,1961.1978759765625,0.1961154341697693,0.16755463182926178,nan,nan,nan,0.0,0.24691356718540192,1.7611781004234217e-05,9.024388418765739e-06,8.587390766479075e-06,0.24691356718540192
0.004,120,,,,,,,,,,,,,,,,,,,,,,,,,,,,,,,,,,,,,,,,
,125,0.19410528242588043,1941.0963134765625,0.19410528242588043,0.225697860121727,nan,nan,nan,0.0,0.25925925374031067,1.676679494266864e-05,8.296326996060088e-06,8.47046794660855e-06,0.25925925374031067,0.19426444172859192,0.19410528242588043,20.0,0.004000000189989805,0.30000001192092896,0.0,0.0,0.0,0.0,1.0000000116860974e-07,1.0000000116860974e-07,0.0,0.30000001192092896,20,,,,,,,,,,,,,
,125,,,,,,,,,,,,,,,,,,,,,,,,,,,21,0.1954793483018875,1954.84130859375,0.1954793483018875,0.17916281521320343,nan,nan,nan,0.0,0.25925925374031067,1.845073165895883e-05,9.640470125305e-06,8.810264262137935e-06,0.25925925374031067
0.004,126,,,,,,,,,,,,,,,,,,,,,,,,,,,,,,,,,,,,,,,,
,131,0.19402509927749634,1940.29833984375,0.19402509927749634,0.2276190221309662,nan,nan,nan,0.0,0.2716049253940582,1.7351811038679443e-05,8.666176654514857e-06,8.685637112648692e-06,0.2716049253940582,0.1940969079732895,0.19402509927749634,21.0,0.004000000189989805,0.30000001192092896,0.0,0.0,0.0,0.0,1.0000000116860974e-07,1.0000000116860974e-07,0.0,0.30000001192092896,21,,,,,,,,,,,,,
,131,,,,,,,,,,,,,,,,,,,,,,,,,,,22,0.1950560212135315,1950.6102294921875,0.1950560212135315,0.18883009254932404,nan,nan,nan,0.0,0.2716049253940582,1.8368677046964876e-05,9.472297278989572e-06,8.8963779489859e-06,0.2716049253940582
0.004,132,,,,,,,,,,,,,,,,,,,,,,,,,,,,,,,,,,,,,,,,
,137,0.19426220655441284,1942.6724853515625,0.19426220655441284,0.22183528542518616,nan,nan,nan,0.0,0.2839506268501282,1.7750426195561886e-05,8.910056749300566e-06,8.84036944626132e-06,0.2839506268501282,0.19421261548995972,0.19426220655441284,22.0,0.004000000189989805,0.30000001192092896,0.0,0.0,0.0,0.0,1.0000000116860974e-07,1.0000000116860974e-07,0.0,0.30000001192092896,22,,,,,,,,,,,,,
,137,,,,,,,,,,,,,,,,,,,,,,,,,,,23,0.19520819187164307,1952.1358642578125,0.19520819187164307,0.18844570219516754,nan,nan,nan,0.0,0.2839505970478058,1.8997054212377407e-05,9.9425697044353e-06,9.054484507942107e-06,0.2839505970478058
0.004,138,,,,,,,,,,,,,,,,,,,,,,,,,,,,,,,,,,,,,,,,
,143,0.19362808763980865,1936.3333740234375,0.19362808763980865,0.23732858896255493,nan,nan,nan,0.0,0.29629629850387573,1.7743926946423016e-05,8.573625564167742e-06,9.17030411073938e-06,0.29629629850387573,0.19380345940589905,0.19362808763980865,23.0,0.004000000189989805,0.30000001192092896,0.0,0.0,0.0,0.0,1.0000000116860974e-07,1.0000000116860974e-07,0.0,0.30000001192092896,23,,,,,,,,,,,,,
,143,,,,,,,,,,,,,,,,,,,,,,,,,,,24,0.1947544813156128,1947.6007080078125,0.1947544813156128,0.19423188269138336,nan,nan,nan,0.0,0.2962963283061981,1.883326331153512e-05,9.644266356190201e-06,9.188996955344919e-06,0.2962963283061981
0.004,144,,,,,,,,,,,,,,,,,,,,,,,,,,,,,,,,,,,,,,,,
,149,0.19338612258434296,1933.9180908203125,0.19338612258434296,0.24319685995578766,nan,nan,nan,0.0,0.3086419701576233,1.848786268965341e-05,9.13442545424914e-06,9.353435416414868e-06,0.3086419701576233,0.19351132214069366,0.19338612258434296,24.0,0.004000000189989805,0.30000001192092896,0.0,0.0,0.0,0.0,1.0000000116860974e-07,1.0000000116860974e-07,0.0,0.30000001192092896,24,,,,,,,,,,,,,
,149,,,,,,,,,,,,,,,,,,,,,,,,,,,25,0.19458813965320587,1945.9412841796875,0.19458813965320587,0.20558182895183563,nan,nan,nan,0.0,0.3086419403553009,1.939677713380661e-05,9.935288289852906e-06,9.461487024964299e-06,0.3086419403553009
0.004,150,,,,,,,,,,,,,,,,,,,,,,,,,,,,,,,,,,,,,,,,
,155,0.19293704628944397,1929.4307861328125,0.19293704628944397,0.2541011571884155,nan,nan,nan,0.0,0.32098764181137085,1.8777493096422404e-05,9.228216185874771e-06,9.549276001052931e-06,0.32098764181137085,0.19310933351516724,0.19293704628944397,25.0,0.004000000189989805,0.30000001192092896,0.0,0.0,0.0,0.0,1.0000000116860974e-07,1.0000000116860974e-07,0.0,0.30000001192092896,25,,,,,,,,,,,,,
,155,,,,,,,,,,,,,,,,,,,,,,,,,,,26,0.19419248402118683,1941.9888916015625,0.19419248402118683,0.21034926176071167,nan,nan,nan,0.0,0.32098767161369324,1.9907820387743413e-05,1.0274389751430135e-05,9.633432455302682e-06,0.32098767161369324
0.004,156,,,,,,,,,,,,,,,,,,,,,,,,,,,,,,,,,,,,,,,,
,161,0.19280359148979187,1928.1014404296875,0.19280359148979187,0.2573905885219574,nan,nan,nan,0.0,0.3333333432674408,1.9671060726977885e-05,9.739304914546665e-06,9.931757631420624e-06,0.3333333432674408,0.1928953230381012,0.19280359148979187,26.0,0.004000000189989805,0.30000001192092896,0.0,0.0,0.0,0.0,1.0000000116860974e-07,1.0000000116860974e-07,0.0,0.30000001192092896,26,,,,,,,,,,,,,
,161,,,,,,,,,,,,,,,,,,,,,,,,,,,27,0.19385546445846558,1938.6226806640625,0.19385546445846558,0.21767973899841309,nan,nan,nan,0.0,0.3333333432674408,2.0423531168489717e-05,1.0489443411643151e-05,9.934085937857162e-06,0.3333333432674408
0.004,162,,,,,,,,,,,,,,,,,,,,,,,,,,,,,,,,,,,,,,,,
,167,0.19276438653469086,1927.7142333984375,0.19276438653469086,0.25831615924835205,nan,nan,nan,0.0,0.34567901492118835,2.038671482296195e-05,1.012163374980446e-05,1.026508107315749e-05,0.34567901492118835,0.19280366599559784,0.19276438653469086,27.0,0.004000000189989805,0.30000001192092896,0.0,0.0,0.0,0.0,1.0000000116860974e-07,1.0000000116860974e-07,0.0,0.30000001192092896,27,,,,,,,,,,,,,
,167,,,,,,,,,,,,,,,,,,,,,,,,,,,28,0.19362872838974,1936.361328125,0.19362872838974,0.2208915799856186,nan,nan,nan,0.0,0.34567901492118835,2.144946665794123e-05,1.1229422852920834e-05,1.0220043805020396e-05,0.34567901492118835
0.004,168,,,,,,,,,,,,,,,,,,,,,,,,,,,,,,,,,,,,,,,,
,173,0.19275164604187012,1927.5899658203125,0.19275164604187012,0.2586479187011719,nan,nan,nan,0.0,0.3580246865749359,2.0552499336190522e-05,9.973352462111507e-06,1.0579147783573717e-05,0.3580246865749359,0.19276726245880127,0.19275164604187012,28.0,0.004000000189989805,0.30000001192092896,0.0,0.0,0.0,0.0,1.0000000116860974e-07,1.0000000116860974e-07,0.0,0.30000001192092896,28,,,,,,,,,,,,,
,173,,,,,,,,,,,,,,,,,,,,,,,,,,,29,0.19412732124328613,1941.3509521484375,0.19412732124328613,0.2227713018655777,nan,nan,nan,0.0,0.3580246865749359,2.168510945921298e-05,1.1174739483976737e-05,1.0510369065741543e-05,0.3580246865749359
0.004,174,,,,,,,,,,,,,,,,,,,,,,,,,,,,,,,,,,,,,,,,
,179,0.19249431788921356,1925.0216064453125,0.19249431788921356,0.264885276556015,nan,nan,nan,0.0,0.37037035822868347,2.1167161321500316e-05,1.0331748853786848e-05,1.0835412467713468e-05,0.37037035822868347,0.19257619976997375,0.19249431788921356,29.0,0.004000000189989805,0.30000001192092896,0.0,0.0,0.0,0.0,1.0000000116860974e-07,1.0000000116860974e-07,0.0,0.30000001192092896,29,,,,,,,,,,,,,
,179,,,,,,,,,,,,,,,,,,,,,,,,,,,30,0.1935884803533554,1935.9661865234375,0.1935884803533554,0.22377198934555054,nan,nan,nan,0.0,0.37037035822868347,2.1944952095509507e-05,1.1032028851332143e-05,1.0912925063166767e-05,0.37037035822868347
0.004,180,,,,,,,,,,,,,,,,,,,,,,,,,,,,,,,,,,,,,,,,
,185,0.19229952991008759,1923.0758056640625,0.19229952991008759,0.26964202523231506,nan,nan,nan,0.0,0.3827160596847534,2.1040657884441316e-05,1.0048808690044098e-05,1.0991851013386622e-05,0.3827160596847534,0.19238252937793732,0.19229952991008759,30.0,0.004000000189989805,0.30000001192092896,0.0,0.0,0.0,0.0,1.0000000116860974e-07,1.0000000116860974e-07,0.0,0.30000001192092896,30,,,,,,,,,,,,,
,185,,,,,,,,,,,,,,,,,,,,,,,,,,,31,0.1933816820383072,1933.9029541015625,0.1933816820383072,0.2290748953819275,nan,nan,nan,0.0,0.3827160596847534,2.2487498426926322e-05,1.1360680218786001e-05,1.1126820027129725e-05,0.3827160596847534
0.004,186,,,,,,,,,,,,,,,,,,,,,,,,,,,,,,,,,,,,,,,,
,191,0.19257280230522156,1925.8160400390625,0.19257280230522156,0.26301512122154236,nan,nan,nan,0.0,0.395061731338501,2.2244466890697367e-05,1.101691486837808e-05,1.1227552022319287e-05,0.395061731338501,0.19251571595668793,0.19257280230522156,31.0,0.004000000189989805,0.30000001192092896,0.0,0.0,0.0,0.0,1.0000000116860974e-07,1.0000000116860974e-07,0.0,0.30000001192092896,31,,,,,,,,,,,,,
,191,,,,,,,,,,,,,,,,,,,,,,,,,,,32,0.19355076551437378,1935.59716796875,0.19355076551437378,0.22794872522354126,nan,nan,nan,0.0,0.395061731338501,2.2597525457968004e-05,1.1343890037096571e-05,1.1253636330366135e-05,0.395061731338501
0.004,192,,,,,,,,,,,,,,,,,,,,,,,,,,,,,,,,,,,,,,,,
,197,0.19269970059394836,1927.086669921875,0.19269970059394836,0.25988149642944336,nan,nan,nan,0.0,0.40740740299224854,2.2009342501405627e-05,1.0523182936594822e-05,1.1486160474305507e-05,0.40740740299224854,0.19264450669288635,0.19269970059394836,32.0,0.004000000189989805,0.30000001192092896,0.0,0.0,0.0,0.0,1.0000000116860974e-07,1.0000000116860974e-07,0.0,0.30000001192092896,32,,,,,,,,,,,,,
,197,,,,,,,,,,,,,,,,,,,,,,,,,,,33,0.19320034980773926,1932.0986328125,0.19320034980773926,0.23423194885253906,nan,nan,nan,0.0,0.40740737318992615,2.3337959646596573e-05,1.1881632417498622e-05,1.1456329957582057e-05,0.40740737318992615
0.004,198,,,,,,,,,,,,,,,,,,,,,,,,,,,,,,,,,,,,,,,,
,203,0.1922660917043686,1922.7535400390625,0.1922660917043686,0.2705036699771881,nan,nan,nan,0.0,0.4197530746459961,2.206747558375355e-05,1.0551749255682807e-05,1.1515726328070741e-05,0.4197530746459961,0.19237960875034332,0.1922660917043686,33.0,0.004000000189989805,0.30000001192092896,0.0,0.0,0.0,0.0,1.0000000116860974e-07,1.0000000116860974e-07,0.0,0.30000001192092896,33,,,,,,,,,,,,,
,203,,,,,,,,,,,,,,,,,,,,,,,,,,,34,0.1934075802564621,1934.17236328125,0.1934075802564621,0.23678116500377655,nan,nan,nan,0.0,0.4197530746459961,2.303860856045503e-05,1.1510527656355407e-05,1.1528081813594326e-05,0.4197530746459961
0.004,204,,,,,,,,,,,,,,,,,,,,,,,,,,,,,,,,,,,,,,,,
,209,0.19197030365467072,1919.80029296875,0.19197030365467072,0.27767565846443176,nan,nan,nan,0.0,0.43209877610206604,2.2526439352077432e-05,1.088327553588897e-05,1.1643164725683164e-05,0.43209877610206604,0.19209308922290802,0.19197030365467072,34.0,0.004000000189989805,0.30000001192092896,0.0,0.0,0.0,0.0,1.0000000116860974e-07,1.0000000116860974e-07,0.0,0.30000001192092896,34,,,,,,,,,,,,,
,209,,,,,,,,,,,,,,,,,,,,,,,,,,,35,0.1928265243768692,1928.3665771484375,0.1928265243768692,0.24176304042339325,nan,nan,nan,0.0,0.43209877610206604,2.3424341634381562e-05,1.1772533071052749e-05,1.165180674433941e-05,0.43209877610206604
0.004,210,,,,,,,,,,,,,,,,,,,,,,,,,,,,,,,,,,,,,,,,
,215,0.19182956218719482,1918.397216796875,0.19182956218719482,0.2810884416103363,nan,nan,nan,0.0,0.4444444477558136,2.2840089513920248e-05,1.107596017391188e-05,1.1764127521018963e-05,0.4444444477558136,0.19190862774848938,0.19182956218719482,35.0,0.004000000189989805,0.30000001192092896,0.0,0.0,0.0,0.0,1.0000000116860974e-07,1.0000000116860974e-07,0.0,0.30000001192092896,35,,,,,,,,,,,,,
,215,,,,,,,,,,,,,,,,,,,,,,,,,,,36,0.19293344020843506,1929.4398193359375,0.19293344020843506,0.2435038536787033,nan,nan,nan,0.0,0.4444444477558136,2.3706559659331106e-05,1.1917974916286767e-05,1.1788583833549637e-05,0.4444444477558136
0.004,216,,,,,,,,,,,,,,,,,,,,,,,,,,,,,,,,,,,,,,,,
,221,0.19177299737930298,1917.834228515625,0.19177299737930298,0.2824714183807373,nan,nan,nan,0.0,0.45679014921188354,2.2874130081618205e-05,1.1101904419774655e-05,1.1772224752348848e-05,0.45679014921188354,0.19181367754936218,0.19177299737930298,36.0,0.004000000189989805,0.30000001192092896,0.0,0.0,0.0,0.0,1.0000000116860974e-07,1.0000000116860974e-07,0.0,0.30000001192092896,36,,,,,,,,,,,,,
,221,,,,,,,,,,,,,,,,,,,,,,,,,,,37,0.19260044395923615,1926.11376953125,0.19260044395923615,0.2493857592344284,nan,nan,nan,0.0,0.45679011940956116,2.393850445514545e-05,1.2074950973328669e-05,1.186355348181678e-05,0.45679011940956116
0.004,222,,,,,,,,,,,,,,,,,,,,,,,,,,,,,,,,,,,,,,,,
,227,0.19187872111797333,1918.894775390625,0.19187872111797333,0.2799042761325836,nan,nan,nan,0.0,0.4691357910633087,2.2944297597859986e-05,1.1205796909052879e-05,1.1738499779312406e-05,0.4691357910633087,0.19185921549797058,0.19187872111797333,37.0,0.004000000189989805,0.30000001192092896,0.0,0.0,0.0,0.0,1.0000000116860974e-07,1.0000000116860974e-07,0.0,0.30000001192092896,37,,,,,,,,,,,,,
,227,,,,,,,,,,,,,,,,,,,,,,,,,,,38,0.1927640587091446,1927.7535400390625,0.1927640587091446,0.25193727016448975,nan,nan,nan,0.0,0.4691357910633087,2.4096159904729575e-05,1.2245948710187804e-05,1.1850211194541771e-05,0.4691357910633087
0.004,228,,,,,,,,,,,,,,,,,,,,,,,,,,,,,,,,,,,,,,,,
,233,0.19158190488815308,1915.927978515625,0.19158190488815308,0.28710222244262695,nan,nan,nan,0.0,0.4814814627170563,2.2612279281020164e-05,1.0836414730874822e-05,1.1775864550145343e-05,0.4814814627170563,0.19166509807109833,0.19158190488815308,38.0,0.004000000189989805,0.30000001192092896,0.0,0.0,0.0,0.0,1.0000000116860974e-07,1.0000000116860974e-07,0.0,0.30000001192092896,38,,,,,,,,,,,,,
,233,,,,,,,,,,,,,,,,,,,,,,,,,,,39,0.19208605587482452,1920.9776611328125,0.19208605587482452,0.25258272886276245,nan,nan,nan,0.0,0.48148152232170105,2.4249360649264418e-05,1.237630294781411e-05,1.1873055882460903e-05,0.48148152232170105
0.004,234,,,,,,,,,,,,,,,,,,,,,,,,,,,,,,,,,,,,,,,,
,239,0.1915278136730194,1915.3922119140625,0.1915278136730194,0.28844624757766724,nan,nan,nan,0.0,0.4938271641731262,2.3119479010347277e-05,1.125696326198522e-05,1.1862515748362057e-05,0.4938271641731262,0.1915690004825592,0.1915278136730194,39.0,0.004000000189989805,0.30000001192092896,0.0,0.0,0.0,0.0,1.0000000116860974e-07,1.0000000116860974e-07,0.0,0.30000001192092896,39,,,,,,,,,,,,,
,239,,,,,,,,,,,,,,,,,,,,,,,,,,,40,0.19244031608104706,1924.5211181640625,0.19244031608104706,0.2528764307498932,nan,nan,nan,0.0,0.49382713437080383,2.3907565264380537e-05,1.1969185834459495e-05,1.1938379429921042e-05,0.49382713437080383
0.004,240,,,,,,,,,,,,,,,,,,,,,,,,,,,,,,,,,,,,,,,,
,245,0.19131413102149963,1913.2593994140625,0.19131413102149963,0.29364344477653503,nan,nan,nan,0.0,0.5061728358268738,2.3316742954193614e-05,1.143795088864863e-05,1.1878791156050283e-05,0.5061728358268738,0.19139060378074646,0.19131413102149963,40.0,0.004000000189989805,0.30000001192092896,0.0,0.0,0.0,0.0,1.0000000116860974e-07,1.0000000116860974e-07,0.0,0.30000001192092896,40,,,,,,,,,,,,,
,245,,,,,,,,,,,,,,,,,,,,,,,,,,,41,0.19244004786014557,1924.5234375,0.19244004786014557,0.2572063207626343,nan,nan,nan,0.0,0.5061728358268738,2.4309605578309856e-05,1.2282228453841526e-05,1.2027373486489523e-05,0.5061728358268738
0.004,246,,,,,,,,,,,,,,,,,,,,,,,,,,,,,,,,,,,,,,,,
,251,0.19146199524402618,1914.744384765625,0.19146199524402618,0.29000669717788696,nan,nan,nan,0.0,0.5185185074806213,2.3994196453713812e-05,1.2055415936629288e-05,1.193878324556863e-05,0.5185185074806213,0.19144058227539062,0.19146199524402618,41.0,0.004000000189989805,0.30000001192092896,0.0,0.0,0.0,0.0,1.0000000116860974e-07,1.0000000116860974e-07,0.0,0.30000001192092896,41,,,,,,,,,,,,,
,251,,,,,,,,,,,,,,,,,,,,,,,,,,,42,0.1923835426568985,1923.9632568359375,0.1923835426568985,0.26021650433540344,nan,nan,nan,0.0,0.5185185074806213,2.4642315111123025e-05,1.2675499419856351e-05,1.1966813872277271e-05,0.5185185074806213
0.004,252,,,,,,,,,,,,,,,,,,,,,,,,,,,,,,,,,,,,,,,,
,257,0.19140943884849548,1914.22021484375,0.19140943884849548,0.29131993651390076,nan,nan,nan,0.0,0.5308641791343689,2.3677745048189536e-05,1.1701853509293869e-05,1.197589335788507e-05,0.5308641791343689,0.19141878187656403,0.19140943884849548,42.0,0.004000000189989805,0.30000001192092896,0.0,0.0,0.0,0.0,1.0000000116860974e-07,1.0000000116860974e-07,0.0,0.30000001192092896,42,,,,,,,,,,,,,
,257,,,,,,,,,,,,,,,,,,,,,,,,,,,43,0.19244490563869476,1924.5816650390625,0.19244490563869476,0.25860440731048584,nan,nan,nan,0.0,0.5308641791343689,2.501469134585932e-05,1.2900417459604796e-05,1.2114272976759821e-05,0.5308641791343689
0.004,258,,,,,,,,,,,,,,,,,,,,,,,,,,,,,,,,,,,,,,,,
,263,0.19141609966754913,1914.2880859375,0.19141609966754913,0.2911374270915985,nan,nan,nan,0.0,0.5432098507881165,2.3396332835545763e-05,1.1473150152596645e-05,1.1923180863959715e-05,0.5432098507881165,0.1914169043302536,0.19141609966754913,43.0,0.004000000189989805,0.30000001192092896,0.0,0.0,0.0,0.0,1.0000000116860974e-07,1.0000000116860974e-07,0.0,0.30000001192092896,43,,,,,,,,,,,,,
,263,,,,,,,,,,,,,,,,,,,,,,,,,,,44,0.19223237037658691,1922.4571533203125,0.19223237037658691,0.26637521386146545,nan,nan,nan,0.0,0.5432098507881165,2.454305467836093e-05,1.2428418813215103e-05,1.2114639503124636e-05,0.5432098507881165
0.004,264,,,,,,,,,,,,,,,,,,,,,,,,,,,,,,,,,,,,,,,,
,269,0.19117605686187744,1911.8927001953125,0.19117605686187744,0.2970113456249237,nan,nan,nan,0.0,0.5555555820465088,2.376141674176324e-05,1.1901231118827127e-05,1.1860183803946711e-05,0.5555555820465088,0.19124829769134521,0.19117605686187744,44.0,0.004000000189989805,0.30000001192092896,0.0,0.0,0.0,0.0,1.0000000116860974e-07,1.0000000116860974e-07,0.0,0.30000001192092896,44,,,,,,,,,,,,,
,269,,,,,,,,,,,,,,,,,,,,,,,,,,,45,0.19181372225284576,1918.2733154296875,0.19181372225284576,0.2642959654331207,nan,nan,nan,0.0,0.5555555820465088,2.4497014237567782e-05,1.2437490113370586e-05,1.2059522305207793e-05,0.5555555820465088
0.004,270,,,,,,,,,,,,,,,,,,,,,,,,,,,,,,,,,,,,,,,,
,275,0.19122308492660522,1912.366455078125,0.19122308492660522,0.2958328425884247,nan,nan,nan,0.0,0.5679012537002563,2.390295958321076e-05,1.1919926691916771e-05,1.1983031981799286e-05,0.5679012537002563,0.1912306547164917,0.19122308492660522,45.0,0.004000000189989805,0.30000001192092896,0.0,0.0,0.0,0.0,1.0000000116860974e-07,1.0000000116860974e-07,0.0,0.30000001192092896,45,,,,,,,,,,,,,
,275,,,,,,,,,,,,,,,,,,,,,,,,,,,46,0.19194792211055756,1919.6217041015625,0.19194792211055756,0.2625912129878998,nan,nan,nan,0.0,0.5679011940956116,2.5083849322982132e-05,1.29637228383217e-05,1.2120123756176326e-05,0.5679011940956116
0.004,276,,,,,,,,,,,,,,,,,,,,,,,,,,,,,,,,,,,,,,,,
,281,0.19151602685451508,1915.300537109375,0.19151602685451508,0.28870245814323425,nan,nan,nan,0.0,0.5802469253540039,2.4192422642954625e-05,1.200502629217226e-05,1.2187396350782365e-05,0.5802469253540039,0.19143041968345642,0.19151602685451508,46.0,0.004000000189989805,0.30000001192092896,0.0,0.0,0.0,0.0,1.0000000116860974e-07,1.0000000116860974e-07,0.0,0.30000001192092896,46,,,,,,,,,,,,,
,281,,,,,,,,,,,,,,,,,,,,,,,,,,,47,0.1923844814300537,1923.9896240234375,0.1923844814300537,0.26490074396133423,nan,nan,nan,0.0,0.5802469253540039,2.4942879463196732e-05,1.2758036064042244e-05,1.2184845218143892e-05,0.5802469253540039
0.004,282,,,,,,,,,,,,,,,,,,,,,,,,,,,,,,,,,,,,,,,,
,287,0.19145289063453674,1914.671142578125,0.19145289063453674,0.29024738073349,nan,nan,nan,0.0,0.5925925970077515,2.3979029720067047e-05,1.1914676179003436e-05,1.2064355360053014e-05,0.5925925970077515,0.19144615530967712,0.19145289063453674,47.0,0.004000000189989805,0.30000001192092896,0.0,0.0,0.0,0.0,1.0000000116860974e-07,1.0000000116860974e-07,0.0,0.30000001192092896,47,,,,,,,,,,,,,
,287,,,,,,,,,,,,,,,,,,,,,,,,,,,48,0.19186751544475555,1918.8248291015625,0.19186751544475555,0.26754462718963623,nan,nan,nan,0.0,0.5925926566123962,2.524852789065335e-05,1.2877121662313584e-05,1.2371404409350362e-05,0.5925926566123962
0.004,288,,,,,,,,,,,,,,,,,,,,,,,,,,,,,,,,,,,,,,,,
,293,0.1913686841726303,1913.835205078125,0.1913686841726303,0.29231539368629456,nan,nan,nan,0.0,0.604938268661499,2.4518041755072773e-05,1.2332844562479295e-05,1.218519810208818e-05,0.604938268661499,0.19139191508293152,0.1913686841726303,48.0,0.004000000189989805,0.30000001192092896,0.0,0.0,0.0,0.0,1.0000000116860974e-07,1.0000000116860974e-07,0.0,0.30000001192092896,48,,,,,,,,,,,,,
,293,,,,,,,,,,,,,,,,,,,,,,,,,,,49,0.19188790023326874,1919.03369140625,0.19188790023326874,0.2652323842048645,nan,nan,nan,0.0,0.604938268661499,2.5579691282473505e-05,1.3235700862423982e-05,1.2343992239038926e-05,0.604938268661499
0.004,294,,,,,,,,,,,,,,,,,,,,,,,,,,,,,,,,,,,,,,,,
,299,0.191472589969635,1914.880859375,0.191472589969635,0.28978094458580017,nan,nan,nan,0.0,0.6172839403152466,2.5121044018305838e-05,1.2983153283130378e-05,1.2137888006691355e-05,0.6172839403152466,0.191448375582695,0.191472589969635,49.0,0.004000000189989805,0.30000001192092896,0.0,0.0,0.0,0.0,1.0000000116860974e-07,1.0000000116860974e-07,0.0,0.30000001192092896,49,,,,,,,,,,,,,
,299,,,,,,,,,,,,,,,,,,,,,,,,,,,50,0.1919475942850113,1919.634765625,0.1919475942850113,0.2661171853542328,nan,nan,nan,0.0,0.6172838807106018,2.574449717940297e-05,1.3328603927220684e-05,1.241589507117169e-05,0.6172838807106018
0.004,300,,,,,,,,,,,,,,,,,,,,,,,,,,,,,,,,,,,,,,,,
,305,0.19115184247493744,1911.66943359375,0.19115184247493744,0.29758894443511963,nan,nan,nan,0.0,0.6296296119689941,2.3991888156160712e-05,1.1979136615991592e-05,1.2012750630674418e-05,0.6296296119689941,0.1912408024072647,0.19115184247493744,50.0,0.004000000189989805,0.30000001192092896,0.0,0.0,0.0,0.0,1.0000000116860974e-07,1.0000000116860974e-07,0.0,0.30000001192092896,50,,,,,,,,,,,,,
,305,,,,,,,,,,,,,,,,,,,,,,,,,,,51,0.19162322580814362,1916.3958740234375,0.19162322580814362,0.2728792130947113,nan,nan,nan,0.0,0.6296296119689941,2.595062687760219e-05,1.357412475044839e-05,1.23765030366485e-05,0.6296296119689941
0.004,306,,,,,,,,,,,,,,,,,,,,,,,,,,,,,,,,,,,,,,,,
,311,0.19123326241970062,1912.48974609375,0.19123326241970062,0.2955845296382904,nan,nan,nan,0.0,0.6419752836227417,2.445483005431015e-05,1.2382762179186102e-05,1.2072067875124048e-05,0.6419752836227417,0.1912355273962021,0.19123326241970062,51.0,0.004000000189989805,0.30000001192092896,0.0,0.0,0.0,0.0,1.0000000116860974e-07,1.0000000116860974e-07,0.0,0.30000001192092896,51,,,,,,,,,,,,,
,311,,,,,,,,,,,,,,,,,,,,,,,,,,,52,0.1915823221206665,1915.98583984375,0.1915823221206665,0.27841001749038696,nan,nan,nan,0.0,0.6419753432273865,2.5311381250503473e-05,1.2910563782497775e-05,1.2400814739521593e-05,0.6419753432273865
0.004,312,,,,,,,,,,,,,,,,,,,,,,,,,,,,,,,,,,,,,,,,
,317,0.19103725254535675,1910.5283203125,0.19103725254535675,0.30037495493888855,nan,nan,nan,0.0,0.654321014881134,2.380498881393578e-05,1.1813630408141762e-05,1.1991358405794017e-05,0.654321014881134,0.1910967379808426,0.19103725254535675,52.0,0.004000000189989805,0.30000001192092896,0.0,0.0,0.0,0.0,1.0000000116860974e-07,1.0000000116860974e-07,0.0,0.30000001192092896,52,,,,,,,,,,,,,
,317,,,,,,,,,,,,,,,,,,,,,,,,,,,53,0.1915249079465866,1915.4154052734375,0.1915249079465866,0.27465662360191345,nan,nan,nan,0.0,0.654321014881134,2.542569382057991e-05,1.3058059266768396e-05,1.2367636372800916e-05,0.654321014881134
0.004,318,,,,,,,,,,,,,,,,,,,,,,,,,,,,,,,,,,,,,,,,
,323,0.19108682870864868,1911.0328369140625,0.19108682870864868,0.29916834831237793,nan,nan,nan,0.0,0.6666666865348816,2.470175240887329e-05,1.257002804777585e-05,1.2131725270592142e-05,0.6666666865348816,0.19108980894088745,0.19108682870864868,53.0,0.004000000189989805,0.30000001192092896,0.0,0.0,0.0,0.0,1.0000000116860974e-07,1.0000000116860974e-07,0.0,0.30000001192092896,53,,,,,,,,,,,,,
,323,,,,,,,,,,,,,,,,,,,,,,,,,,,54,0.1915092021226883,1915.26123046875,0.1915092021226883,0.27692970633506775,nan,nan,nan,0.0,0.6666666865348816,2.5342151275253855e-05,1.2943186447955668e-05,1.2398963008308783e-05,0.6666666865348816
0.004,324,,,,,,,,,,,,,,,,,,,,,,,,,,,,,,,,,,,,,,,,
,329,0.19068382680416107,1907.000244140625,0.19068382680416107,0.30900827050209045,nan,nan,nan,0.0,0.6790123581886292,2.384949038969353e-05,1.187575799121987e-05,1.1973732398473658e-05,0.6790123581886292,0.1908056139945984,0.19068382680416107,54.0,0.004000000189989805,0.30000001192092896,0.0,0.0,0.0,0.0,1.0000000116860974e-07,1.0000000116860974e-07,0.0,0.30000001192092896,54,,,,,,,,,,,,,
,329,,,,,,,,,,,,,,,,,,,,,,,,,,,55,0.1914215087890625,1914.3878173828125,0.1914215087890625,0.27968665957450867,nan,nan,nan,0.0,0.6790123581886292,2.5440758690820076e-05,1.3122920790920034e-05,1.2317839718889445e-05,0.6790123581886292
0.004,330,,,,,,,,,,,,,,,,,,,,,,,,,,,,,,,,,,,,,,,,
,335,0.19075408577919006,1907.7103271484375,0.19075408577919006,0.307250440120697,nan,nan,nan,0.0,0.6913580298423767,2.4547473003622144e-05,1.2438477824616712e-05,1.2108995179005433e-05,0.6913580298423767,0.19076955318450928,0.19075408577919006,55.0,0.004000000189989805,0.30000001192092896,0.0,0.0,0.0,0.0,1.0000000116860974e-07,1.0000000116860974e-07,0.0,0.30000001192092896,55,,,,,,,,,,,,,
,335,,,,,,,,,,,,,,,,,,,,,,,,,,,56,0.19133025407791138,1913.4761962890625,0.19133025407791138,0.2874389588832855,nan,nan,nan,0.0,0.6913580298423767,2.510972808522638e-05,1.2872787920059636e-05,1.2236941074661445e-05,0.6913580298423767
0.004,336,,,,,,,,,,,,,,,,,,,,,,,,,,,,,,,,,,,,,,,,
,341,0.19078341126441956,1908.0113525390625,0.19078341126441956,0.306570440530777,nan,nan,nan,0.0,0.7037037014961243,2.5207116777892224e-05,1.3127993042871822e-05,1.2079121916031e-05,0.7037037014961243,0.19077923893928528,0.19078341126441956,56.0,0.004000000189989805,0.30000001192092896,0.0,0.0,0.0,0.0,1.0000000116860974e-07,1.0000000116860974e-07,0.0,0.30000001192092896,56,,,,,,,,,,,,,
,341,,,,,,,,,,,,,,,,,,,,,,,,,,,57,0.1908467561006546,1908.6514892578125,0.1908467561006546,0.2841850817203522,nan,nan,nan,0.0,0.7037037014961243,2.615856828924734e-05,1.3746451259066816e-05,1.2412117939675227e-05,0.7037037014961243
0.004,342,,,,,,,,,,,,,,,,,,,,,,,,,,,,,,,,,,,,,,,,
,347,0.1906989961862564,1907.16552734375,0.1906989961862564,0.30861276388168335,nan,nan,nan,0.0,0.7160493731498718,2.4489751012879424e-05,1.245053772436222e-05,1.20392114695278e-05,0.7160493731498718,0.19072306156158447,0.1906989961862564,57.0,0.004000000189989805,0.30000001192092896,0.0,0.0,0.0,0.0,1.0000000116860974e-07,1.0000000116860974e-07,0.0,0.30000001192092896,57,,,,,,,,,,,,,
,347,,,,,,,,,,,,,,,,,,,,,,,,,,,58,0.19115857779979706,1911.7725830078125,0.19115857779979706,0.2867386043071747,nan,nan,nan,0.0,0.7160493731498718,2.6097739464603364e-05,1.3676836715603713e-05,1.2420902748999652e-05,0.7160493731498718
0.004,348,,,,,,,,,,,,,,,,,,,,,,,,,,,,,,,,,,,,,,,,
,353,0.1912299543619156,1912.4791259765625,0.1912299543619156,0.29568928480148315,nan,nan,nan,0.0,0.7283950448036194,2.4666091121616773e-05,1.2469809917092789e-05,1.2196281204523984e-05,0.7283950448036194,0.19107788801193237,0.1912299543619156,58.0,0.004000000189989805,0.30000001192092896,0.0,0.0,0.0,0.0,1.0000000116860974e-07,1.0000000116860974e-07,0.0,0.30000001192092896,58,,,,,,,,,,,,,
,353,,,,,,,,,,,,,,,,,,,,,,,,,,,59,0.19134987890720367,1913.6856689453125,0.19134987890720367,0.2859053909778595,nan,nan,nan,0.0,0.7283950448036194,2.5644840206950903e-05,1.3198860870033968e-05,1.2445980246411636e-05,0.7283950448036194
0.004,354,,,,,,,,,,,,,,,,,,,,,,,,,,,,,,,,,,,,,,,,
,359,0.1907326877117157,1907.508544921875,0.1907326877117157,0.30777326226234436,nan,nan,nan,0.0,0.7407407164573669,2.451110049150884e-05,1.2525308193289675e-05,1.1985791388724465e-05,0.7407407164573669,0.19083625078201294,0.1907326877117157,59.0,0.004000000189989805,0.30000001192092896,0.0,0.0,0.0,0.0,1.0000000116860974e-07,1.0000000116860974e-07,0.0,0.30000001192092896,59,,,,,,,,,,,,,
,359,,,,,,,,,,,,,,,,,,,,,,,,,,,60,0.19186019897460938,1918.7906494140625,0.19186019897460938,0.2793389558792114,nan,nan,nan,0.0,0.7407407164573669,2.5465351427556016e-05,1.3106578990118578e-05,1.235877334693214e-05,0.7407407164573669
0.004,360,,,,,,,,,,,,,,,,,,,,,,,,,,,,,,,,,,,,,,,,
,365,0.19075296819210052,1907.7152099609375,0.19075296819210052,0.30725255608558655,nan,nan,nan,0.0,0.7530864477157593,2.4642627977300435e-05,1.2797886483895127e-05,1.1844740583910607e-05,0.7530864477157593,0.1907779425382614,0.19075296819210052,60.0,0.004000000189989805,0.30000001192092896,0.0,0.0,0.0,0.0,1.0000000116860974e-07,1.0000000116860974e-07,0.0,0.30000001192092896,60,,,,,,,,,,,,,
,365,,,,,,,,,,,,,,,,,,,,,,,,,,,61,0.19138294458389282,1914.0281982421875,0.19138294458389282,0.2865978181362152,nan,nan,nan,0.0,0.753086507320404,2.6371069907327183e-05,1.4059977729630191e-05,1.2311092177696992e-05,0.753086507320404
0.004,366,,,,,,,,,,,,,,,,,,,,,,,,,,,,,,,,,,,,,,,,
,371,0.1906374990940094,1906.5638427734375,0.1906374990940094,0.31010517477989197,nan,nan,nan,0.0,0.7654321193695068,2.467735430400353e-05,1.2901648005936295e-05,1.1775707207561936e-05,0.7654321193695068,0.1906796395778656,0.1906374990940094,61.0,0.004000000189989805,0.30000001192092896,0.0,0.0,0.0,0.0,1.0000000116860974e-07,1.0000000116860974e-07,0.0,0.30000001192092896,61,,,,,,,,,,,,,
,371,,,,,,,,,,,,,,,,,,,,,,,,,,,62,0.19078944623470306,1908.0909423828125,0.19078944623470306,0.2878407835960388,nan,nan,nan,0.0,0.7654321193695068,2.5676230507087894e-05,1.3518353625840973e-05,1.215787688124692e-05,0.7654321193695068
0.004,372,,,,,,,,,,,,,,,,,,,,,,,,,,,,,,,,,,,,,,,,
,377,0.19078049063682556,1907.989501953125,0.19078049063682556,0.3065878748893738,nan,nan,nan,0.0,0.7777777910232544,2.3723938284092583e-05,1.2035452527925372e-05,1.1688486665661912e-05,0.7777777910232544,0.19075022637844086,0.19078049063682556,62.0,0.004000000189989805,0.30000001192092896,0.0,0.0,0.0,0.0,1.0000000116860974e-07,1.0000000116860974e-07,0.0,0.30000001192092896,62,,,,,,,,,,,,,
,377,,,,,,,,,,,,,,,,,,,,,,,,,,,63,0.1906975954771042,1907.1749267578125,0.1906975954771042,0.2915804982185364,nan,nan,nan,0.0,0.7777777314186096,2.559622225817293e-05,1.3522038898372557e-05,1.2074185178789776e-05,0.7777777314186096
0.004,378,,,,,,,,,,,,,,,,,,,,,,,,,,,,,,,,,,,,,,,,
,383,0.19067564606666565,1906.95361328125,0.19067564606666565,0.30917108058929443,nan,nan,nan,0.0,0.790123462677002,2.4953269530669786e-05,1.3237575331004336e-05,1.171569419966545e-05,0.790123462677002,0.1906980276107788,0.19067564606666565,63.0,0.004000000189989805,0.30000001192092896,0.0,0.0,0.0,0.0,1.0000000116860974e-07,1.0000000116860974e-07,0.0,0.30000001192092896,63,,,,,,,,,,,,,
,383,,,,,,,,,,,,,,,,,,,,,,,,,,,64,0.1910586804151535,1910.78857421875,0.1910586804151535,0.28860291838645935,nan,nan,nan,0.0,0.790123462677002,2.551798570493702e-05,1.3522624612960499e-05,1.199536109197652e-05,0.790123462677002
0.004,384,,,,,,,,,,,,,,,,,,,,,,,,,,,,,,,,,,,,,,,,
,389,0.19041170179843903,1904.31396484375,0.19041170179843903,0.3155854642391205,nan,nan,nan,0.0,0.8024691343307495,2.455312460369896e-05,1.2737358701997437e-05,1.1815764992206823e-05,0.8024691343307495,0.19049760699272156,0.19041170179843903,64.0,0.004000000189989805,0.30000001192092896,0.0,0.0,0.0,0.0,1.0000000116860974e-07,1.0000000116860974e-07,0.0,0.30000001192092896,64,,,,,,,,,,,,,
,389,,,,,,,,,,,,,,,,,,,,,,,,,,,65,0.1908521205186844,1908.7296142578125,0.1908521205186844,0.29276421666145325,nan,nan,nan,0.0,0.8024691939353943,2.59845928667346e-05,1.3813066289003473e-05,1.217152748722583e-05,0.8024691939353943
0.004,390,,,,,,,,,,,,,,,,,,,,,,,,,,,,,,,,,,,,,,,,
,395,0.1907082349061966,1907.2786865234375,0.1907082349061966,0.308407187461853,nan,nan,nan,0.0,0.8148148059844971,2.410736669844482e-05,1.2254907233000267e-05,1.1852458555949852e-05,0.8148148059844971,0.1906450390815735,0.1907082349061966,65.0,0.004000000189989805,0.30000001192092896,0.0,0.0,0.0,0.0,1.0000000116860974e-07,1.0000000116860974e-07,0.0,0.30000001192092896,65,,,,,,,,,,,,,
,395,,,,,,,,,,,,,,,,,,,,,,,,,,,66,0.1909622699022293,1909.8328857421875,0.1909622699022293,0.2912949025630951,nan,nan,nan,0.0,0.8148147463798523,2.5790279323700815e-05,1.349116882920498e-05,1.2299110494495835e-05,0.8148147463798523
0.004,396,,,,,,,,,,,,,,,,,,,,,,,,,,,,,,,,,,,,,,,,
,401,0.19039084017276764,1904.104736328125,0.19039084017276764,0.31611010432243347,nan,nan,nan,0.0,0.8271604776382446,2.3752152628730983e-05,1.1953468856518157e-05,1.1798681953223422e-05,0.8271604776382446,0.19046710431575775,0.19039084017276764,66.0,0.004000000189989805,0.30000001192092896,0.0,0.0,0.0,0.0,1.0000000116860974e-07,1.0000000116860974e-07,0.0,0.30000001192092896,66,,,,,,,,,,,,,
,401,,,,,,,,,,,,,,,,,,,,,,,,,,,67,0.19103066623210907,1910.5146484375,0.19103066623210907,0.2940402030944824,nan,nan,nan,0.0,0.8271604180335999,2.5144225219264627e-05,1.283397159568267e-05,1.2310253623581957e-05,0.8271604180335999
0.004,402,,,,,,,,,,,,,,,,,,,,,,,,,,,,,,,,,,,,,,,,
,407,0.19041675329208374,1904.37548828125,0.19041675329208374,0.3154815137386322,nan,nan,nan,0.0,0.8395061492919922,2.4759954612818547e-05,1.2809062354790512e-05,1.195089043903863e-05,0.8395061492919922,0.1904318630695343,0.19041675329208374,67.0,0.004000000189989805,0.30000001192092896,0.0,0.0,0.0,0.0,1.0000000116860974e-07,1.0000000116860974e-07,0.0,0.30000001192092896,67,,,,,,,,,,,,,
,407,,,,,,,,,,,,,,,,,,,,,,,,,,,68,0.190939798951149,1909.6134033203125,0.190939798951149,0.2963344156742096,nan,nan,nan,0.0,0.8395061492919922,2.566389048297424e-05,1.333444015472196e-05,1.2329452147241682e-05,0.8395061492919922
0.004,408,,,,,,,,,,,,,,,,,,,,,,,,,,,,,,,,,,,,,,,,
,413,0.19030767679214478,1903.28662109375,0.19030767679214478,0.31814491748809814,nan,nan,nan,0.0,0.8518518805503845,2.4623421268188395e-05,1.2760880053974688e-05,1.1862541214213707e-05,0.8518518805503845,0.1903449296951294,0.19030767679214478,68.0,0.004000000189989805,0.30000001192092896,0.0,0.0,0.0,0.0,1.0000000116860974e-07,1.0000000116860974e-07,0.0,0.30000001192092896,68,,,,,,,,,,,,,
,413,,,,,,,,,,,,,,,,,,,,,,,,,,,69,0.19070862233638763,1907.30712890625,0.19070862233638763,0.29909977316856384,nan,nan,nan,0.0,0.8518518805503845,2.5957851903513074e-05,1.3570309420174453e-05,1.2387543392833322e-05,0.8518518805503845
0.004,414,,,,,,,,,,,,,,,,,,,,,,,,,,,,,,,,,,,,,,,,
,419,0.19035382568836212,1903.74951171875,0.19035382568836212,0.3170258104801178,nan,nan,nan,0.0,0.8641975522041321,2.445551763230469e-05,1.271949258807581e-05,1.1736023225239478e-05,0.8641975522041321,0.19035115838050842,0.19035382568836212,69.0,0.004000000189989805,0.30000001192092896,0.0,0.0,0.0,0.0,1.0000000116860974e-07,1.0000000116860974e-07,0.0,0.30000001192092896,69,,,,,,,,,,,,,
,419,,,,,,,,,,,,,,,,,,,,,,,,,,,70,0.19058261811733246,1906.0517578125,0.19058261811733246,0.2983664572238922,nan,nan,nan,0.0,0.8641975522041321,2.6092036932823248e-05,1.3743238923780154e-05,1.2348798009043094e-05,0.8641975522041321
0.004,420,,,,,,,,,,,,,,,,,,,,,,,,,,,,,,,,,,,,,,,,
,425,0.19036485254764557,1903.8624267578125,0.19036485254764557,0.316689133644104,nan,nan,nan,0.0,0.8765432238578796,2.4414979634457268e-05,1.2781751138390973e-05,1.1633228496066295e-05,0.8765432238578796,0.19036073982715607,0.19036485254764557,70.0,0.004000000189989805,0.30000001192092896,0.0,0.0,0.0,0.0,1.0000000116860974e-07,1.0000000116860974e-07,0.0,0.30000001192092896,70,,,,,,,,,,,,,
,425,,,,,,,,,,,,,,,,,,,,,,,,,,,71,0.19102567434310913,1910.4830322265625,0.19102567434310913,0.2966249883174896,nan,nan,nan,0.0,0.8765432238578796,2.5804192773648538e-05,1.3604582818516064e-05,1.2199609955132473e-05,0.8765432238578796
0.004,426,,,,,,,,,,,,,,,,,,,,,,,,,,,,,,,,,,,,,,,,
,431,0.19036655128002167,1903.8858642578125,0.19036655128002167,0.31667956709861755,nan,nan,nan,0.0,0.8888888955116272,2.478662099747453e-05,1.315591453021625e-05,1.1630708286247682e-05,0.8888888955116272,0.190364807844162,0.19036655128002167,71.0,0.004000000189989805,0.30000001192092896,0.0,0.0,0.0,0.0,1.0000000116860974e-07,1.0000000116860974e-07,0.0,0.30000001192092896,71,,,,,,,,,,,,,
,431,,,,,,,,,,,,,,,,,,,,,,,,,,,72,0.1907559186220169,1907.7916259765625,0.1907559186220169,0.2981198728084564,nan,nan,nan,0.0,0.8888888955116272,2.6167768737650476e-05,1.3725547432841267e-05,1.2442218576325104e-05,0.8888888955116272
0.004,432,,,,,,,,,,,,,,,,,,,,,,,,,,,,,,,,,,,,,,,,
,437,0.19023796916007996,1902.6025390625,0.19023796916007996,0.31983283162117004,nan,nan,nan,0.0,0.9012345671653748,2.471578773111105e-05,1.3024580766796134e-05,1.1691207873809617e-05,0.9012345671653748,0.19027602672576904,0.19023796916007996,72.0,0.004000000189989805,0.30000001192092896,0.0,0.0,0.0,0.0,1.0000000116860974e-07,1.0000000116860974e-07,0.0,0.30000001192092896,72,,,,,,,,,,,,,
,437,,,,,,,,,,,,,,,,,,,,,,,,,,,73,0.1907164305448532,1907.4019775390625,0.1907164305448532,0.3020516633987427,nan,nan,nan,0.0,0.9012345671653748,2.6371644707978703e-05,1.3963538549432997e-05,1.2408104339556303e-05,0.9012345671653748
0.004,438,,,,,,,,,,,,,,,,,,,,,,,,,,,,,,,,,,,,,,,,
,443,0.19022111594676971,1902.4366455078125,0.19022111594676971,0.320243775844574,nan,nan,nan,0.0,0.9135802984237671,2.4685599782969803e-05,1.3139807379047852e-05,1.1545791494427249e-05,0.9135802984237671,0.19023758172988892,0.19022111594676971,73.0,0.004000000189989805,0.30000001192092896,0.0,0.0,0.0,0.0,1.0000000116860974e-07,1.0000000116860974e-07,0.0,0.30000001192092896,73,,,,,,,,,,,,,
,443,,,,,,,,,,,,,,,,,,,,,,,,,,,74,0.19011349976062775,1901.375,0.19011349976062775,0.3025553524494171,nan,nan,nan,0.0,0.9135802388191223,2.6269408408552408e-05,1.4084682334214449e-05,1.2184726983832661e-05,0.9135802388191223
0.004,444,,,,,,,,,,,,,,,,,,,,,,,,,,,,,,,,,,,,,,,,
,449,0.19020886719226837,1902.31640625,0.19020886719226837,0.32051679491996765,nan,nan,nan,0.0,0.9259258508682251,2.461635995132383e-05,1.313190114160534e-05,1.1484457900223788e-05,0.9259258508682251,0.1902174949645996,0.19020886719226837,74.0,0.004000000189989805,0.30000001192092896,0.0,0.0,0.0,0.0,1.0000000116860974e-07,1.0000000116860974e-07,0.0,0.30000001192092896,74,,,,,,,,,,,,,
,449,,,,,,,,,,,,,,,,,,,,,,,,,,,75,0.1903461366891861,1903.7021484375,0.1903461366891861,0.3057797849178314,nan,nan,nan,0.0,0.9259259104728699,2.5979834390454926e-05,1.3857770682079718e-05,1.2122062798880506e-05,0.9259259104728699
0.004,450,,,,,,,,,,,,,,,,,,,,,,,,,,,,,,,,,,,,,,,,
,455,0.19023673236370087,1902.594970703125,0.19023673236370087,0.31986358761787415,nan,nan,nan,0.0,0.9382715821266174,2.4231112547568046e-05,1.2723224244837184e-05,1.150788739323616e-05,0.9382715821266174,0.19023096561431885,0.19023673236370087,75.0,0.004000000189989805,0.30000001192092896,0.0,0.0,0.0,0.0,1.0000000116860974e-07,1.0000000116860974e-07,0.0,0.30000001192092896,75,,,,,,,,,,,,,
,455,,,,,,,,,,,,,,,,,,,,,,,,,,,76,0.19017817080020905,1902.0267333984375,0.19017817080020905,0.30915531516075134,nan,nan,nan,0.0,0.9382715821266174,2.6094245185959153e-05,1.3890371519664768e-05,1.2203873666294385e-05,0.9382715821266174
0.004,456,,,,,,,,,,,,,,,,,,,,,,,,,,,,,,,,,,,,,,,,
,461,0.19009721279144287,1901.205810546875,0.19009721279144287,0.32324230670928955,nan,nan,nan,0.0,0.9506173729896545,2.4568686058046296e-05,1.2956567843502853e-05,1.1612119124038145e-05,0.9506173729896545,0.1901373267173767,0.19009721279144287,76.0,0.004000000189989805,0.30000001192092896,0.0,0.0,0.0,0.0,1.0000000116860974e-07,1.0000000116860974e-07,0.0,0.30000001192092896,76,,,,,,,,,,,,,
,461,,,,,,,,,,,,,,,,,,,,,,,,,,,77,0.19001150131225586,1900.3607177734375,0.19001150131225586,0.30776652693748474,nan,nan,nan,0.0,0.9506173133850098,2.5843508410616778e-05,1.3698444490728434e-05,1.214506210089894e-05,0.9506173133850098
0.004,462,,,,,,,,,,,,,,,,,,,,,,,,,,,,,,,,,,,,,,,,
,467,0.190190389752388,1902.1456298828125,0.190190389752388,0.3209908902645111,nan,nan,nan,0.0,0.9629629254341125,2.5115652533713728e-05,1.355841141048586e-05,1.155724203272257e-05,0.9629629254341125,0.19017447531223297,0.190190389752388,77.0,0.004000000189989805,0.30000001192092896,0.0,0.0,0.0,0.0,1.0000000116860974e-07,1.0000000116860974e-07,0.0,0.30000001192092896,77,,,,,,,,,,,,,
,467,,,,,,,,,,,,,,,,,,,,,,,,,,,78,0.1901075690984726,1901.3284912109375,0.1901075690984726,0.31139785051345825,nan,nan,nan,0.0,0.9629630446434021,2.6249041184200905e-05,1.4124918379820883e-05,1.2124123713874724e-05,0.9629630446434021
0.004,468,,,,,,,,,,,,,,,,,,,,,,,,,,,,,,,,,,,,,,,,
,473,0.19032396376132965,1903.4847412109375,0.19032396376132965,0.3177385628223419,nan,nan,nan,0.0,0.9753085970878601,2.515083360776771e-05,1.3866468179912772e-05,1.1284364518360235e-05,0.9753085970878601,0.19027911126613617,0.19032396376132965,78.0,0.004000000189989805,0.30000001192092896,0.0,0.0,0.0,0.0,1.0000000116860974e-07,1.0000000116860974e-07,0.0,0.30000001192092896,78,,,,,,,,,,,,,
,473,,,,,,,,,,,,,,,,,,,,,,,,,,,79,0.19001315534114838,1900.3890380859375,0.19001315534114838,0.3073858916759491,nan,nan,nan,0.0,0.9753085970878601,2.6410591090098023e-05,1.4418027603824157e-05,1.1992563486273866e-05,0.9753085970878601
0.004,474,,,,,,,,,,,,,,,,,,,,,,,,,,,,,,,,,,,,,,,,
,479,0.19003801047801971,1900.62060546875,0.19003801047801971,0.3246634900569916,nan,nan,nan,0.0,0.9876543283462524,2.434320231259335e-05,1.2919432265334763e-05,1.142377186624799e-05,0.9876543283462524,0.19011034071445465,0.19003801047801971,79.0,0.004000000189989805,0.30000001192092896,0.0,0.0,0.0,0.0,1.0000000116860974e-07,1.0000000116860974e-07,0.0,0.30000001192092896,79,,,,,,,,,,,,,
,479,,,,,,,,,,,,,,,,,,,,,,,,,,,80,0.19018839299678802,1902.1439208984375,0.19018839299678802,0.3125137984752655,nan,nan,nan,0.0,0.9876542687416077,2.6304478524252772e-05,1.4284269127529114e-05,1.2020209396723658e-05,0.9876542687416077
0.004,480,,,,,,,,,,,,,,,,,,,,,,,,,,,,,,,,,,,,,,,,
,485,0.19034285843372345,1903.6746826171875,0.19034285843372345,0.3172259032726288,nan,nan,nan,0.0,1.0,2.461129770381376e-05,1.3113425666233525e-05,1.1497872037580237e-05,1.0,0.19027310609817505,0.19034285843372345,80.0,0.004000000189989805,0.30000001192092896,0.0,0.0,0.0,0.0,1.0000000116860974e-07,1.0000000116860974e-07,0.0,0.30000001192092896,80,,,,,,,,,,,,,
,485,,,,,,,,,,,,,,,,,,,,,,,,,,,81,0.19012613594532013,1901.521484375,0.19012613594532013,0.31042301654815674,nan,nan,nan,0.0,1.0,2.6016488845925778e-05,1.3834214769303799e-05,1.2182274986116681e-05,1.0
0.004,486,,,,,,,,,,,,,,,,,,,,,,,,,,,,,,,,,,,,,,,,
,491,0.1901879459619522,1902.1256103515625,0.1901879459619522,0.3210262060165405,nan,nan,nan,0.0,1.0,2.4619886971777305e-05,1.3305447282618843e-05,1.131443877966376e-05,1.0,0.19021350145339966,0.1901879459619522,81.0,0.004000000189989805,0.30000001192092896,0.0,0.0,0.0,0.0,1.0000000116860974e-07,1.0000000116860974e-07,0.0,0.30000001192092896,81,,,,,,,,,,,,,
,491,,,,,,,,,,,,,,,,,,,,,,,,,,,82,0.19035916030406952,1903.853515625,0.19035916030406952,0.30720213055610657,nan,nan,nan,0.0,1.0,2.6205401809420437e-05,1.408364641974913e-05,1.2121756299166009e-05,1.0
0.004,492,,,,,,,,,,,,,,,,,,,,,,,,,,,,,,,,,,,,,,,,
,497,0.19022363424301147,1902.483642578125,0.19022363424301147,0.3201799690723419,nan,nan,nan,0.0,1.0,2.473449603712652e-05,1.335180422756821e-05,1.1382693628547713e-05,1.0,0.19022059440612793,0.19022363424301147,82.0,0.004000000189989805,0.30000001192092896,0.0,0.0,0.0,0.0,1.0000000116860974e-07,1.0000000116860974e-07,0.0,0.30000001192092896,82,,,,,,,,,,,,,
,497,,,,,,,,,,,,,,,,,,,,,,,,,,,83,0.19038884341716766,1904.15087890625,0.19038884341716766,0.30766335129737854,nan,nan,nan,0.0,1.0,2.6252979296259582e-05,1.4205197658156976e-05,1.2047784366586711e-05,1.0
0.004,498,,,,,,,,,,,,,,,,,,,,,,,,,,,,,,,,,,,,,,,,
,503,0.1900435835123062,1900.68603515625,0.1900435835123062,0.324504017829895,nan,nan,nan,0.0,1.0,2.5010825993376784e-05,1.375396823277697e-05,1.1256858670094516e-05,1.0,0.1900966763496399,0.1900435835123062,83.0,0.004000000189989805,0.30000001192092896,0.0,0.0,0.0,0.0,1.0000000116860974e-07,1.0000000116860974e-07,0.0,0.30000001192092896,83,,,,,,,,,,,,,
,503,,,,,,,,,,,,,,,,,,,,,,,,,,,84,0.18979616463184357,1898.22607421875,0.18979616463184357,0.31216445565223694,nan,nan,nan,0.0,1.0,2.6453286409378052e-05,1.4387404917215463e-05,1.2065880582667887e-05,1.0
0.004,504,,,,,,,,,,,,,,,,,,,,,,,,,,,,,,,,,,,,,,,,
,509,0.1901966631412506,1902.2164306640625,0.1901966631412506,0.32081079483032227,nan,nan,nan,0.0,1.0,2.5008470402099192e-05,1.3556358680943958e-05,1.145210990216583e-05,1.0,0.1901666671037674,0.1901966631412506,84.0,0.004000000189989805,0.30000001192092896,0.0,0.0,0.0,0.0,1.0000000116860974e-07,1.0000000116860974e-07,0.0,0.30000001192092896,84,,,,,,,,,,,,,
,509,,,,,,,,,,,,,,,,,,,,,,,,,,,85,0.1901809126138687,1902.0770263671875,0.1901809126138687,0.3120606243610382,nan,nan,nan,0.0,1.0,2.677262637007516e-05,1.4614874089602381e-05,1.2157751370978076e-05,1.0
0.004,510,,,,,,,,,,,,,,,,,,,,,,,,,,,,,,,,,,,,,,,,
,515,0.1902475208044052,1902.7271728515625,0.1902475208044052,0.31959569454193115,nan,nan,nan,0.0,1.0,2.518091059755534e-05,1.3468497854773887e-05,1.1712413652276155e-05,1.0,0.19022326171398163,0.1902475208044052,85.0,0.004000000189989805,0.30000001192092896,0.0,0.0,0.0,0.0,1.0000000116860974e-07,1.0000000116860974e-07,0.0,0.30000001192092896,85,,,,,,,,,,,,,
,515,,,,,,,,,,,,,,,,,,,,,,,,,,,86,0.19016613066196442,1901.9310302734375,0.19016613066196442,0.3119671642780304,nan,nan,nan,0.0,1.0,2.6964304197463207e-05,1.4529771760862786e-05,1.2434531527105719e-05,1.0
0.004,516,,,,,,,,,,,,,,,,,,,,,,,,,,,,,,,,,,,,,,,,
,521,0.19022057950496674,1902.45751953125,0.19022057950496674,0.3202231228351593,nan,nan,nan,0.0,1.0,2.517945904401131e-05,1.3655324437422678e-05,1.1524135516083334e-05,1.0,0.1902213841676712,0.19022057950496674,86.0,0.004000000189989805,0.30000001192092896,0.0,0.0,0.0,0.0,1.0000000116860974e-07,1.0000000116860974e-07,0.0,0.30000001192092896,86,,,,,,,,,,,,,
,521,,,,,,,,,,,,,,,,,,,,,,,,,,,87,0.18984723091125488,1898.73779296875,0.18984723091125488,0.3119373023509979,nan,nan,nan,0.0,1.0,2.6547591915004887e-05,1.4118778381089214e-05,1.242881262442097e-05,1.0
0.004,522,,,,,,,,,,,,,,,,,,,,,,,,,,,,,,,,,,,,,,,,
,527,0.1899237036705017,1899.4945068359375,0.1899237036705017,0.32747015357017517,nan,nan,nan,0.0,1.0,2.5764547899598256e-05,1.4174705029290635e-05,1.1589840141823515e-05,1.0,0.19001302123069763,0.1899237036705017,87.0,0.004000000189989805,0.30000001192092896,0.0,0.0,0.0,0.0,1.0000000116860974e-07,1.0000000116860974e-07,0.0,0.30000001192092896,87,,,,,,,,,,,,,
,527,,,,,,,,,,,,,,,,,,,,,,,,,,,88,0.18994037806987762,1899.6734619140625,0.18994037806987762,0.31367024779319763,nan,nan,nan,0.0,1.0,2.6972049454343505e-05,1.4603153431380633e-05,1.2368894203973468e-05,1.0
0.004,528,,,,,,,,,,,,,,,,,,,,,,,,,,,,,,,,,,,,,,,,
,533,0.19007964432239532,1901.0496826171875,0.19007964432239532,0.323642373085022,nan,nan,nan,0.0,1.0,2.5347077098558657e-05,1.397070172970416e-05,1.1376374459359795e-05,1.0,0.19005966186523438,0.19007964432239532,88.0,0.004000000189989805,0.30000001192092896,0.0,0.0,0.0,0.0,1.0000000116860974e-07,1.0000000116860974e-07,0.0,0.30000001192092896,88,,,,,,,,,,,,,
,533,,,,,,,,,,,,,,,,,,,,,,,,,,,89,0.19051609933376312,1905.43603515625,0.19051609933376312,0.312456876039505,nan,nan,nan,0.0,1.0,2.750395105977077e-05,1.5192544196906965e-05,1.2311406862863805e-05,1.0
0.004,534,,,,,,,,,,,,,,,,,,,,,,,,,,,,,,,,,,,,,,,,
,539,0.19004188477993011,1900.6685791015625,0.19004188477993011,0.32454684376716614,nan,nan,nan,0.0,1.0,2.4959028451121412e-05,1.361005433864193e-05,1.134897320298478e-05,1.0,0.19004720449447632,0.19004188477993011,89.0,0.004000000189989805,0.30000001192092896,0.0,0.0,0.0,0.0,1.0000000116860974e-07,1.0000000116860974e-07,0.0,0.30000001192092896,89,,,,,,,,,,,,,
,539,,,,,,,,,,,,,,,,,,,,,,,,,,,90,0.18977749347686768,1898.04248046875,0.18977749347686768,0.31653034687042236,nan,nan,nan,0.0,1.0,2.6741710826172493e-05,1.451241405447945e-05,1.2229295862198342e-05,1.0
0.004,540,,,,,,,,,,,,,,,,,,,,,,,,,,,,,,,,,,,,,,,,
,545,0.19010567665100098,1901.3072509765625,0.19010567665100098,0.323050320148468,nan,nan,nan,0.0,1.0,2.5028852178365923e-05,1.3648749700223561e-05,1.1380103387637064e-05,1.0,0.19008813798427582,0.19010567665100098,90.0,0.004000000189989805,0.30000001192092896,0.0,0.0,0.0,0.0,1.0000000116860974e-07,1.0000000116860974e-07,0.0,0.30000001192092896,90,,,,,,,,,,,,,
,545,,,,,,,,,,,,,,,,,,,,,,,,,,,91,0.1899247020483017,1899.5145263671875,0.1899247020483017,0.31339624524116516,nan,nan,nan,0.0,1.0,2.675852010725066e-05,1.4442456631513778e-05,1.2316063475736883e-05,1.0
0.004,546,,,,,,,,,,,,,,,,,,,,,,,,,,,,,,,,,,,,,,,,
,551,0.19010911881923676,1901.3358154296875,0.19010911881923676,0.3229387402534485,nan,nan,nan,0.0,1.0,2.4458780899294652e-05,1.2964247616764624e-05,1.1494532373035327e-05,1.0,0.19010283052921295,0.19010911881923676,91.0,0.004000000189989805,0.30000001192092896,0.0,0.0,0.0,0.0,1.0000000116860974e-07,1.0000000116860974e-07,0.0,0.30000001192092896,91,,,,,,,,,,,,,
,551,,,,,,,,,,,,,,,,,,,,,,,,,,,92,0.18991291522979736,1899.3912353515625,0.18991291522979736,0.3179512917995453,nan,nan,nan,0.0,1.0,2.620873237901833e-05,1.3846344700141344e-05,1.2362386769382283e-05,1.0
0.004,552,,,,,,,,,,,,,,,,,,,,,,,,,,,,,,,,,,,,,,,,
,557,0.1898544877767563,1898.798583984375,0.1898544877767563,0.3291328251361847,nan,nan,nan,0.0,1.0,2.537867294449825e-05,1.3729404599871486e-05,1.1649268344626762e-05,1.0,0.18992899358272552,0.1898544877767563,92.0,0.004000000189989805,0.30000001192092896,0.0,0.0,0.0,0.0,1.0000000116860974e-07,1.0000000116860974e-07,0.0,0.30000001192092896,92,,,,,,,,,,,,,
,557,,,,,,,,,,,,,,,,,,,,,,,,,,,93,0.1898706704378128,1898.97314453125,0.1898706704378128,0.3185079097747803,nan,nan,nan,0.0,1.0,2.6637526389095e-05,1.4171423572406638e-05,1.2466102816688363e-05,1.0
0.004,558,,,,,,,,,,,,,,,,,,,,,,,,,,,,,,,,,,,,,,,,
,563,0.19002093374729156,1900.4622802734375,0.19002093374729156,0.3250840902328491,nan,nan,nan,0.0,1.0,2.529514858906623e-05,1.3614166164188646e-05,1.1680981515382882e-05,1.0,0.18999335169792175,0.19002093374729156,93.0,0.004000000189989805,0.30000001192092896,0.0,0.0,0.0,0.0,1.0000000116860974e-07,1.0000000116860974e-07,0.0,0.30000001192092896,93,,,,,,,,,,,,,
,563,,,,,,,,,,,,,,,,,,,,,,,,,,,94,0.18985503911972046,1898.8209228515625,0.18985503911972046,0.31814828515052795,nan,nan,nan,0.0,1.0,2.705046790651977e-05,1.4670167729491368e-05,1.2380300177028403e-05,1.0
0.004,564,,,,,,,,,,,,,,,,,,,,,,,,,,,,,,,,,,,,,,,,
,569,0.19001828134059906,1900.4375,0.19001828134059906,0.3251529335975647,nan,nan,nan,0.0,1.0,2.545668940001633e-05,1.3654670510732103e-05,1.1802017070294823e-05,1.0,0.19001081585884094,0.19001828134059906,94.0,0.004000000189989805,0.30000001192092896,0.0,0.0,0.0,0.0,1.0000000116860974e-07,1.0000000116860974e-07,0.0,0.30000001192092896,94,,,,,,,,,,,,,
,569,,,,,,,,,,,,,,,,,,,,,,,,,,,95,0.18924064934253693,1892.6759033203125,0.18924064934253693,0.3223992884159088,nan,nan,nan,0.0,1.0,2.693376154638827e-05,1.4540567462972831e-05,1.2393194083415437e-05,1.0
0.004,570,,,,,,,,,,,,,,,,,,,,,,,,,,,,,,,,,,,,,,,,
,575,0.18997161090373993,1899.9742431640625,0.18997161090373993,0.32629498839378357,nan,nan,nan,0.0,1.0,2.580399450380355e-05,1.3768451935902704e-05,1.2035542567900848e-05,1.0,0.18998336791992188,0.18997161090373993,95.0,0.004000000189989805,0.30000001192092896,0.0,0.0,0.0,0.0,1.0000000116860974e-07,1.0000000116860974e-07,0.0,0.30000001192092896,95,,,,,,,,,,,,,
,575,,,,,,,,,,,,,,,,,,,,,,,,,,,96,0.18966670334339142,1896.9381103515625,0.18966670334339142,0.3197319209575653,nan,nan,nan,0.0,1.0,2.7103973479825072e-05,1.450593481422402e-05,1.259803775610635e-05,1.0
0.004,576,,,,,,,,,,,,,,,,,,,,,,,,,,,,,,,,,,,,,,,,
,581,0.19022507965564728,1902.50634765625,0.19022507965564728,0.32011425495147705,nan,nan,nan,0.0,1.0,2.5560921130818315e-05,1.3536473488784395e-05,1.2024450370518025e-05,1.0,0.19015255570411682,0.19022507965564728,96.0,0.004000000189989805,0.30000001192092896,0.0,0.0,0.0,0.0,1.0000000116860974e-07,1.0000000116860974e-07,0.0,0.30000001192092896,96,,,,,,,,,,,,,
,581,,,,,,,,,,,,,,,,,,,,,,,,,,,97,0.18950219452381134,1895.29638671875,0.18950219452381134,0.3215395510196686,nan,nan,nan,0.0,1.0,2.742801734711975e-05,1.4569474842573982e-05,1.2858541595051065e-05,1.0
0.004,582,,,,,,,,,,,,,,,,,,,,,,,,,,,,,,,,,,,,,,,,
,587,0.19064860045909882,1906.738037109375,0.19064860045909882,0.3097982406616211,nan,nan,nan,0.0,1.0,2.5198067305609584e-05,1.3251604286779184e-05,1.1946465747314505e-05,1.0,0.19049979746341705,0.19064860045909882,97.0,0.004000000189989805,0.30000001192092896,0.0,0.0,0.0,0.0,1.0000000116860974e-07,1.0000000116860974e-07,0.0,0.30000001192092896,97,,,,,,,,,,,,,
,587,,,,,,,,,,,,,,,,,,,,,,,,,,,98,0.18967919051647186,1897.0587158203125,0.18967919051647186,0.31974244117736816,nan,nan,nan,0.0,1.0,2.6709269150160253e-05,1.390238685416989e-05,1.2806883205485065e-05,1.0
0.004,588,,,,,,,,,,,,,,,,,,,,,,,,,,,,,,,,,,,,,,,,
,593,0.19015924632549286,1901.84423828125,0.19015924632549286,0.3217068314552307,nan,nan,nan,0.0,1.0,2.516657332307659e-05,1.3227346244093496e-05,1.1939227988477796e-05,1.0,0.19026142358779907,0.19015924632549286,98.0,0.004000000189989805,0.30000001192092896,0.0,0.0,0.0,0.0,1.0000000116860974e-07,1.0000000116860974e-07,0.0,0.30000001192092896,98,,,,,,,,,,,,,
,593,,,,,,,,,,,,,,,,,,,,,,,,,,,99,0.18962322175502777,1896.5006103515625,0.18962322175502777,0.3199954330921173,nan,nan,nan,0.0,1.0,2.6860145226237364e-05,1.419396994606359e-05,1.2666175280173775e-05,1.0
0.004,594,,,,,,,,,,,,,,,,,,,,,,,,,,,,,,,,,,,,,,,,
,599,0.1900411993265152,1900.6641845703125,0.1900411993265152,0.3245929479598999,nan,nan,nan,0.0,1.0,2.5217552320100367e-05,1.3392209439189173e-05,1.1825344699900597e-05,1.0,0.19010725617408752,0.1900411993265152,99.0,0.004000000189989805,0.30000001192092896,0.0,0.0,0.0,0.0,1.0000000116860974e-07,1.0000000116860974e-07,0.0,0.30000001192092896,99,,,,,,,,,,,,,
,599,,,,,,,,,,,,,,,,,,,,,,,,,,,100,0.19011008739471436,1901.3687744140625,0.19011008739471436,0.3160744607448578,nan,nan,nan,0.0,1.0,2.6782387067214586e-05,1.4135064702713862e-05,1.264732054551132e-05,1.0
0.004,600,,,,,,,,,,,,,,,,,,,,,,,,,,,,,,,,,,,,,,,,
,605,0.18996313214302063,1899.8922119140625,0.18996313214302063,0.32650506496429443,nan,nan,nan,0.0,1.0,2.6106630684807897e-05,1.4256825124903116e-05,1.1849802831420675e-05,1.0,0.19000637531280518,0.18996313214302063,100.0,0.004000000189989805,0.30000001192092896,0.0,0.0,0.0,0.0,1.0000000116860974e-07,1.0000000116860974e-07,0.0,0.30000001192092896,100,,,,,,,,,,,,,
,605,,,,,,,,,,,,,,,,,,,,,,,,,,,101,0.18966908752918243,1896.9639892578125,0.18966908752918243,0.3222450315952301,nan,nan,nan,0.0,1.0,2.7299916837364435e-05,1.453705772291869e-05,1.2762861842929851e-05,1.0
0.004,606,,,,,,,,,,,,,,,,,,,,,,,,,,,,,,,,,,,,,,,,
,611,0.18993480503559113,1899.6099853515625,0.18993480503559113,0.327163964509964,nan,nan,nan,0.0,1.0,2.6195193640887737e-05,1.442012217012234e-05,1.1775072380260099e-05,1.0,0.18995627760887146,0.18993480503559113,101.0,0.004000000189989805,0.30000001192092896,0.0,0.0,0.0,0.0,1.0000000116860974e-07,1.0000000116860974e-07,0.0,0.30000001192092896,101,,,,,,,,,,,,,
,611,,,,,,,,,,,,,,,,,,,,,,,,,,,102,0.18977439403533936,1898.02392578125,0.18977439403533936,0.3239227533340454,nan,nan,nan,0.0,1.0,2.7990494345431216e-05,1.5178887224465143e-05,1.281160530197667e-05,1.0
0.004,612,,,,,,,,,,,,,,,,,,,,,,,,,,,,,,,,,,,,,,,,
,617,0.18963578343391418,1896.61328125,0.18963578343391418,0.3344474732875824,nan,nan,nan,0.0,1.0,2.552549085521605e-05,1.3850275536242407e-05,1.167521440947894e-05,1.0,0.1897319257259369,0.18963578343391418,102.0,0.004000000189989805,0.30000001192092896,0.0,0.0,0.0,0.0,1.0000000116860974e-07,1.0000000116860974e-07,0.0,0.30000001192092896,102,,,,,,,,,,,,,
,617,,,,,,,,,,,,,,,,,,,,,,,,,,,103,0.1899058073759079,1899.3331298828125,0.1899058073759079,0.3223956227302551,nan,nan,nan,0.0,1.0,2.752140244410839e-05,1.5010057722975034e-05,1.2511343811638653e-05,1.0
0.004,618,,,,,,,,,,,,,,,,,,,,,,,,,,,,,,,,,,,,,,,,
,623,0.18968139588832855,1897.070068359375,0.18968139588832855,0.33334556221961975,nan,nan,nan,0.0,1.0,2.560868233558722e-05,1.3692195352632552e-05,1.1916486073459964e-05,1.0,0.1896965503692627,0.18968139588832855,103.0,0.004000000189989805,0.30000001192092896,0.0,0.0,0.0,0.0,1.0000000116860974e-07,1.0000000116860974e-07,0.0,0.30000001192092896,103,,,,,,,,,,,,,
,623,,,,,,,,,,,,,,,,,,,,,,,,,,,104,0.18986521661281586,1898.92041015625,0.18986521661281586,0.32879897952079773,nan,nan,nan,0.0,1.0,2.6836138204089366e-05,1.4330983503896277e-05,1.250515560968779e-05,1.0
0.004,624,,,,,,,,,,,,,,,,,,,,,,,,,,,,,,,,,,,,,,,,
,629,0.1898040473461151,1898.298583984375,0.1898040473461151,0.33035147190093994,nan,nan,nan,0.0,1.0,2.578825478849467e-05,1.3804119589622132e-05,1.1984136108367238e-05,1.0,0.18977180123329163,0.1898040473461151,104.0,0.004000000189989805,0.30000001192092896,0.0,0.0,0.0,0.0,1.0000000116860974e-07,1.0000000116860974e-07,0.0,0.30000001192092896,104,,,,,,,,,,,,,
,629,,,,,,,,,,,,,,,,,,,,,,,,,,,105,0.18944883346557617,1894.7613525390625,0.18944883346557617,0.331194669008255,nan,nan,nan,0.0,1.0,2.731681706791278e-05,1.4574619854101911e-05,1.2742199032800272e-05,1.0
0.004,630,,,,,,,,,,,,,,,,,,,,,,,,,,,,,,,,,,,,,,,,
,635,0.18987242877483368,1898.982177734375,0.18987242877483368,0.3286941647529602,nan,nan,nan,0.0,1.0,2.5769913918338716e-05,1.3825297173752915e-05,1.1944618563575204e-05,1.0,0.18984223902225494,0.18987242877483368,105.0,0.004000000189989805,0.30000001192092896,0.0,0.0,0.0,0.0,1.0000000116860974e-07,1.0000000116860974e-07,0.0,0.30000001192092896,105,,,,,,,,,,,,,
,635,,,,,,,,,,,,,,,,,,,,,,,,,,,106,0.18967968225479126,1897.0726318359375,0.18967968225479126,0.32676100730895996,nan,nan,nan,0.0,1.0,2.757798029051628e-05,1.4734443539055064e-05,1.2843534932471812e-05,1.0
0.004,636,,,,,,,,,,,,,,,,,,,,,,,,,,,,,,,,,,,,,,,,
,641,0.18996380269527435,1899.8958740234375,0.18996380269527435,0.3264741003513336,nan,nan,nan,0.0,1.0,2.5773064407985657e-05,1.4061867659620475e-05,1.171119583887048e-05,1.0,0.18992732465267181,0.18996380269527435,106.0,0.004000000189989805,0.30000001192092896,0.0,0.0,0.0,0.0,1.0000000116860974e-07,1.0000000116860974e-07,0.0,0.30000001192092896,106,,,,,,,,,,,,,
,641,,,,,,,,,,,,,,,,,,,,,,,,,,,107,0.18954895436763763,1895.76416015625,0.18954895436763763,0.3273204267024994,nan,nan,nan,0.0,1.0,2.7438751203590073e-05,1.4721947081852704e-05,1.2716802302747965e-05,1.0
0.004,642,,,,,,,,,,,,,,,,,,,,,,,,,,,,,,,,,,,,,,,,
,647,0.18969981372356415,1897.260009765625,0.18969981372356415,0.33291420340538025,nan,nan,nan,0.0,1.0,2.6174011509283446e-05,1.4344699593493715e-05,1.1829312825284433e-05,1.0,0.18976806104183197,0.18969981372356415,107.0,0.004000000189989805,0.30000001192092896,0.0,0.0,0.0,0.0,1.0000000116860974e-07,1.0000000116860974e-07,0.0,0.30000001192092896,107,,,,,,,,,,,,,
,647,,,,,,,,,,,,,,,,,,,,,,,,,,,108,0.1894330531358719,1894.6043701171875,0.1894330531358719,0.33350253105163574,nan,nan,nan,0.0,1.0,2.7365866117179394e-05,1.4949161595723126e-05,1.2416706340445671e-05,1.0
0.004,648,,,,,,,,,,,,,,,,,,,,,,,,,,,,,,,,,,,,,,,,
,653,0.18974892795085907,1897.742431640625,0.18974892795085907,0.3316982388496399,nan,nan,nan,0.0,1.0,2.530353594920598e-05,1.3676205526280683e-05,1.1627329513430595e-05,1.0,0.1897546648979187,0.18974892795085907,108.0,0.004000000189989805,0.30000001192092896,0.0,0.0,0.0,0.0,1.0000000116860974e-07,1.0000000116860974e-07,0.0,0.30000001192092896,108,,,,,,,,,,,,,
,653,,,,,,,,,,,,,,,,,,,,,,,,,,,109,0.18907499313354492,1891.0228271484375,0.18907499313354492,0.33116641640663147,nan,nan,nan,0.0,1.0,2.7293164748698473e-05,1.4872602150717285e-05,1.2420561688486487e-05,1.0
0.004,654,,,,,,,,,,,,,,,,,,,,,,,,,,,,,,,,,,,,,,,,
,659,0.18975086510181427,1897.760498046875,0.18975086510181427,0.33165982365608215,nan,nan,nan,0.0,1.0,2.5162964448099956e-05,1.338843230769271e-05,1.1774534868891351e-05,1.0,0.189751997590065,0.18975086510181427,109.0,0.004000000189989805,0.30000001192092896,0.0,0.0,0.0,0.0,1.0000000116860974e-07,1.0000000116860974e-07,0.0,0.30000001192092896,109,,,,,,,,,,,,,
,659,,,,,,,,,,,,,,,,,,,,,,,,,,,110,0.18902797996997833,1890.54931640625,0.18902797996997833,0.33021214604377747,nan,nan,nan,0.0,1.0,2.694882823561784e-05,1.443191013095202e-05,1.251691355719231e-05,1.0
0.004,660,,,,,,,,,,,,,,,,,,,,,,,,,,,,,,,,,,,,,,,,
,665,0.18958891928195953,1896.1500244140625,0.18958891928195953,0.3355868458747864,nan,nan,nan,0.0,1.0,2.607727401482407e-05,1.4257049770094454e-05,1.1820223335234914e-05,1.0,0.18963783979415894,0.18958891928195953,110.0,0.004000000189989805,0.30000001192092896,0.0,0.0,0.0,0.0,1.0000000116860974e-07,1.0000000116860974e-07,0.0,0.30000001192092896,110,,,,,,,,,,,,,
,665,,,,,,,,,,,,,,,,,,,,,,,,,,,111,0.1891404241323471,1891.6785888671875,0.1891404241323471,0.33450841903686523,nan,nan,nan,0.0,1.0,2.743607728916686e-05,1.4745656699233223e-05,1.2690419680438936e-05,1.0
0.004,666,,,,,,,,,,,,,,,,,,,,,,,,,,,,,,,,,,,,,,,,
,671,0.18956196308135986,1895.88525390625,0.18956196308135986,0.33624082803726196,nan,nan,nan,0.0,1.0,2.655461139511317e-05,1.4615276086260565e-05,1.1939333489863202e-05,1.0,0.18958471715450287,0.18956196308135986,111.0,0.004000000189989805,0.30000001192092896,0.0,0.0,0.0,0.0,1.0000000116860974e-07,1.0000000116860974e-07,0.0,0.30000001192092896,111,,,,,,,,,,,,,
,671,,,,,,,,,,,,,,,,,,,,,,,,,,,112,0.18929846584796906,1893.26416015625,0.18929846584796906,0.33600857853889465,nan,nan,nan,0.0,1.0,2.7946100090048276e-05,1.5234177226375323e-05,1.271192104468355e-05,1.0
0.004,672,,,,,,,,,,,,,,,,,,,,,,,,,,,,,,,,,,,,,,,,
,677,0.18970999121665955,1897.3643798828125,0.18970999121665955,0.33265605568885803,nan,nan,nan,0.0,1.0,2.646528992045205e-05,1.4373393241839949e-05,1.2091896678612102e-05,1.0,0.18967241048812866,0.18970999121665955,112.0,0.004000000189989805,0.30000001192092896,0.0,0.0,0.0,0.0,1.0000000116860974e-07,1.0000000116860974e-07,0.0,0.30000001192092896,112,,,,,,,,,,,,,
,677,,,,,,,,,,,,,,,,,,,,,,,,,,,113,0.1888258457183838,1888.5426025390625,0.1888258457183838,0.33582136034965515,nan,nan,nan,0.0,1.0,2.841623791027814e-05,1.5571838957839645e-05,1.2844399861933198e-05,1.0
0.004,678,,,,,,,,,,,,,,,,,,,,,,,,,,,,,,,,,,,,,,,,
,683,0.18993131816387177,1899.57470703125,0.18993131816387177,0.3272753655910492,nan,nan,nan,0.0,1.0,2.6146564778173342e-05,1.4040902897249907e-05,1.2105660061934032e-05,1.0,0.18985363841056824,0.18993131816387177,113.0,0.004000000189989805,0.30000001192092896,0.0,0.0,0.0,0.0,1.0000000116860974e-07,1.0000000116860974e-07,0.0,0.30000001192092896,113,,,,,,,,,,,,,
,683,,,,,,,,,,,,,,,,,,,,,,,,,,,114,0.18920935690402985,1892.3731689453125,0.18920935690402985,0.3343237340450287,nan,nan,nan,0.0,1.0,2.795074942696374e-05,1.4913594895915594e-05,1.3037155440542847e-05,1.0
0.004,684,,,,,,,,,,,,,,,,,,,,,,,,,,,,,,,,,,,,,,,,
,689,0.18972809612751007,1897.5477294921875,0.18972809612751007,0.3322109282016754,nan,nan,nan,0.0,1.0,2.667560511326883e-05,1.4668007679574657e-05,1.2007596524199471e-05,1.0,0.18976576626300812,0.18972809612751007,114.0,0.004000000189989805,0.30000001192092896,0.0,0.0,0.0,0.0,1.0000000116860974e-07,1.0000000116860974e-07,0.0,0.30000001192092896,114,,,,,,,,,,,,,
,689,,,,,,,,,,,,,,,,,,,,,,,,,,,115,0.1892860382795334,1893.1429443359375,0.1892860382795334,0.3327963054180145,nan,nan,nan,0.0,1.0,2.8265872970223427e-05,1.4987902432039846e-05,1.3277970538183581e-05,1.0
0.004,690,,,,,,,,,,,,,,,,,,,,,,,,,,,,,,,,,,,,,,,,
,695,0.18975591659545898,1897.8199462890625,0.18975591659545898,0.33149924874305725,nan,nan,nan,0.0,1.0,2.607594615255948e-05,1.4108907635090873e-05,1.196703942696331e-05,1.0,0.18975888192653656,0.18975591659545898,115.0,0.004000000189989805,0.30000001192092896,0.0,0.0,0.0,0.0,1.0000000116860974e-07,1.0000000116860974e-07,0.0,0.30000001192092896,115,,,,,,,,,,,,,
,695,,,,,,,,,,,,,,,,,,,,,,,,,,,116,0.18905121088027954,1890.7958984375,0.18905121088027954,0.33695435523986816,nan,nan,nan,0.0,1.0,2.83716890407959e-05,1.5117341717996169e-05,1.325434641330503e-05,1.0
0.004,696,,,,,,,,,,,,,,,,,,,,,,,,,,,,,,,,,,,,,,,,
,701,0.18958322703838348,1896.0875244140625,0.18958322703838348,0.33572062849998474,nan,nan,nan,0.0,1.0,2.5543788069626316e-05,1.3773774298897479e-05,1.1770013770728838e-05,1.0,0.18963591754436493,0.18958322703838348,116.0,0.004000000189989805,0.30000001192092896,0.0,0.0,0.0,0.0,1.0000000116860974e-07,1.0000000116860974e-07,0.0,0.30000001192092896,116,,,,,,,,,,,,,
,701,,,,,,,,,,,,,,,,,,,,,,,,,,,117,0.18918050825595856,1892.0780029296875,0.18918050825595856,0.33813712000846863,nan,nan,nan,0.0,1.0,2.7286434487905353e-05,1.4406449736270588e-05,1.2879984751634765e-05,1.0
0.004,702,,,,,,,,,,,,,,,,,,,,,,,,,,,,,,,,,,,,,,,,
,707,0.18971340358257294,1897.3985595703125,0.18971340358257294,0.33256471157073975,nan,nan,nan,0.0,1.0,2.6446834453963675e-05,1.4458722944254987e-05,1.1988110600213986e-05,1.0,0.18969017267227173,0.18971340358257294,117.0,0.004000000189989805,0.30000001192092896,0.0,0.0,0.0,0.0,1.0000000116860974e-07,1.0000000116860974e-07,0.0,0.30000001192092896,117,,,,,,,,,,,,,
,707,,,,,,,,,,,,,,,,,,,,,,,,,,,118,0.1893649846315384,1893.9287109375,0.1893649846315384,0.3341863453388214,nan,nan,nan,0.0,1.0,2.7882446374860592e-05,1.4901659596944228e-05,1.2980787687411066e-05,1.0
0.004,708,,,,,,,,,,,,,,,,,,,,,,,,,,,,,,,,,,,,,,,,
,713,0.18967480957508087,1897.0135498046875,0.18967480957508087,0.3334985673427582,nan,nan,nan,0.0,1.0,2.6551233531790785e-05,1.4618493878515437e-05,1.193274056277005e-05,1.0,0.18967942893505096,0.18967480957508087,118.0,0.004000000189989805,0.30000001192092896,0.0,0.0,0.0,0.0,1.0000000116860974e-07,1.0000000116860974e-07,0.0,0.30000001192092896,118,,,,,,,,,,,,,
,713,,,,,,,,,,,,,,,,,,,,,,,,,,,119,0.1886124610900879,1886.4097900390625,0.1886124610900879,0.3428916931152344,nan,nan,nan,0.0,1.0,2.8512789867818356e-05,1.5392839486594312e-05,1.3119952200213447e-05,1.0
0.004,714,,,,,,,,,,,,,,,,,,,,,,,,,,,,,,,,,,,,,,,,
,719,0.18974445760250092,1897.7061767578125,0.18974445760250092,0.3318006992340088,nan,nan,nan,0.0,1.0,2.6173496735282242e-05,1.4264389392337762e-05,1.190910734294448e-05,1.0,0.18972495198249817,0.18974445760250092,119.0,0.004000000189989805,0.30000001192092896,0.0,0.0,0.0,0.0,1.0000000116860974e-07,1.0000000116860974e-07,0.0,0.30000001192092896,119,,,,,,,,,,,,,
,719,,,,,,,,,,,,,,,,,,,,,,,,,,,120,0.18896853923797607,1889.9688720703125,0.18896853923797607,0.3390532433986664,nan,nan,nan,0.0,1.0,2.8338292395346798e-05,1.5385940059786662e-05,1.2952351426065434e-05,1.0
0.004,720,,,,,,,,,,,,,,,,,,,,,,,,,,,,,,,,,,,,,,,,
,725,0.1896127313375473,1896.390625,0.1896127313375473,0.33503007888793945,nan,nan,nan,0.0,1.0,2.6338106181356125e-05,1.4525631740980316e-05,1.1812472621386405e-05,1.0,0.1896463930606842,0.1896127313375473,120.0,0.004000000189989805,0.30000001192092896,0.0,0.0,0.0,0.0,1.0000000116860974e-07,1.0000000116860974e-07,0.0,0.30000001192092896,120,,,,,,,,,,,,,
,725,,,,,,,,,,,,,,,,,,,,,,,,,,,121,0.18910206854343414,1891.3017578125,0.18910206854343414,0.34137794375419617,nan,nan,nan,0.0,1.0,2.8099622795707546e-05,1.518819681223249e-05,1.2911426892969757e-05,1.0
0.004,726,,,,,,,,,,,,,,,,,,,,,,,,,,,,,,,,,,,,,,,,
,731,0.1895815134048462,1896.0791015625,0.1895815134048462,0.33575719594955444,nan,nan,nan,0.0,1.0,2.6393423468107358e-05,1.4626834854425397e-05,1.1766588613681961e-05,1.0,0.18960097432136536,0.1895815134048462,121.0,0.004000000189989805,0.30000001192092896,0.0,0.0,0.0,0.0,1.0000000116860974e-07,1.0000000116860974e-07,0.0,0.30000001192092896,121,,,,,,,,,,,,,
,731,,,,,,,,,,,,,,,,,,,,,,,,,,,122,0.1890784502029419,1891.0673828125,0.1890784502029419,0.3416029214859009,nan,nan,nan,0.0,1.0,2.8298682082095183e-05,1.546676503494382e-05,1.2831916137656663e-05,1.0
0.004,732,,,,,,,,,,,,,,,,,,,,,,,,,,,,,,,,,,,,,,,,
,737,0.18950285017490387,1895.2974853515625,0.18950285017490387,0.33770209550857544,nan,nan,nan,0.0,1.0,2.691293047973886e-05,1.4763711988052819e-05,1.2149218491686042e-05,1.0,0.1895322948694229,0.18950285017490387,122.0,0.004000000189989805,0.30000001192092896,0.0,0.0,0.0,0.0,1.0000000116860974e-07,1.0000000116860974e-07,0.0,0.30000001192092896,122,,,,,,,,,,,,,
,737,,,,,,,,,,,,,,,,,,,,,,,,,,,123,0.18886816501617432,1888.9656982421875,0.18886816501617432,0.33907079696655273,nan,nan,nan,0.0,1.0,2.839863191184122e-05,1.5520223314524628e-05,1.2878409506811295e-05,1.0
0.004,738,,,,,,,,,,,,,,,,,,,,,,,,,,,,,,,,,,,,,,,,
,743,0.18957355618476868,1895.9947509765625,0.18957355618476868,0.33601441979408264,nan,nan,nan,0.0,1.0,2.591098382254131e-05,1.3790912817057688e-05,1.2120070095988922e-05,1.0,0.1895611733198166,0.18957355618476868,123.0,0.004000000189989805,0.30000001192092896,0.0,0.0,0.0,0.0,1.0000000116860974e-07,1.0000000116860974e-07,0.0,0.30000001192092896,123,,,,,,,,,,,,,
,743,,,,,,,,,,,,,,,,,,,,,,,,,,,124,0.18901996314525604,1890.4825439453125,0.18901996314525604,0.3426908552646637,nan,nan,nan,0.0,1.0,2.8309108529356308e-05,1.509669436927652e-05,1.3212415979069192e-05,1.0
0.004,744,,,,,,,,,,,,,,,,,,,,,,,,,,,,,,,,,,,,,,,,
,749,0.1898244470357895,1898.5177001953125,0.1898244470357895,0.329871267080307,nan,nan,nan,0.0,1.0,2.7301630325382575e-05,1.4957673556637019e-05,1.2343957678240258e-05,1.0,0.1897454708814621,0.1898244470357895,124.0,0.004000000189989805,0.30000001192092896,0.0,0.0,0.0,0.0,1.0000000116860974e-07,1.0000000116860974e-07,0.0,0.30000001192092896,124,,,,,,,,,,,,,
,749,,,,,,,,,,,,,,,,,,,,,,,,,,,125,0.189195454120636,1892.2392578125,0.189195454120636,0.3413689136505127,nan,nan,nan,0.0,1.0,2.8461510737542994e-05,1.5074441762408242e-05,1.3387069884629454e-05,1.0
0.004,750,,,,,,,,,,,,,,,,,,,,,,,,,,,,,,,,,,,,,,,,
,755,0.18962721526622772,1896.53857421875,0.18962721526622772,0.3346768319606781,nan,nan,nan,0.0,1.0,2.6620618882589042e-05,1.4300156180979684e-05,1.232046361110406e-05,1.0,0.18966269493103027,0.18962721526622772,125.0,0.004000000189989805,0.30000001192092896,0.0,0.0,0.0,0.0,1.0000000116860974e-07,1.0000000116860974e-07,0.0,0.30000001192092896,125,,,,,,,,,,,,,
,755,,,,,,,,,,,,,,,,,,,,,,,,,,,126,0.1888079196214676,1888.3653564453125,0.1888079196214676,0.3439091742038727,nan,nan,nan,0.0,1.0,2.862297696992755e-05,1.53411747305654e-05,1.3281803148856852e-05,1.0
0.004,756,,,,,,,,,,,,,,,,,,,,,,,,,,,,,,,,,,,,,,,,
,761,0.1896427720785141,1896.6925048828125,0.1896427720785141,0.33429205417633057,nan,nan,nan,0.0,1.0,2.6478173822397366e-05,1.4317387467599474e-05,1.2160787264292594e-05,1.0,0.18964874744415283,0.1896427720785141,126.0,0.004000000189989805,0.30000001192092896,0.0,0.0,0.0,0.0,1.0000000116860974e-07,1.0000000116860974e-07,0.0,0.30000001192092896,126,,,,,,,,,,,,,
,761,,,,,,,,,,,,,,,,,,,,,,,,,,,127,0.18868768215179443,1887.1627197265625,0.18868768215179443,0.34426188468933105,nan,nan,nan,0.0,1.0,2.859575761249289e-05,1.5182716197159607e-05,1.3413038686849177e-05,1.0
0.004,762,,,,,,,,,,,,,,,,,,,,,,,,,,,,,,,,,,,,,,,,
,767,0.18964046239852905,1896.6685791015625,0.18964046239852905,0.3343377113342285,nan,nan,nan,0.0,1.0,2.6426736440043896e-05,1.4246271348383743e-05,1.2180465091660153e-05,1.0,0.18964295089244843,0.18964046239852905,127.0,0.004000000189989805,0.30000001192092896,0.0,0.0,0.0,0.0,1.0000000116860974e-07,1.0000000116860974e-07,0.0,0.30000001192092896,127,,,,,,,,,,,,,
,767,,,,,,,,,,,,,,,,,,,,,,,,,,,128,0.1888393759727478,1888.6802978515625,0.1888393759727478,0.34349945187568665,nan,nan,nan,0.0,1.0,2.8639797164942138e-05,1.526247251604218e-05,1.3377323739405256e-05,1.0
0.004,768,,,,,,,,,,,,,,,,,,,,,,,,,,,,,,,,,,,,,,,,
,773,0.18963588774204254,1896.62548828125,0.18963588774204254,0.3344683349132538,nan,nan,nan,0.0,1.0,2.666718683030922e-05,1.4413159078685567e-05,1.225402593263425e-05,1.0,0.18963800370693207,0.18963588774204254,128.0,0.004000000189989805,0.30000001192092896,0.0,0.0,0.0,0.0,1.0000000116860974e-07,1.0000000116860974e-07,0.0,0.30000001192092896,128,,,,,,,,,,,,,
,773,,,,,,,,,,,,,,,,,,,,,,,,,,,129,0.18837927281856537,1884.0792236328125,0.18837927281856537,0.3436141014099121,nan,nan,nan,0.0,1.0,2.8676622605416924e-05,1.52167749547516e-05,1.3459847650665324e-05,1.0
0.004,774,,,,,,,,,,,,,,,,,,,,,,,,,,,,,,,,,,,,,,,,
,779,0.18956248462200165,1895.89111328125,0.18956248462200165,0.3362071216106415,nan,nan,nan,0.0,1.0,2.664168641786091e-05,1.435476224287413e-05,1.2286923265492078e-05,1.0,0.1895851492881775,0.18956248462200165,129.0,0.004000000189989805,0.30000001192092896,0.0,0.0,0.0,0.0,1.0000000116860974e-07,1.0000000116860974e-07,0.0,0.30000001192092896,129,,,,,,,,,,,,,
,779,,,,,,,,,,,,,,,,,,,,,,,,,,,130,0.18863900005817413,1886.673828125,0.18863900005817413,0.3427087366580963,nan,nan,nan,0.0,1.0,2.8374210160109214e-05,1.5087954125192482e-05,1.3286254215927329e-05,1.0
0.004,780,,,,,,,,,,,,,,,,,,,,,,,,,,,,,,,,,,,,,,,,
,785,0.189630925655365,1896.572265625,0.189630925655365,0.3345883786678314,nan,nan,nan,0.0,1.0,2.6295570933143608e-05,1.408643765898887e-05,1.220913418364944e-05,1.0,0.18961718678474426,0.189630925655365,130.0,0.004000000189989805,0.30000001192092896,0.0,0.0,0.0,0.0,1.0000000116860974e-07,1.0000000116860974e-07,0.0,0.30000001192092896,130,,,,,,,,,,,,,
,785,,,,,,,,,,,,,,,,,,,,,,,,,,,131,0.18871553242206573,1887.44140625,0.18871553242206573,0.34530696272850037,nan,nan,nan,0.0,1.0,2.8606993510038592e-05,1.5295963748940267e-05,1.3311030670593027e-05,1.0
0.004,786,,,,,,,,,,,,,,,,,,,,,,,,,,,,,,,,,,,,,,,,
,791,0.1897081881761551,1897.3499755859375,0.1897081881761551,0.3326939046382904,nan,nan,nan,0.0,1.0,2.6801622880157083e-05,1.4380475477082655e-05,1.2421145584085025e-05,1.0,0.18968088924884796,0.1897081881761551,131.0,0.004000000189989805,0.30000001192092896,0.0,0.0,0.0,0.0,1.0000000116860974e-07,1.0000000116860974e-07,0.0,0.30000001192092896,131,,,,,,,,,,,,,
,791,,,,,,,,,,,,,,,,,,,,,,,,,,,132,0.18860970437526703,1886.37890625,0.18860970437526703,0.345066636800766,nan,nan,nan,0.0,1.0,2.8181248126202263e-05,1.4961366105126217e-05,1.321988384006545e-05,1.0
0.004,792,,,,,,,,,,,,,,,,,,,,,,,,,,,,,,,,,,,,,,,,
,797,0.1896325945854187,1896.602783203125,0.1896325945854187,0.3345261812210083,nan,nan,nan,0.0,1.0,2.7676600439008325e-05,1.5193323633866385e-05,1.2483275895647239e-05,1.0,0.18964707851409912,0.1896325945854187,132.0,0.004000000189989805,0.30000001192092896,0.0,0.0,0.0,0.0,1.0000000116860974e-07,1.0000000116860974e-07,0.0,0.30000001192092896,132,,,,,,,,,,,,,
,797,,,,,,,,,,,,,,,,,,,,,,,,,,,133,0.18862970173358917,1886.5892333984375,0.18862970173358917,0.34691569209098816,nan,nan,nan,0.0,1.0,2.9237846320029348e-05,1.5841467757127248e-05,1.3396377653407399e-05,1.0
0.004,798,,,,,,,,,,,,,,,,,,,,,,,,,,,,,,,,,,,,,,,,
,803,0.1895996779203415,1896.2652587890625,0.1895996779203415,0.3353411555290222,nan,nan,nan,0.0,1.0,2.685539766389411e-05,1.4533183275489137e-05,1.2322213478910271e-05,1.0,0.18961389362812042,0.1895996779203415,133.0,0.004000000189989805,0.30000001192092896,0.0,0.0,0.0,0.0,1.0000000116860974e-07,1.0000000116860974e-07,0.0,0.30000001192092896,133,,,,,,,,,,,,,
,803,,,,,,,,,,,,,,,,,,,,,,,,,,,134,0.18884991109371185,1888.7894287109375,0.18884991109371185,0.34800854325294495,nan,nan,nan,0.0,1.0,2.9024733521509916e-05,1.567733306728769e-05,1.3347402273211628e-05,1.0
0.004,804,,,,,,,,,,,,,,,,,,,,,,,,,,,,,,,,,,,,,,,,
,809,0.189517542719841,1895.441650390625,0.189517542719841,0.33735886216163635,nan,nan,nan,0.0,1.0,2.664253770490177e-05,1.4407156413653865e-05,1.2235382200742606e-05,1.0,0.18954645097255707,0.189517542719841,134.0,0.004000000189989805,0.30000001192092896,0.0,0.0,0.0,0.0,1.0000000116860974e-07,1.0000000116860974e-07,0.0,0.30000001192092896,134,,,,,,,,,,,,,
,809,,,,,,,,,,,,,,,,,,,,,,,,,,,135,0.1884489804506302,1884.7777099609375,0.1884489804506302,0.34838810563087463,nan,nan,nan,0.0,1.0,2.8786418624804355e-05,1.5338053344748914e-05,1.3448368008539546e-05,1.0
0.004,810,,,,,,,,,,,,,,,,,,,,,,,,,,,,,,,,,,,,,,,,
,815,0.1897948533296585,1898.213623046875,0.1897948533296585,0.3305934965610504,nan,nan,nan,0.0,1.0,2.6498237275518477e-05,1.4202468264556956e-05,1.2295771739445627e-05,1.0,0.18972033262252808,0.1897948533296585,135.0,0.004000000189989805,0.30000001192092896,0.0,0.0,0.0,0.0,1.0000000116860974e-07,1.0000000116860974e-07,0.0,0.30000001192092896,135,,,,,,,,,,,,,
,815,,,,,,,,,,,,,,,,,,,,,,,,,,,136,0.18890874087810516,1889.3709716796875,0.18890874087810516,0.3453817069530487,nan,nan,nan,0.0,1.0,2.8373595341690816e-05,1.5096011338755488e-05,1.3277583093440626e-05,1.0
0.004,816,,,,,,,,,,,,,,,,,,,,,,,,,,,,,,,,,,,,,,,,
,821,0.18968325853347778,1897.1077880859375,0.18968325853347778,0.3332989811897278,nan,nan,nan,0.0,1.0,2.7536794732441194e-05,1.4931375517335255e-05,1.2605420124600641e-05,1.0,0.1896943747997284,0.18968325853347778,136.0,0.004000000189989805,0.30000001192092896,0.0,0.0,0.0,0.0,1.0000000116860974e-07,1.0000000116860974e-07,0.0,0.30000001192092896,136,,,,,,,,,,,,,
,821,,,,,,,,,,,,,,,,,,,,,,,,,,,137,0.18856732547283173,1885.9615478515625,0.18856732547283173,0.3471115827560425,nan,nan,nan,0.0,1.0,2.8826032576034777e-05,1.538787728350144e-05,1.3438155292533338e-05,1.0
0.004,822,,,,,,,,,,,,,,,,,,,,,,,,,,,,,,,,,,,,,,,,
,827,0.18956637382507324,1895.9285888671875,0.18956637382507324,0.3361389935016632,nan,nan,nan,0.0,1.0,2.6476700440980494e-05,1.3952237168268766e-05,1.252446418220643e-05,1.0,0.1896047741174698,0.18956637382507324,137.0,0.004000000189989805,0.30000001192092896,0.0,0.0,0.0,0.0,1.0000000116860974e-07,1.0000000116860974e-07,0.0,0.30000001192092896,137,,,,,,,,,,,,,
,827,,,,,,,,,,,,,,,,,,,,,,,,,,,138,0.18888546526432037,1889.1448974609375,0.18888546526432037,0.3474176228046417,nan,nan,nan,0.0,1.0,2.901221887441352e-05,1.5427445759996772e-05,1.358477402391145e-05,1.0
0.004,828,,,,,,,,,,,,,,,,,,,,,,,,,,,,,,,,,,,,,,,,
,833,0.1896921545267105,1897.181884765625,0.1896921545267105,0.3330861032009125,nan,nan,nan,0.0,1.0,2.6039602744276635e-05,1.3490928722603712e-05,1.2548674021672923e-05,1.0,0.18966594338417053,0.1896921545267105,138.0,0.004000000189989805,0.30000001192092896,0.0,0.0,0.0,0.0,1.0000000116860974e-07,1.0000000116860974e-07,0.0,0.30000001192092896,138,,,,,,,,,,,,,
,833,,,,,,,,,,,,,,,,,,,,,,,,,,,139,0.18860727548599243,1886.3551025390625,0.18860727548599243,0.34585705399513245,nan,nan,nan,0.0,1.0,2.8238042432349175e-05,1.4680183994641993e-05,1.3557858437707182e-05,1.0
0.004,834,,,,,,,,,,,,,,,,,,,,,,,,,,,,,,,,,,,,,,,,
,839,0.18969577550888062,1897.23193359375,0.18969577550888062,0.3329484462738037,nan,nan,nan,0.0,1.0,2.742479591688607e-05,1.4683210793009493e-05,1.2741583304887172e-05,1.0,0.1896868199110031,0.18969577550888062,139.0,0.004000000189989805,0.30000001192092896,0.0,0.0,0.0,0.0,1.0000000116860974e-07,1.0000000116860974e-07,0.0,0.30000001192092896,139,,,,,,,,,,,,,
,839,,,,,,,,,,,,,,,,,,,,,,,,,,,140,0.18865931034088135,1886.8779296875,0.18865931034088135,0.3453943431377411,nan,nan,nan,0.0,1.0,2.8491065677371807e-05,1.483884989283979e-05,1.3652214875037316e-05,1.0
0.004,840,,,,,,,,,,,,,,,,,,,,,,,,,,,,,,,,,,,,,,,,
,845,0.1898203194141388,1898.48193359375,0.1898203194141388,0.32998186349868774,nan,nan,nan,0.0,1.0,2.7858279281645082e-05,1.508822515461361e-05,1.2770051398547366e-05,1.0,0.18978026509284973,0.1898203194141388,140.0,0.004000000189989805,0.30000001192092896,0.0,0.0,0.0,0.0,1.0000000116860974e-07,1.0000000116860974e-07,0.0,0.30000001192092896,140,,,,,,,,,,,,,
,845,,,,,,,,,,,,,,,,,,,,,,,,,,,141,0.18884356319904327,1888.7322998046875,0.18884356319904327,0.34413039684295654,nan,nan,nan,0.0,1.0,2.9654171157744713e-05,1.5770257959957235e-05,1.3883912288292777e-05,1.0
0.004,846,,,,,,,,,,,,,,,,,,,,,,,,,,,,,,,,,,,,,,,,
,851,0.1900426596403122,1900.7052001953125,0.1900426596403122,0.3245488107204437,nan,nan,nan,0.0,1.0,2.785346077871509e-05,1.509680259914603e-05,1.2756658179569058e-05,1.0,0.1899639368057251,0.1900426596403122,141.0,0.004000000189989805,0.30000001192092896,0.0,0.0,0.0,0.0,1.0000000116860974e-07,1.0000000116860974e-07,0.0,0.30000001192092896,141,,,,,,,,,,,,,
,851,,,,,,,,,,,,,,,,,,,,,,,,,,,142,0.18885403871536255,1888.8392333984375,0.18885403871536255,0.3442594110965729,nan,nan,nan,0.0,1.0,2.9878481655032374e-05,1.5948846339597367e-05,1.3929635315435007e-05,1.0
0.004,852,,,,,,,,,,,,,,,,,,,,,,,,,,,,,,,,,,,,,,,,
,857,0.1896935999393463,1897.2108154296875,0.1896935999393463,0.3330797851085663,nan,nan,nan,0.0,1.0,2.7484429665491916e-05,1.4850393199594691e-05,1.2634034646907821e-05,1.0,0.18977469205856323,0.1896935999393463,142.0,0.004000000189989805,0.30000001192092896,0.0,0.0,0.0,0.0,1.0000000116860974e-07,1.0000000116860974e-07,0.0,0.30000001192092896,142,,,,,,,,,,,,,
,857,,,,,,,,,,,,,,,,,,,,,,,,,,,143,0.1886240690946579,1886.5382080078125,0.1886240690946579,0.3452965021133423,nan,nan,nan,0.0,1.0,2.9765315048280172e-05,1.5981886463123374e-05,1.3783431313640904e-05,1.0
0.004,858,,,,,,,,,,,,,,,,,,,,,,,,,,,,,,,,,,,,,,,,
,863,0.18952734768390656,1895.5430908203125,0.18952734768390656,0.33709806203842163,nan,nan,nan,0.0,1.0,2.6977744710166007e-05,1.442764732928481e-05,1.2550096471386496e-05,1.0,0.18960154056549072,0.18952734768390656,143.0,0.004000000189989805,0.30000001192092896,0.0,0.0,0.0,0.0,1.0000000116860974e-07,1.0000000116860974e-07,0.0,0.30000001192092896,143,,,,,,,,,,,,,
,863,,,,,,,,,,,,,,,,,,,,,,,,,,,144,0.18841104209423065,1884.4034423828125,0.18841104209423065,0.34736549854278564,nan,nan,nan,0.0,1.0,2.933827454398852e-05,1.536874333396554e-05,1.3969530300528277e-05,1.0
0.004,864,,,,,,,,,,,,,,,,,,,,,,,,,,,,,,,,,,,,,,,,
,869,0.18982990086078644,1898.558837890625,0.18982990086078644,0.32972654700279236,nan,nan,nan,0.0,1.0,2.5987252229242586e-05,1.346414956060471e-05,1.2523101759143174e-05,1.0,0.18976138532161713,0.18982990086078644,144.0,0.004000000189989805,0.30000001192092896,0.0,0.0,0.0,0.0,1.0000000116860974e-07,1.0000000116860974e-07,0.0,0.30000001192092896,144,,,,,,,,,,,,,
,869,,,,,,,,,,,,,,,,,,,,,,,,,,,145,0.18870657682418823,1887.3516845703125,0.18870657682418823,0.34977641701698303,nan,nan,nan,0.0,1.0,2.8609889341169037e-05,1.4716574696649332e-05,1.3893313735025004e-05,1.0
0.004,870,,,,,,,,,,,,,,,,,,,,,,,,,,,,,,,,,,,,,,,,
,875,0.1896335780620575,1896.5994873046875,0.1896335780620575,0.3345186412334442,nan,nan,nan,0.0,1.0,2.637992292875424e-05,1.4058347005629912e-05,1.2321574104134925e-05,1.0,0.18967193365097046,0.1896335780620575,145.0,0.004000000189989805,0.30000001192092896,0.0,0.0,0.0,0.0,1.0000000116860974e-07,1.0000000116860974e-07,0.0,0.30000001192092896,145,,,,,,,,,,,,,
,875,,,,,,,,,,,,,,,,,,,,,,,,,,,146,0.18848967552185059,1885.1844482421875,0.18848967552185059,0.35184505581855774,nan,nan,nan,0.0,1.0,2.8744851078954525e-05,1.4756859854969662e-05,1.3987993042974267e-05,1.0
0.004,876,,,,,,,,,,,,,,,,,,,,,,,,,,,,,,,,,,,,,,,,
,881,0.1895948350429535,1896.2132568359375,0.1895948350429535,0.3354431986808777,nan,nan,nan,0.0,1.0,2.6483252440812066e-05,1.4197978998709004e-05,1.2285274351597764e-05,1.0,0.18961796164512634,0.1895948350429535,146.0,0.004000000189989805,0.30000001192092896,0.0,0.0,0.0,0.0,1.0000000116860974e-07,1.0000000116860974e-07,0.0,0.30000001192092896,146,,,,,,,,,,,,,
,881,,,,,,,,,,,,,,,,,,,,,,,,,,,147,0.1886441707611084,1886.72607421875,0.1886441707611084,0.34790050983428955,nan,nan,nan,0.0,1.0,2.8454072889871895e-05,1.4909776837157551e-05,1.3544293324230239e-05,1.0
0.004,882,,,,,,,,,,,,,,,,,,,,,,,,,,,,,,,,,,,,,,,,
,887,0.1895182728767395,1895.4521484375,0.1895182728767395,0.33729878067970276,nan,nan,nan,0.0,1.0,2.6926742066279985e-05,1.4449633454205468e-05,1.2477109521569218e-05,1.0,0.18954817950725555,0.1895182728767395,147.0,0.004000000189989805,0.30000001192092896,0.0,0.0,0.0,0.0,1.0000000116860974e-07,1.0000000116860974e-07,0.0,0.30000001192092896,147,,,,,,,,,,,,,
,887,,,,,,,,,,,,,,,,,,,,,,,,,,,148,0.18840332329273224,1884.3232421875,0.18840332329273224,0.35036501288414,nan,nan,nan,0.0,1.0,2.8991644285270013e-05,1.528827124275267e-05,1.370337213302264e-05,1.0
0.004,888,,,,,,,,,,,,,,,,,,,,,,,,,,,,,,,,,,,,,,,,
,893,0.18965373933315277,1896.8114013671875,0.18965373933315277,0.33403101563453674,nan,nan,nan,0.0,1.0,2.7415740987635218e-05,1.4604825082642492e-05,1.2810916814487427e-05,1.0,0.18962207436561584,0.18965373933315277,148.0,0.004000000189989805,0.30000001192092896,0.0,0.0,0.0,0.0,1.0000000116860974e-07,1.0000000116860974e-07,0.0,0.30000001192092896,148,,,,,,,,,,,,,
,893,,,,,,,,,,,,,,,,,,,,,,,,,,,149,0.18856479227542877,1885.9407958984375,0.18856479227542877,0.35001006722450256,nan,nan,nan,0.0,1.0,2.9276861823746003e-05,1.5384370271931402e-05,1.3892495189793408e-05,1.0
0.004,894,,,,,,,,,,,,,,,,,,,,,,,,,,,,,,,,,,,,,,,,
,899,0.1893988847732544,1894.2691650390625,0.1893988847732544,0.34025877714157104,nan,nan,nan,0.0,1.0,2.801901791826822e-05,1.5174158761510625e-05,1.2844860066252295e-05,1.0,0.18946585059165955,0.1893988847732544,149.0,0.004000000189989805,0.30000001192092896,0.0,0.0,0.0,0.0,1.0000000116860974e-07,1.0000000116860974e-07,0.0,0.30000001192092896,149,,,,,,,,,,,,,
,899,,,,,,,,,,,,,,,,,,,,,,,,,,,150,0.18837474286556244,1884.04638671875,0.18837474286556244,0.3515509068965912,nan,nan,nan,0.0,1.0,2.990336543007288e-05,1.5718467693659477e-05,1.4184901374392211e-05,1.0
0.004,900,,,,,,,,,,,,,,,,,,,,,,,,,,,,,,,,,,,,,,,,
,905,0.1894124299287796,1894.4033203125,0.1894124299287796,0.33991339802742004,nan,nan,nan,0.0,1.0,2.7909009077120572e-05,1.5069792425492778e-05,1.2839216651627794e-05,1.0,0.189428448677063,0.1894124299287796,150.0,0.004000000189989805,0.30000001192092896,0.0,0.0,0.0,0.0,1.0000000116860974e-07,1.0000000116860974e-07,0.0,0.30000001192092896,150,,,,,,,,,,,,,
,905,,,,,,,,,,,,,,,,,,,,,,,,,,,151,0.1880970150232315,1881.2760009765625,0.1880970150232315,0.3554171621799469,nan,nan,nan,0.0,1.0,3.060044764424674e-05,1.6269039406324737e-05,1.433141096640611e-05,1.0
0.004,906,,,,,,,,,,,,,,,,,,,,,,,,,,,,,,,,,,,,,,,,
,911,0.18950487673282623,1895.31884765625,0.18950487673282623,0.3376723527908325,nan,nan,nan,0.0,1.0,2.698811840673443e-05,1.4292980267782696e-05,1.2695139957941137e-05,1.0,0.1894819438457489,0.18950487673282623,151.0,0.004000000189989805,0.30000001192092896,0.0,0.0,0.0,0.0,1.0000000116860974e-07,1.0000000116860974e-07,0.0,0.30000001192092896,151,,,,,,,,,,,,,
,911,,,,,,,,,,,,,,,,,,,,,,,,,,,152,0.18824757635593414,1882.7745361328125,0.18824757635593414,0.3571441173553467,nan,nan,nan,0.0,1.0,2.987174411828164e-05,1.5612122297170572e-05,1.425962273060577e-05,1.0
0.004,912,,,,,,,,,,,,,,,,,,,,,,,,,,,,,,,,,,,,,,,,
,917,0.18942826986312866,1894.5531005859375,0.18942826986312866,0.3395219147205353,nan,nan,nan,0.0,1.0,2.703864265640732e-05,1.4324864423542749e-05,1.271377823286457e-05,1.0,0.18944436311721802,0.18942826986312866,152.0,0.004000000189989805,0.30000001192092896,0.0,0.0,0.0,0.0,1.0000000116860974e-07,1.0000000116860974e-07,0.0,0.30000001192092896,152,,,,,,,,,,,,,
,917,,,,,,,,,,,,,,,,,,,,,,,,,,,153,0.18849162757396698,1885.2066650390625,0.18849162757396698,0.3573491871356964,nan,nan,nan,0.0,1.0,2.9066388378851116e-05,1.5114808775251731e-05,1.3951576875115279e-05,1.0
0.004,918,,,,,,,,,,,,,,,,,,,,,,,,,,,,,,,,,,,,,,,,
,923,0.1895197331905365,1895.46826171875,0.1895197331905365,0.33729618787765503,nan,nan,nan,0.0,1.0,2.708634565351531e-05,1.4466507309407461e-05,1.2619837434613146e-05,1.0,0.18949712812900543,0.1895197331905365,153.0,0.004000000189989805,0.30000001192092896,0.0,0.0,0.0,0.0,1.0000000116860974e-07,1.0000000116860974e-07,0.0,0.30000001192092896,153,,,,,,,,,,,,,
,923,,,,,,,,,,,,,,,,,,,,,,,,,,,154,0.18796712160110474,1879.9617919921875,0.18796712160110474,0.3577318489551544,nan,nan,nan,0.0,1.0,2.9049993827356957e-05,1.5197879292827565e-05,1.385211362503469e-05,1.0
0.004,924,,,,,,,,,,,,,,,,,,,,,,,,,,,,,,,,,,,,,,,,
,929,0.18934422731399536,1893.72021484375,0.18934422731399536,0.3415609896183014,nan,nan,nan,0.0,1.0,2.7773554393206723e-05,1.512861763330875e-05,1.2644935850403272e-05,1.0,0.18939009308815002,0.18934422731399536,154.0,0.004000000189989805,0.30000001192092896,0.0,0.0,0.0,0.0,1.0000000116860974e-07,1.0000000116860974e-07,0.0,0.30000001192092896,154,,,,,,,,,,,,,
,929,,,,,,,,,,,,,,,,,,,,,,,,,,,155,0.18837159872055054,1884.0118408203125,0.18837159872055054,0.3517017066478729,nan,nan,nan,0.0,1.0,2.96023008559132e-05,1.564750164106954e-05,1.3954800124338362e-05,1.0
0.004,930,,,,,,,,,,,,,,,,,,,,,,,,,,,,,,,,,,,,,,,,
,935,0.18932704627513885,1893.550048828125,0.18932704627513885,0.341961532831192,nan,nan,nan,0.0,1.0,2.798510467982851e-05,1.544932820252143e-05,1.2535774658317678e-05,1.0,0.18934595584869385,0.18932704627513885,155.0,0.004000000189989805,0.30000001192092896,0.0,0.0,0.0,0.0,1.0000000116860974e-07,1.0000000116860974e-07,0.0,0.30000001192092896,155,,,,,,,,,,,,,
,935,,,,,,,,,,,,,,,,,,,,,,,,,,,156,0.18832437694072723,1883.5458984375,0.18832437694072723,0.35602203011512756,nan,nan,nan,0.0,1.0,3.023580211447552e-05,1.6345293261110783e-05,1.3890507943870034e-05,1.0
0.004,936,,,,,,,,,,,,,,,,,,,,,,,,,,,,,,,,,,,,,,,,
,941,0.1894097924232483,1894.375244140625,0.1894097924232483,0.33995068073272705,nan,nan,nan,0.0,1.0,2.7742769816541113e-05,1.5198992514342535e-05,1.2543774573714472e-05,1.0,0.1893906444311142,0.1894097924232483,156.0,0.004000000189989805,0.30000001192092896,0.0,0.0,0.0,0.0,1.0000000116860974e-07,1.0000000116860974e-07,0.0,0.30000001192092896,156,,,,,,,,,,,,,
,941,,,,,,,,,,,,,,,,,,,,,,,,,,,157,0.188243106007576,1882.7332763671875,0.188243106007576,0.3553837239742279,nan,nan,nan,0.0,1.0,3.02239932352677e-05,1.6475640222779475e-05,1.3748354831477627e-05,1.0
0.004,942,,,,,,,,,,,,,,,,,,,,,,,,,,,,,,,,,,,,,,,,
,947,0.18954597413539886,1895.7344970703125,0.18954597413539886,0.3366588354110718,nan,nan,nan,0.0,1.0,2.748245060502086e-05,1.5036068361951038e-05,1.2446381333575118e-05,1.0,0.1894993782043457,0.18954597413539886,157.0,0.004000000189989805,0.30000001192092896,0.0,0.0,0.0,0.0,1.0000000116860974e-07,1.0000000116860974e-07,0.0,0.30000001192092896,157,,,,,,,,,,,,,
,947,,,,,,,,,,,,,,,,,,,,,,,,,,,158,0.18853425979614258,1885.6419677734375,0.18853425979614258,0.3525947630405426,nan,nan,nan,0.0,1.0,2.992739791807253e-05,1.6063915609265678e-05,1.3863483218301553e-05,1.0
0.004,948,,,,,,,,,,,,,,,,,,,,,,,,,,,,,,,,,,,,,,,,
,953,0.18957415223121643,1896.017822265625,0.18957415223121643,0.33595409989356995,nan,nan,nan,0.0,1.0,2.7639613108476624e-05,1.527765743958298e-05,1.2361954759398941e-05,1.0,0.1895517110824585,0.18957415223121643,158.0,0.004000000189989805,0.30000001192092896,0.0,0.0,0.0,0.0,1.0000000116860974e-07,1.0000000116860974e-07,0.0,0.30000001192092896,158,,,,,,,,,,,,,
,953,,,,,,,,,,,,,,,,,,,,,,,,,,,159,0.1882057636976242,1882.3531494140625,0.1882057636976242,0.3589555025100708,nan,nan,nan,0.0,1.0,2.9568242098321207e-05,1.5913921743049286e-05,1.3654321264766622e-05,1.0
0.004,954,,,,,,,,,,,,,,,,,,,,,,,,,,,,,,,,,,,,,,,,
,959,0.18950144946575165,1895.2908935546875,0.18950144946575165,0.3377130627632141,nan,nan,nan,0.0,1.0,2.7636315280687995e-05,1.544011502119247e-05,1.2196198440506123e-05,1.0,0.18951652944087982,0.18950144946575165,159.0,0.004000000189989805,0.30000001192092896,0.0,0.0,0.0,0.0,1.0000000116860974e-07,1.0000000116860974e-07,0.0,0.30000001192092896,159,,,,,,,,,,,,,
,959,,,,,,,,,,,,,,,,,,,,,,,,,,,160,0.18802142143249512,1880.5125732421875,0.18802142143249512,0.3578464090824127,nan,nan,nan,0.0,1.0,2.9839755370630883e-05,1.6346863048966043e-05,1.3492891412170138e-05,1.0
0.004,960,,,,,,,,,,,,,,,,,,,,,,,,,,,,,,,,,,,,,,,,
,965,0.18962767720222473,1896.552001953125,0.18962767720222473,0.3346508741378784,nan,nan,nan,0.0,1.0,2.753076478256844e-05,1.5439178241649643e-05,1.2091584721929394e-05,1.0,0.1895943284034729,0.18962767720222473,160.0,0.004000000189989805,0.30000001192092896,0.0,0.0,0.0,0.0,1.0000000116860974e-07,1.0000000116860974e-07,0.0,0.30000001192092896,160,,,,,,,,,,,,,
,965,,,,,,,,,,,,,,,,,,,,,,,,,,,161,0.18848586082458496,1885.1527099609375,0.18848586082458496,0.35583338141441345,nan,nan,nan,0.0,1.0,2.9408818591036834e-05,1.6144853361765854e-05,1.3263962500786874e-05,1.0
0.004,966,,,,,,,,,,,,,,,,,,,,,,,,,,,,,,,,,,,,,,,,
,971,0.18961714208126068,1896.446044921875,0.18961714208126068,0.3349398970603943,nan,nan,nan,0.0,1.0,2.746565587585792e-05,1.5411467757076025e-05,1.2054187209287193e-05,1.0,0.1896103024482727,0.18961714208126068,161.0,0.004000000189989805,0.30000001192092896,0.0,0.0,0.0,0.0,1.0000000116860974e-07,1.0000000116860974e-07,0.0,0.30000001192092896,161,,,,,,,,,,,,,
,971,,,,,,,,,,,,,,,,,,,,,,,,,,,162,0.18810097873210907,1881.3045654296875,0.18810097873210907,0.36470016837120056,nan,nan,nan,0.0,1.0,2.949237205029931e-05,1.6200585378101096e-05,1.3291785762703512e-05,1.0
0.004,972,,,,,,,,,,,,,,,,,,,,,,,,,,,,,,,,,,,,,,,,
,977,0.18973134458065033,1897.5892333984375,0.18973134458065033,0.3321453630924225,nan,nan,nan,0.0,1.0,2.7570293241296895e-05,1.541447636554949e-05,1.2155816875747405e-05,1.0,0.18969503045082092,0.18973134458065033,162.0,0.004000000189989805,0.30000001192092896,0.0,0.0,0.0,0.0,1.0000000116860974e-07,1.0000000116860974e-07,0.0,0.30000001192092896,162,,,,,,,,,,,,,
,977,,,,,,,,,,,,,,,,,,,,,,,,,,,163,0.1884767860174179,1885.0616455078125,0.1884767860174179,0.3605234622955322,nan,nan,nan,0.0,1.0,2.937601129815448e-05,1.6179054000531323e-05,1.3196960026107263e-05,1.0
0.004,978,,,,,,,,,,,,,,,,,,,,,,,,,,,,,,,,,,,,,,,,
,983,0.18926078081130981,1892.8861083984375,0.18926078081130981,0.3436017334461212,nan,nan,nan,0.0,1.0,2.7827711164718494e-05,1.5396513845189475e-05,1.2431195500539616e-05,1.0,0.18939104676246643,0.18926078081130981,163.0,0.004000000189989805,0.30000001192092896,0.0,0.0,0.0,0.0,1.0000000116860974e-07,1.0000000116860974e-07,0.0,0.30000001192092896,163,,,,,,,,,,,,,
,983,,,,,,,,,,,,,,,,,,,,,,,,,,,164,0.1884487420320511,1884.7852783203125,0.1884487420320511,0.3593674898147583,nan,nan,nan,0.0,1.0,2.9793778594466858e-05,1.6249805412371643e-05,1.3543969544116408e-05,1.0
0.004,984,,,,,,,,,,,,,,,,,,,,,,,,,,,,,,,,,,,,,,,,
,989,0.189347505569458,1893.7569580078125,0.189347505569458,0.3414878845214844,nan,nan,nan,0.0,1.0,2.8192247555125505e-05,1.563283512950875e-05,1.2559412425616756e-05,1.0,0.18936055898666382,0.189347505569458,164.0,0.004000000189989805,0.30000001192092896,0.0,0.0,0.0,0.0,1.0000000116860974e-07,1.0000000116860974e-07,0.0,0.30000001192092896,164,,,,,,,,,,,,,
,989,,,,,,,,,,,,,,,,,,,,,,,,,,,165,0.1881767362356186,1882.06787109375,0.1881767362356186,0.3580351769924164,nan,nan,nan,0.0,1.0,3.004061545652803e-05,1.6366793715860695e-05,1.3673822650162037e-05,1.0
0.004,990,,,,,,,,,,,,,,,,,,,,,,,,,,,,,,,,,,,,,,,,
,995,0.18947772681713104,1895.0599365234375,0.18947772681713104,0.33830323815345764,nan,nan,nan,0.0,1.0,2.8258562451810576e-05,1.5295403500203975e-05,1.2963158951606601e-05,1.0,0.18944257497787476,0.18947772681713104,165.0,0.004000000189989805,0.30000001192092896,0.0,0.0,0.0,0.0,1.0000000116860974e-07,1.0000000116860974e-07,0.0,0.30000001192092896,165,,,,,,,,,,,,,
,995,,,,,,,,,,,,,,,,,,,,,,,,,,,166,0.18812024593353271,1881.5062255859375,0.18812024593353271,0.36279818415641785,nan,nan,nan,0.0,1.0,3.035930603800807e-05,1.65450092026731e-05,1.3814297744829673e-05,1.0
0.004,996,,,,,,,,,,,,,,,,,,,,,,,,,,,,,,,,,,,,,,,,
,1001,0.18968088924884796,1897.093017578125,0.18968088924884796,0.3333519697189331,nan,nan,nan,0.0,1.0,2.839685657818336e-05,1.53959117596969e-05,1.3000943908991758e-05,1.0,0.18960939347743988,0.18968088924884796,166.0,0.004000000189989805,0.30000001192092896,0.0,0.0,0.0,0.0,1.0000000116860974e-07,1.0000000116860974e-07,0.0,0.30000001192092896,166,,,,,,,,,,,,,
,1001,,,,,,,,,,,,,,,,,,,,,,,,,,,167,0.18778912723064423,1878.1966552734375,0.18778912723064423,0.3614846169948578,nan,nan,nan,0.0,1.0,3.0526090995408595e-05,1.6430041796411388e-05,1.4096053746470716e-05,1.0
0.004,1002,,,,,,,,,,,,,,,,,,,,,,,,,,,,,,,,,,,,,,,,
,1007,0.1894567310810089,1894.8482666015625,0.1894567310810089,0.338802695274353,nan,nan,nan,0.0,1.0,2.809617217280902e-05,1.5287463611457497e-05,1.2808709470846225e-05,1.0,0.1895025372505188,0.1894567310810089,167.0,0.004000000189989805,0.30000001192092896,0.0,0.0,0.0,0.0,1.0000000116860974e-07,1.0000000116860974e-07,0.0,0.30000001192092896,167,,,,,,,,,,,,,
,1007,,,,,,,,,,,,,,,,,,,,,,,,,,,168,0.18796654045581818,1879.9716796875,0.18796654045581818,0.36479103565216064,nan,nan,nan,0.0,1.0,3.0627375963376835e-05,1.646197233640123e-05,1.4165404536470305e-05,1.0
0.004,1008,,,,,,,,,,,,,,,,,,,,,,,,,,,,,,,,,,,,,,,,
,1013,0.18977098166942596,1897.9888916015625,0.18977098166942596,0.3311982750892639,nan,nan,nan,0.0,1.0,2.791126462398097e-05,1.4971712516853586e-05,1.2939553016622085e-05,1.0,0.18969044089317322,0.18977098166942596,168.0,0.004000000189989805,0.30000001192092896,0.0,0.0,0.0,0.0,1.0000000116860974e-07,1.0000000116860974e-07,0.0,0.30000001192092896,168,,,,,,,,,,,,,
,1013,,,,,,,,,,,,,,,,,,,,,,,,,,,169,0.18816369771957397,1881.9407958984375,0.18816369771957397,0.36455950140953064,nan,nan,nan,0.0,1.0,3.038154864043463e-05,1.606313162483275e-05,1.4318417925096583e-05,1.0
0.004,1014,,,,,,,,,,,,,,,,,,,,,,,,,,,,,,,,,,,,,,,,
,1019,0.18950989842414856,1895.381591796875,0.18950989842414856,0.337502658367157,nan,nan,nan,0.0,1.0,2.8265842047403567e-05,1.531847556179855e-05,1.2947364666615613e-05,1.0,0.1895640641450882,0.18950989842414856,169.0,0.004000000189989805,0.30000001192092896,0.0,0.0,0.0,0.0,1.0000000116860974e-07,1.0000000116860974e-07,0.0,0.30000001192092896,169,,,,,,,,,,,,,
,1019,,,,,,,,,,,,,,,,,,,,,,,,,,,170,0.18794602155685425,1879.765625,0.18794602155685425,0.36612871289253235,nan,nan,nan,0.0,1.0,3.0542050808435306e-05,1.6212625268963166e-05,1.4329423720482737e-05,1.0
0.004,1020,,,,,,,,,,,,,,,,,,,,,,,,,,,,,,,,,,,,,,,,
,1025,0.1895710676908493,1895.9866943359375,0.1895710676908493,0.33604535460472107,nan,nan,nan,0.0,1.0,2.760250572464429e-05,1.4855430890747812e-05,1.2747073014907073e-05,1.0,0.18956896662712097,0.1895710676908493,170.0,0.004000000189989805,0.30000001192092896,0.0,0.0,0.0,0.0,1.0000000116860974e-07,1.0000000116860974e-07,0.0,0.30000001192092896,170,,,,,,,,,,,,,
,1025,,,,,,,,,,,,,,,,,,,,,,,,,,,171,0.18765996396541595,1876.904296875,0.18765996396541595,0.3650253713130951,nan,nan,nan,0.0,1.0,3.0474191589746624e-05,1.610918297956232e-05,1.4365007700689603e-05,1.0
0.004,1026,,,,,,,,,,,,,,,,,,,,,,,,,,,,,,,,,,,,,,,,
,1031,0.18946892023086548,1894.9683837890625,0.18946892023086548,0.338518887758255,nan,nan,nan,0.0,1.0,2.792501254589297e-05,1.5092777175595984e-05,1.2832235370296985e-05,1.0,0.1894989311695099,0.18946892023086548,171.0,0.004000000189989805,0.30000001192092896,0.0,0.0,0.0,0.0,1.0000000116860974e-07,1.0000000116860974e-07,0.0,0.30000001192092896,171,,,,,,,,,,,,,
,1031,,,,,,,,,,,,,,,,,,,,,,,,,,,172,0.1880461722612381,1880.7611083984375,0.1880461722612381,0.36928340792655945,nan,nan,nan,0.0,1.0,2.9940718377474695e-05,1.5841398635529913e-05,1.4099320651439484e-05,1.0
0.004,1032,,,,,,,,,,,,,,,,,,,,,,,,,,,,,,,,,,,,,,,,
,1037,0.18965207040309906,1896.8016357421875,0.18965207040309906,0.3340812921524048,nan,nan,nan,0.0,1.0,2.8100001145503484e-05,1.5234667444019578e-05,1.2865331882494502e-05,1.0,0.18960613012313843,0.18965207040309906,172.0,0.004000000189989805,0.30000001192092896,0.0,0.0,0.0,0.0,1.0000000116860974e-07,1.0000000116860974e-07,0.0,0.30000001192092896,172,,,,,,,,,,,,,
,1037,,,,,,,,,,,,,,,,,,,,,,,,,,,173,0.18760891258716583,1876.3951416015625,0.18760891258716583,0.3685533106327057,nan,nan,nan,0.0,1.0,3.059874870814383e-05,1.644685835344717e-05,1.4151890354696661e-05,1.0
0.004,1038,,,,,,,,,,,,,,,,,,,,,,,,,,,,,,,,,,,,,,,,
,1043,0.18938085436820984,1894.0897216796875,0.18938085436820984,0.34064942598342896,nan,nan,nan,0.0,1.0,2.8101760108256713e-05,1.512446760898456e-05,1.2977293408766855e-05,1.0,0.18944844603538513,0.18938085436820984,173.0,0.004000000189989805,0.30000001192092896,0.0,0.0,0.0,0.0,1.0000000116860974e-07,1.0000000116860974e-07,0.0,0.30000001192092896,173,,,,,,,,,,,,,
,1043,,,,,,,,,,,,,,,,,,,,,,,,,,,174,0.18799364566802979,1880.2403564453125,0.18799364566802979,0.36806049942970276,nan,nan,nan,0.0,1.0,3.0398243325180374e-05,1.6163921827683225e-05,1.4234320588002447e-05,1.0
0.004,1044,,,,,,,,,,,,,,,,,,,,,,,,,,,,,,,,,,,,,,,,
,1049,0.18941660225391388,1894.4486083984375,0.18941660225391388,0.33981189131736755,nan,nan,nan,0.0,1.0,2.8271293558645993e-05,1.5289157090592198e-05,1.298213373956969e-05,1.0,0.18942615389823914,0.18941660225391388,174.0,0.004000000189989805,0.30000001192092896,0.0,0.0,0.0,0.0,1.0000000116860974e-07,1.0000000116860974e-07,0.0,0.30000001192092896,174,,,,,,,,,,,,,
,1049,,,,,,,,,,,,,,,,,,,,,,,,,,,175,0.18785911798477173,1878.8939208984375,0.18785911798477173,0.3665488064289093,nan,nan,nan,0.0,1.0,3.0255585443228483e-05,1.6100342691061087e-05,1.4155241842672694e-05,1.0
0.004,1050,,,,,,,,,,,,,,,,,,,,,,,,,,,,,,,,,,,,,,,,
,1055,0.18939831852912903,1894.2630615234375,0.18939831852912903,0.34022971987724304,nan,nan,nan,0.0,1.0,2.7975924240308814e-05,1.5212332073133439e-05,1.2763591257680673e-05,1.0,0.18940666317939758,0.18939831852912903,175.0,0.004000000189989805,0.30000001192092896,0.0,0.0,0.0,0.0,1.0000000116860974e-07,1.0000000116860974e-07,0.0,0.30000001192092896,175,,,,,,,,,,,,,
,1055,,,,,,,,,,,,,,,,,,,,,,,,,,,176,0.1877981424331665,1878.2874755859375,0.1877981424331665,0.3655100166797638,nan,nan,nan,0.0,1.0,3.06065303448122e-05,1.6325231626979075e-05,1.4281295989349019e-05,1.0
0.004,1056,,,,,,,,,,,,,,,,,,,,,,,,,,,,,,,,,,,,,,,,
,1061,0.18959248065948486,1896.20166015625,0.18959248065948486,0.33547869324684143,nan,nan,nan,0.0,1.0,2.7678554033627734e-05,1.5010992683528457e-05,1.2667559531109873e-05,1.0,0.18953673541545868,0.18959248065948486,176.0,0.004000000189989805,0.30000001192092896,0.0,0.0,0.0,0.0,1.0000000116860974e-07,1.0000000116860974e-07,0.0,0.30000001192092896,176,,,,,,,,,,,,,
,1061,,,,,,,,,,,,,,,,,,,,,,,,,,,177,0.1880113035440445,1880.4158935546875,0.1880113035440445,0.3648097813129425,nan,nan,nan,0.0,1.0,3.027207094419282e-05,1.6257070456049405e-05,1.4015000488143414e-05,1.0
0.004,1062,,,,,,,,,,,,,,,,,,,,,,,,,,,,,,,,,,,,,,,,
,1067,0.1892911195755005,1893.1849365234375,0.1892911195755005,0.3428647518157959,nan,nan,nan,0.0,1.0,2.736465285124723e-05,1.4472650946117938e-05,1.2892001905129291e-05,1.0,0.18936480581760406,0.1892911195755005,177.0,0.004000000189989805,0.30000001192092896,0.0,0.0,0.0,0.0,1.0000000116860974e-07,1.0000000116860974e-07,0.0,0.30000001192092896,177,,,,,,,,,,,,,
,1067,,,,,,,,,,,,,,,,,,,,,,,,,,,178,0.1881180852651596,1881.48095703125,0.1881180852651596,0.3655433654785156,nan,nan,nan,0.0,1.0,3.0004806831129827e-05,1.5985313439159654e-05,1.4019494301464874e-05,1.0
0.004,1068,,,,,,,,,,,,,,,,,,,,,,,,,,,,,,,,,,,,,,,,
,1073,0.1893257051706314,1893.5394287109375,0.1893257051706314,0.3420126736164093,nan,nan,nan,0.0,1.0,2.8242418920854107e-05,1.5404952137032524e-05,1.2837468602810986e-05,1.0,0.18933743238449097,0.1893257051706314,178.0,0.004000000189989805,0.30000001192092896,0.0,0.0,0.0,0.0,1.0000000116860974e-07,1.0000000116860974e-07,0.0,0.30000001192092896,178,,,,,,,,,,,,,
,1073,,,,,,,,,,,,,,,,,,,,,,,,,,,179,0.18771404027938843,1877.4403076171875,0.18771404027938843,0.3673001825809479,nan,nan,nan,0.0,1.0,2.9999633625266142e-05,1.5963983969413675e-05,1.4035649655852467e-05,1.0
0.004,1074,,,,,,,,,,,,,,,,,,,,,,,,,,,,,,,,,,,,,,,,
,1079,0.18975704908370972,1897.8533935546875,0.18975704908370972,0.3314917981624603,nan,nan,nan,0.0,1.0,2.829528420988936e-05,1.5526537026744336e-05,1.276874536415562e-05,1.0,0.1896311640739441,0.18975704908370972,179.0,0.004000000189989805,0.30000001192092896,0.0,0.0,0.0,0.0,1.0000000116860974e-07,1.0000000116860974e-07,0.0,0.30000001192092896,179,,,,,,,,,,,,,
,1079,,,,,,,,,,,,,,,,,,,,,,,,,,,180,0.18773961067199707,1877.703125,0.18773961067199707,0.3676479160785675,nan,nan,nan,0.0,1.0,3.070057209697552e-05,1.6523757949471474e-05,1.4176814147504047e-05,1.0
0.004,1080,,,,,,,,,,,,,,,,,,,,,,,,,,,,,,,,,,,,,,,,
,1085,0.18947510421276093,1895.0377197265625,0.18947510421276093,0.33838874101638794,nan,nan,nan,0.0,1.0,2.867596958822105e-05,1.600686664460227e-05,1.2669103853113484e-05,1.0,0.189521923661232,0.18947510421276093,180.0,0.004000000189989805,0.30000001192092896,0.0,0.0,0.0,0.0,1.0000000116860974e-07,1.0000000116860974e-07,0.0,0.30000001192092896,180,,,,,,,,,,,,,
,1085,,,,,,,,,,,,,,,,,,,,,,,,,,,181,0.18777287006378174,1878.0367431640625,0.18777287006378174,0.3681674003601074,nan,nan,nan,0.0,1.0,3.08227063214872e-05,1.6762636732892133e-05,1.4060065041121561e-05,1.0
0.004,1086,,,,,,,,,,,,,,,,,,,,,,,,,,,,,,,,,,,,,,,,
,1091,0.1894463747739792,1894.7467041015625,0.1894463747739792,0.3390558660030365,nan,nan,nan,0.0,1.0,2.8297703465796076e-05,1.572034125274513e-05,1.2577363122545648e-05,1.0,0.18946903944015503,0.1894463747739792,181.0,0.004000000189989805,0.30000001192092896,0.0,0.0,0.0,0.0,1.0000000116860974e-07,1.0000000116860974e-07,0.0,0.30000001192092896,181,,,,,,,,,,,,,
,1091,,,,,,,,,,,,,,,,,,,,,,,,,,,182,0.1877807229757309,1878.1136474609375,0.1877807229757309,0.3693148195743561,nan,nan,nan,0.0,1.0,3.066504723392427e-05,1.6908123143366538e-05,1.3756922271568328e-05,1.0
0.004,1092,,,,,,,,,,,,,,,,,,,,,,,,,,,,,,,,,,,,,,,,
,1097,0.18938098847866058,1894.0880126953125,0.18938098847866058,0.3406527042388916,nan,nan,nan,0.0,1.0,2.7798529117717408e-05,1.5126601283554919e-05,1.2671927834162489e-05,1.0,0.18940740823745728,0.18938098847866058,182.0,0.004000000189989805,0.30000001192092896,0.0,0.0,0.0,0.0,1.0000000116860974e-07,1.0000000116860974e-07,0.0,0.30000001192092896,182,,,,,,,,,,,,,
,1097,,,,,,,,,,,,,,,,,,,,,,,,,,,183,0.18772481381893158,1877.5499267578125,0.18772481381893158,0.3685671389102936,nan,nan,nan,0.0,1.0,3.0193034035619348e-05,1.628339487069752e-05,1.3909637345932424e-05,1.0
0.004,1098,,,,,,,,,,,,,,,,,,,,,,,,,,,,,,,,,,,,,,,,
,1103,0.18978364765644073,1898.1182861328125,0.18978364765644073,0.33087119460105896,nan,nan,nan,0.0,1.0,2.8174117687740363e-05,1.544008409837261e-05,1.2734032679873053e-05,1.0,0.18967077136039734,0.18978364765644073,183.0,0.004000000189989805,0.30000001192092896,0.0,0.0,0.0,0.0,1.0000000116860974e-07,1.0000000116860974e-07,0.0,0.30000001192092896,183,,,,,,,,,,,,,
,1103,,,,,,,,,,,,,,,,,,,,,,,,,,,184,0.18782544136047363,1878.5606689453125,0.18782544136047363,0.3710021674633026,nan,nan,nan,0.0,1.0,3.063778785872273e-05,1.651760976528749e-05,1.4120179002929945e-05,1.0
0.004,1104,,,,,,,,,,,,,,,,,,,,,,,,,,,,,,,,,,,,,,,,
,1109,0.18951953947544098,1895.4727783203125,0.18951953947544098,0.3373022973537445,nan,nan,nan,0.0,1.0,2.773250889731571e-05,1.5147846170293633e-05,1.2584664546011481e-05,1.0,0.18956491351127625,0.18951953947544098,184.0,0.004000000189989805,0.30000001192092896,0.0,0.0,0.0,0.0,1.0000000116860974e-07,1.0000000116860974e-07,0.0,0.30000001192092896,184,,,,,,,,,,,,,
,1109,,,,,,,,,,,,,,,,,,,,,,,,,,,185,0.1877717524766922,1878.0186767578125,0.1877717524766922,0.3689250648021698,nan,nan,nan,0.0,1.0,3.0109624276519753e-05,1.6326923287124373e-05,1.3782700079900678e-05,1.0
0.004,1110,,,,,,,,,,,,,,,,,,,,,,,,,,,,,,,,,,,,,,,,
,1115,0.18934914469718933,1893.7708740234375,0.18934914469718933,0.34144556522369385,nan,nan,nan,0.0,1.0,2.7940322979702614e-05,1.5490530131501146e-05,1.2449790119717363e-05,1.0,0.1894138753414154,0.18934914469718933,185.0,0.004000000189989805,0.30000001192092896,0.0,0.0,0.0,0.0,1.0000000116860974e-07,1.0000000116860974e-07,0.0,0.30000001192092896,185,,,,,,,,,,,,,
,1115,,,,,,,,,,,,,,,,,,,,,,,,,,,186,0.18793755769729614,1879.6744384765625,0.18793755769729614,0.3677370548248291,nan,nan,nan,0.0,1.0,2.9905515475547872e-05,1.6353265891666524e-05,1.3552246855397243e-05,1.0
0.004,1116,,,,,,,,,,,,,,,,,,,,,,,,,,,,,,,,,,,,,,,,
,1121,0.1895821988582611,1896.100830078125,0.1895821988582611,0.335753858089447,nan,nan,nan,0.0,1.0,2.7869335099239834e-05,1.5437452020705678e-05,1.2431881259544753e-05,1.0,0.18953169882297516,0.1895821988582611,186.0,0.004000000189989805,0.30000001192092896,0.0,0.0,0.0,0.0,1.0000000116860974e-07,1.0000000116860974e-07,0.0,0.30000001192092896,186,,,,,,,,,,,,,
,1121,,,,,,,,,,,,,,,,,,,,,,,,,,,187,0.18755485117435455,1875.8494873046875,0.18755485117435455,0.3719296455383301,nan,nan,nan,0.0,1.0,3.0091081498540007e-05,1.6526048057130538e-05,1.356503435090417e-05,1.0
0.004,1122,,,,,,,,,,,,,,,,,,,,,,,,,,,,,,,,,,,,,,,,
,1127,0.18949538469314575,1895.236083984375,0.18949538469314575,0.33785852789878845,nan,nan,nan,0.0,1.0,2.823703471221961e-05,1.58265156642301e-05,1.241051904798951e-05,1.0,0.18950627744197845,0.18949538469314575,187.0,0.004000000189989805,0.30000001192092896,0.0,0.0,0.0,0.0,1.0000000116860974e-07,1.0000000116860974e-07,0.0,0.30000001192092896,187,,,,,,,,,,,,,
,1127,,,,,,,,,,,,,,,,,,,,,,,,,,,188,0.18791121244430542,1879.4141845703125,0.18791121244430542,0.3705419600009918,nan,nan,nan,0.0,1.0,3.023505450983066e-05,1.6538362615392543e-05,1.3696689165954012e-05,1.0
0.004,1128,,,,,,,,,,,,,,,,,,,,,,,,,,,,,,,,,,,,,,,,
,1133,0.1894727349281311,1895.0125732421875,0.1894727349281311,0.33840468525886536,nan,nan,nan,0.0,1.0,2.8554450182127766e-05,1.6089190467027947e-05,1.246526062459452e-05,1.0,0.18948280811309814,0.1894727349281311,188.0,0.004000000189989805,0.30000001192092896,0.0,0.0,0.0,0.0,1.0000000116860974e-07,1.0000000116860974e-07,0.0,0.30000001192092896,188,,,,,,,,,,,,,
,1133,,,,,,,,,,,,,,,,,,,,,,,,,,,189,0.18763498961925507,1876.6578369140625,0.18763498961925507,0.37398993968963623,nan,nan,nan,0.0,1.0,3.080518217757344e-05,1.6903059076867066e-05,1.3902122191211674e-05,1.0
0.004,1134,,,,,,,,,,,,,,,,,,,,,,,,,,,,,,,,,,,,,,,,
,1139,0.18946494162082672,1894.931640625,0.18946494162082672,0.33859872817993164,nan,nan,nan,0.0,1.0,2.8253227355889976e-05,1.5678950148867443e-05,1.2574276297527831e-05,1.0,0.1894703060388565,0.18946494162082672,189.0,0.004000000189989805,0.30000001192092896,0.0,0.0,0.0,0.0,1.0000000116860974e-07,1.0000000116860974e-07,0.0,0.30000001192092896,189,,,,,,,,,,,,,
,1139,,,,,,,,,,,,,,,,,,,,,,,,,,,190,0.18761716783046722,1876.4810791015625,0.18761716783046722,0.3711515963077545,nan,nan,nan,0.0,1.0,3.093955820077099e-05,1.7100455806939863e-05,1.3839106941304635e-05,1.0
0.004,1140,,,,,,,,,,,,,,,,,,,,,,,,,,,,,,,,,,,,,,,,
,1145,0.18948833644390106,1895.17138671875,0.18948833644390106,0.3380167484283447,nan,nan,nan,0.0,1.0,2.8805501642636955e-05,1.6010184481274337e-05,1.279531807085732e-05,1.0,0.1894829273223877,0.18948833644390106,190.0,0.004000000189989805,0.30000001192092896,0.0,0.0,0.0,0.0,1.0000000116860974e-07,1.0000000116860974e-07,0.0,0.30000001192092896,190,,,,,,,,,,,,,
,1145,,,,,,,,,,,,,,,,,,,,,,,,,,,191,0.18756605684757233,1875.9730224609375,0.18756605684757233,0.37307438254356384,nan,nan,nan,0.0,1.0,3.1243380362866446e-05,1.7029437003657222e-05,1.421394063072512e-05,1.0
0.004,1146,,,,,,,,,,,,,,,,,,,,,,,,,,,,,,,,,,,,,,,,
,1151,0.18951860070228577,1895.465576171875,0.18951860070228577,0.337314635515213,nan,nan,nan,0.0,1.0,2.7965475965174846e-05,1.528338725620415e-05,1.268208598048659e-05,1.0,0.1895078867673874,0.18951860070228577,191.0,0.004000000189989805,0.30000001192092896,0.0,0.0,0.0,0.0,1.0000000116860974e-07,1.0000000116860974e-07,0.0,0.30000001192092896,191,,,,,,,,,,,,,
,1151,,,,,,,,,,,,,,,,,,,,,,,,,,,192,0.1879522204399109,1879.8345947265625,0.1879522204399109,0.37253499031066895,nan,nan,nan,0.0,1.0,3.122453563264571e-05,1.6906402379390784e-05,1.431813416274963e-05,1.0
0.004,1152,,,,,,,,,,,,,,,,,,,,,,,,,,,,,,,,,,,,,,,,
,1157,0.18949420750141144,1895.219970703125,0.18949420750141144,0.3379061222076416,nan,nan,nan,0.0,1.0,2.7807272999780253e-05,1.5034160242066719e-05,1.277311548619764e-05,1.0,0.18949832022190094,0.18949420750141144,192.0,0.004000000189989805,0.30000001192092896,0.0,0.0,0.0,0.0,1.0000000116860974e-07,1.0000000116860974e-07,0.0,0.30000001192092896,192,,,,,,,,,,,,,
,1157,,,,,,,,,,,,,,,,,,,,,,,,,,,193,0.18771547079086304,1877.4615478515625,0.18771547079086304,0.37377211451530457,nan,nan,nan,0.0,1.0,3.0694111046614125e-05,1.6320454960805364e-05,1.4373658814292867e-05,1.0
0.004,1158,,,,,,,,,,,,,,,,,,,,,,,,,,,,,,,,,,,,,,,,
,1163,0.18947717547416687,1895.0550537109375,0.18947717547416687,0.33832550048828125,nan,nan,nan,0.0,1.0,2.8335647584754042e-05,1.554170739836991e-05,1.2793943824362941e-05,1.0,0.18948350846767426,0.18947717547416687,193.0,0.004000000189989805,0.30000001192092896,0.0,0.0,0.0,0.0,1.0000000116860974e-07,1.0000000116860974e-07,0.0,0.30000001192092896,193,,,,,,,,,,,,,
,1163,,,,,,,,,,,,,,,,,,,,,,,,,,,194,0.18756835162639618,1875.9930419921875,0.18756835162639618,0.3741316497325897,nan,nan,nan,0.0,1.0,3.095611828030087e-05,1.6505346138728783e-05,1.445077305106679e-05,1.0
0.004,1164,,,,,,,,,,,,,,,,,,,,,,,,,,,,,,,,,,,,,,,,
,1169,0.18939942121505737,1894.280029296875,0.18939942121505737,0.3401683568954468,nan,nan,nan,0.0,1.0,2.856170613085851e-05,1.568570405652281e-05,1.2876003893325105e-05,1.0,0.18942464888095856,0.18939942121505737,194.0,0.004000000189989805,0.30000001192092896,0.0,0.0,0.0,0.0,1.0000000116860974e-07,1.0000000116860974e-07,0.0,0.30000001192092896,194,,,,,,,,,,,,,
,1169,,,,,,,,,,,,,,,,,,,,,,,,,,,195,0.18764038383960724,1876.71484375,0.18764038383960724,0.37007561326026917,nan,nan,nan,0.0,1.0,3.109469616902061e-05,1.684078415564727e-05,1.4253913832362741e-05,1.0
0.004,1170,,,,,,,,,,,,,,,,,,,,,,,,,,,,,,,,,,,,,,,,
,1175,0.18949051201343536,1895.1900634765625,0.18949051201343536,0.3380015790462494,nan,nan,nan,0.0,1.0,2.8507101887953468e-05,1.564048943691887e-05,1.28666133605293e-05,1.0,0.18947075307369232,0.18949051201343536,195.0,0.004000000189989805,0.30000001192092896,0.0,0.0,0.0,0.0,1.0000000116860974e-07,1.0000000116860974e-07,0.0,0.30000001192092896,195,,,,,,,,,,,,,
,1175,,,,,,,,,,,,,,,,,,,,,,,,,,,196,0.1877461075782776,1877.77294921875,0.1877461075782776,0.37417498230934143,nan,nan,nan,0.0,1.0,3.117531014140695e-05,1.6780591977294534e-05,1.4394718164112419e-05,1.0
0.004,1176,,,,,,,,,,,,,,,,,,,,,,,,,,,,,,,,,,,,,,,,
,1181,0.18946810066699982,1894.9599609375,0.18946810066699982,0.3385445773601532,nan,nan,nan,0.0,1.0,2.7896872779820114e-05,1.5018102203612216e-05,1.2878768757218495e-05,1.0,0.1894688904285431,0.18946810066699982,196.0,0.004000000189989805,0.30000001192092896,0.0,0.0,0.0,0.0,1.0000000116860974e-07,1.0000000116860974e-07,0.0,0.30000001192092896,196,,,,,,,,,,,,,
,1181,,,,,,,,,,,,,,,,,,,,,,,,,,,197,0.18751107156276703,1875.4185791015625,0.18751107156276703,0.3768566846847534,nan,nan,nan,0.0,1.0,3.079360249103047e-05,1.6364594557671808e-05,1.4429008842853364e-05,1.0
0.004,1182,,,,,,,,,,,,,,,,,,,,,,,,,,,,,,,,,,,,,,,,
,1187,0.18952320516109467,1895.5113525390625,0.18952320516109467,0.33718058466911316,nan,nan,nan,0.0,1.0,2.7922342269448563e-05,1.5082710888236761e-05,1.2839632290706504e-05,1.0,0.1895069181919098,0.18952320516109467,197.0,0.004000000189989805,0.30000001192092896,0.0,0.0,0.0,0.0,1.0000000116860974e-07,1.0000000116860974e-07,0.0,0.30000001192092896,197,,,,,,,,,,,,,
,1187,,,,,,,,,,,,,,,,,,,,,,,,,,,198,0.18736593425273895,1873.9654541015625,0.18736593425273895,0.3760417401790619,nan,nan,nan,0.0,1.0,3.061786264879629e-05,1.6168431102414615e-05,1.4449430636886973e-05,1.0
0.004,1188,,,,,,,,,,,,,,,,,,,,,,,,,,,,,,,,,,,,,,,,
,1193,0.1894817352294922,1895.105224609375,0.1894817352294922,0.33820319175720215,nan,nan,nan,0.0,1.0,2.8795240723411553e-05,1.576651084178593e-05,1.3028731700615026e-05,1.0,0.18948929011821747,0.1894817352294922,198.0,0.004000000189989805,0.30000001192092896,0.0,0.0,0.0,0.0,1.0000000116860974e-07,1.0000000116860974e-07,0.0,0.30000001192092896,198,,,,,,,,,,,,,
,1193,,,,,,,,,,,,,,,,,,,,,,,,,,,199,0.18750613927841187,1875.37109375,0.18750613927841187,0.3768880367279053,nan,nan,nan,0.0,1.0,3.095919964835048e-05,1.6472227798658423e-05,1.4486969121207949e-05,1.0
0.004,1194,,,,,,,,,,,,,,,,,,,,,,,,,,,,,,,,,,,,,,,,
,1199,0.1895325630903244,1895.61279296875,0.1895325630903244,0.33696961402893066,nan,nan,nan,0.0,1.0,2.870386560971383e-05,1.5941479432513006e-05,1.2762386177200824e-05,1.0,0.18951958417892456,0.1895325630903244,199.0,0.004000000189989805,0.30000001192092896,0.0,0.0,0.0,0.0,1.0000000116860974e-07,1.0000000116860974e-07,0.0,0.30000001192092896,199,,,,,,,,,,,,,
,1199,,,,,,,,,,,,,,,,,,,,,,,,,,,200,0.18735618889331818,1873.8768310546875,0.18735618889331818,0.377522736787796,nan,nan,nan,0.0,1.0,3.14742537739221e-05,1.7079562894650735e-05,1.4394693607755471e-05,1.0
0.004,1200,,,,,,,,,,,,,,,,,,,,,,,,,,,,,,,,,,,,,,,,
,1205,0.18953464925289154,1895.631103515625,0.18953464925289154,0.33692803978919983,nan,nan,nan,0.0,1.0,2.84691577689955e-05,1.581792275828775e-05,1.2651232282223646e-05,1.0,0.1895301192998886,0.18953464925289154,200.0,0.004000000189989805,0.30000001192092896,0.0,0.0,0.0,0.0,1.0000000116860974e-07,1.0000000116860974e-07,0.0,0.30000001192092896,200,,,,,,,,,,,,,
,1205,,,,,,,,,,,,,,,,,,,,,,,,,,,201,0.1874653697013855,1874.96435546875,0.1874653697013855,0.3760417401790619,nan,nan,nan,0.0,1.0,3.1051920814206824e-05,1.702430563454982e-05,1.4027616998646408e-05,1.0
0.004,1206,,,,,,,,,,,,,,,,,,,,,,,,,,,,,,,,,,,,,,,,
,1211,0.18963031470775604,1896.585205078125,0.18963031470775604,0.33460259437561035,nan,nan,nan,0.0,1.0,2.8201700843055733e-05,1.5408968465635553e-05,1.2792733286914881e-05,1.0,0.18960025906562805,0.18963031470775604,201.0,0.004000000189989805,0.30000001192092896,0.0,0.0,0.0,0.0,1.0000000116860974e-07,1.0000000116860974e-07,0.0,0.30000001192092896,201,,,,,,,,,,,,,
,1211,,,,,,,,,,,,,,,,,,,,,,,,,,,202,0.18737350404262543,1874.0408935546875,0.18737350404262543,0.38047561049461365,nan,nan,nan,0.0,1.0,3.0592214898206294e-05,1.6606791177764535e-05,1.3985420991957653e-05,1.0
0.004,1212,,,,,,,,,,,,,,,,,,,,,,,,,,,,,,,,,,,,,,,,
,1217,0.18942593038082123,1894.540771484375,0.18942593038082123,0.3395523428916931,nan,nan,nan,0.0,1.0,2.8145479518570937e-05,1.5327517758123577e-05,1.281796176044736e-05,1.0,0.18947821855545044,0.18942593038082123,202.0,0.004000000189989805,0.30000001192092896,0.0,0.0,0.0,0.0,1.0000000116860974e-07,1.0000000116860974e-07,0.0,0.30000001192092896,202,,,,,,,,,,,,,
,1217,,,,,,,,,,,,,,,,,,,,,,,,,,,203,0.1875232309103012,1875.5377197265625,0.1875232309103012,0.3761553466320038,nan,nan,nan,0.0,1.0,3.054454646189697e-05,1.6274823792628013e-05,1.4269725397753064e-05,1.0
0.004,1218,,,,,,,,,,,,,,,,,,,,,,,,,,,,,,,,,,,,,,,,
,1223,0.18937595188617706,1894.044677734375,0.18937595188617706,0.340774804353714,nan,nan,nan,0.0,1.0,2.8514907171484083e-05,1.575756505189929e-05,1.2757339391100686e-05,1.0,0.1894066333770752,0.18937595188617706,203.0,0.004000000189989805,0.30000001192092896,0.0,0.0,0.0,0.0,1.0000000116860974e-07,1.0000000116860974e-07,0.0,0.30000001192092896,203,,,,,,,,,,,,,
,1223,,,,,,,,,,,,,,,,,,,,,,,,,,,204,0.18730181455612183,1873.328125,0.18730181455612183,0.37874409556388855,nan,nan,nan,0.0,1.0,3.099133391515352e-05,1.668026925472077e-05,1.4311066479422152e-05,1.0
0.004,1224,,,,,,,,,,,,,,,,,,,,,,,,,,,,,,,,,,,,,,,,
,1229,0.18937155604362488,1894.0010986328125,0.18937155604362488,0.34088557958602905,nan,nan,nan,0.0,1.0,2.8559295969898812e-05,1.5774900020915084e-05,1.2784392311004922e-05,1.0,0.18938207626342773,0.18937155604362488,204.0,0.004000000189989805,0.30000001192092896,0.0,0.0,0.0,0.0,1.0000000116860974e-07,1.0000000116860974e-07,0.0,0.30000001192092896,204,,,,,,,,,,,,,
,1229,,,,,,,,,,,,,,,,,,,,,,,,,,,205,0.1871851682662964,1872.1624755859375,0.1871851682662964,0.3753693103790283,nan,nan,nan,0.0,1.0,3.10729919874575e-05,1.6788348148111254e-05,1.4284640201367438e-05,1.0
0.004,1230,,,,,,,,,,,,,,,,,,,,,,,,,,,,,,,,,,,,,,,,
,1235,0.18951529264450073,1895.4361572265625,0.18951529264450073,0.3373776972293854,nan,nan,nan,0.0,1.0,2.8317985197645612e-05,1.5742401956231333e-05,1.2575580512930173e-05,1.0,0.18947532773017883,0.18951529264450073,205.0,0.004000000189989805,0.30000001192092896,0.0,0.0,0.0,0.0,1.0000000116860974e-07,1.0000000116860974e-07,0.0,0.30000001192092896,205,,,,,,,,,,,,,
,1235,,,,,,,,,,,,,,,,,,,,,,,,,,,206,0.18733854591846466,1873.6962890625,0.18733854591846466,0.37839916348457336,nan,nan,nan,0.0,1.0,3.107734301011078e-05,1.7165109966299497e-05,1.3912228496337775e-05,1.0
0.004,1236,,,,,,,,,,,,,,,,,,,,,,,,,,,,,,,,,,,,,,,,
,1241,0.1894039660692215,1894.324462890625,0.1894039660692215,0.34010952711105347,nan,nan,nan,0.0,1.0,2.849159500328824e-05,1.5826019080122933e-05,1.26655722851865e-05,1.0,0.18942536413669586,0.1894039660692215,206.0,0.004000000189989805,0.30000001192092896,0.0,0.0,0.0,0.0,1.0000000116860974e-07,1.0000000116860974e-07,0.0,0.30000001192092896,206,,,,,,,,,,,,,
,1241,,,,,,,,,,,,,,,,,,,,,,,,,,,207,0.18736125528812408,1873.9178466796875,0.18736125528812408,0.3767870366573334,nan,nan,nan,0.0,1.0,3.0512092052958906e-05,1.658896144363098e-05,1.3923129699833225e-05,1.0
0.004,1242,,,,,,,,,,,,,,,,,,,,,,,,,,,,,,,,,,,,,,,,
,1247,0.18944765627384186,1894.7572021484375,0.18944765627384186,0.3390325903892517,nan,nan,nan,0.0,1.0,2.808183853630908e-05,1.547390093037393e-05,1.260793851542985e-05,1.0,0.18944096565246582,0.18944765627384186,207.0,0.004000000189989805,0.30000001192092896,0.0,0.0,0.0,0.0,1.0000000116860974e-07,1.0000000116860974e-07,0.0,0.30000001192092896,207,,,,,,,,,,,,,
,1247,,,,,,,,,,,,,,,,,,,,,,,,,,,208,0.18743078410625458,1874.6146240234375,0.18743078410625458,0.3792734444141388,nan,nan,nan,0.0,1.0,3.068201840505935e-05,1.6770673028077e-05,1.3911344467487652e-05,1.0
0.004,1248,,,,,,,,,,,,,,,,,,,,,,,,,,,,,,,,,,,,,,,,
,1253,0.18963280320167542,1896.609375,0.18963280320167542,0.33454006910324097,nan,nan,nan,0.0,1.0,2.8114292945247144e-05,1.5439112758031115e-05,1.2675180187216029e-05,1.0,0.18957525491714478,0.18963280320167542,208.0,0.004000000189989805,0.30000001192092896,0.0,0.0,0.0,0.0,1.0000000116860974e-07,1.0000000116860974e-07,0.0,0.30000001192092896,208,,,,,,,,,,,,,
,1253,,,,,,,,,,,,,,,,,,,,,,,,,,,209,0.18749642372131348,1875.2686767578125,0.18749642372131348,0.3787534534931183,nan,nan,nan,0.0,1.0,3.044092773052398e-05,1.6369411241612397e-05,1.4071516488911584e-05,1.0
0.004,1254,,,,,,,,,,,,,,,,,,,,,,,,,,,,,,,,,,,,,,,,
,1259,0.18940024077892303,1894.2847900390625,0.18940024077892303,0.340179443359375,nan,nan,nan,0.0,1.0,2.824547846103087e-05,1.5464902389794588e-05,1.278057516174158e-05,1.0,0.18945273756980896,0.18940024077892303,209.0,0.004000000189989805,0.30000001192092896,0.0,0.0,0.0,0.0,1.0000000116860974e-07,1.0000000116860974e-07,0.0,0.30000001192092896,209,,,,,,,,,,,,,
,1259,,,,,,,,,,,,,,,,,,,,,,,,,,,210,0.187266543507576,1872.9720458984375,0.187266543507576,0.3804498612880707,nan,nan,nan,0.0,1.0,3.066692079300992e-05,1.6483492800034583e-05,1.4183425264491234e-05,1.0
0.004,1260,,,,,,,,,,,,,,,,,,,,,,,,,,,,,,,,,,,,,,,,
,1265,0.1894429475069046,1894.71728515625,0.1894429475069046,0.3391294479370117,nan,nan,nan,0.0,1.0,2.879811290767975e-05,1.594088098499924e-05,1.2857234651164617e-05,1.0,0.1894458830356598,0.1894429475069046,210.0,0.004000000189989805,0.30000001192092896,0.0,0.0,0.0,0.0,1.0000000116860974e-07,1.0000000116860974e-07,0.0,0.30000001192092896,210,,,,,,,,,,,,,
,1265,,,,,,,,,,,,,,,,,,,,,,,,,,,211,0.1876099556684494,1876.412109375,0.1876099556684494,0.3766295909881592,nan,nan,nan,0.0,1.0,3.126348019577563e-05,1.681579669821076e-05,1.444767985958606e-05,1.0
0.004,1266,,,,,,,,,,,,,,,,,,,,,,,,,,,,,,,,,,,,,,,,
,1271,0.18938446044921875,1894.1336669921875,0.18938446044921875,0.34056055545806885,nan,nan,nan,0.0,1.0,2.8917851523146965e-05,1.5929694200167432e-05,1.2988160051463638e-05,1.0,0.18940287828445435,0.18938446044921875,211.0,0.004000000189989805,0.30000001192092896,0.0,0.0,0.0,0.0,1.0000000116860974e-07,1.0000000116860974e-07,0.0,0.30000001192092896,211,,,,,,,,,,,,,
,1271,,,,,,,,,,,,,,,,,,,,,,,,,,,212,0.1876438409090042,1876.7518310546875,0.1876438409090042,0.37623539566993713,nan,nan,nan,0.0,1.0,3.134290091111325e-05,1.6901611161301844e-05,1.4441287021327298e-05,1.0
0.004,1272,,,,,,,,,,,,,,,,,,,,,,,,,,,,,,,,,,,,,,,,
,1277,0.1894650161266327,1894.9429931640625,0.1894650161266327,0.33858004212379456,nan,nan,nan,0.0,1.0,2.925688932009507e-05,1.63445329235401e-05,1.2912357306049671e-05,1.0,0.1894463747739792,0.1894650161266327,212.0,0.004000000189989805,0.30000001192092896,0.0,0.0,0.0,0.0,1.0000000116860974e-07,1.0000000116860974e-07,0.0,0.30000001192092896,212,,,,,,,,,,,,,
,1277,,,,,,,,,,,,,,,,,,,,,,,,,,,213,0.1875656694173813,1875.9730224609375,0.1875656694173813,0.37614813446998596,nan,nan,nan,0.0,1.0,3.160867709084414e-05,1.7118862160714343e-05,1.4489817658613902e-05,1.0
0.004,1278,,,,,,,,,,,,,,,,,,,,,,,,,,,,,,,,,,,,,,,,
,1283,0.18951062858104706,1895.40283203125,0.18951062858104706,0.3374671936035156,nan,nan,nan,0.0,1.0,2.9653365345438942e-05,1.6381192835979164e-05,1.3272175237943884e-05,1.0,0.1894913613796234,0.18951062858104706,213.0,0.004000000189989805,0.30000001192092896,0.0,0.0,0.0,0.0,1.0000000116860974e-07,1.0000000116860974e-07,0.0,0.30000001192092896,213,,,,,,,,,,,,,
,1283,,,,,,,,,,,,,,,,,,,,,,,,,,,214,0.18702417612075806,1870.56494140625,0.18702417612075806,0.3795069754123688,nan,nan,nan,0.0,1.0,3.231433220207691e-05,1.7513322745799087e-05,1.4801008546783123e-05,1.0
0.004,1284,,,,,,,,,,,,,,,,,,,,,,,,,,,,,,,,,,,,,,,,
,1289,0.18964187800884247,1896.7188720703125,0.18964187800884247,0.33427318930625916,nan,nan,nan,0.0,1.0,3.000305332534481e-05,1.6469412003061734e-05,1.3533641322283074e-05,1.0,0.1895967274904251,0.18964187800884247,214.0,0.004000000189989805,0.30000001192092896,0.0,0.0,0.0,0.0,1.0000000116860974e-07,1.0000000116860974e-07,0.0,0.30000001192092896,214,,,,,,,,,,,,,
,1289,,,,,,,,,,,,,,,,,,,,,,,,,,,215,0.18692517280578613,1869.5760498046875,0.18692517280578613,0.3855968415737152,nan,nan,nan,0.0,1.0,3.243572427891195e-05,1.745452573231887e-05,1.4981201275077183e-05,1.0
0.004,1290,,,,,,,,,,,,,,,,,,,,,,,,,,,,,,,,,,,,,,,,
,1295,0.18971218168735504,1897.4222412109375,0.18971218168735504,0.3325863182544708,nan,nan,nan,0.0,1.0,3.0044790037209168e-05,1.6379992302972823e-05,1.3664797734236345e-05,1.0,0.18967753648757935,0.18971218168735504,215.0,0.004000000189989805,0.30000001192092896,0.0,0.0,0.0,0.0,1.0000000116860974e-07,1.0000000116860974e-07,0.0,0.30000001192092896,215,,,,,,,,,,,,,
,1295,,,,,,,,,,,,,,,,,,,,,,,,,,,216,0.1872546672821045,1872.8719482421875,0.1872546672821045,0.38343608379364014,nan,nan,nan,0.0,1.0,3.249914516345598e-05,1.7422895325580612e-05,1.5076253475854173e-05,1.0
0.004,1296,,,,,,,,,,,,,,,,,,,,,,,,,,,,,,,,,,,,,,,,
,1301,0.189531609416008,1895.6121826171875,0.189531609416008,0.3369816243648529,nan,nan,nan,0.0,1.0,2.9595948944916017e-05,1.596839319972787e-05,1.3627556654682849e-05,1.0,0.18957538902759552,0.189531609416008,216.0,0.004000000189989805,0.30000001192092896,0.0,0.0,0.0,0.0,1.0000000116860974e-07,1.0000000116860974e-07,0.0,0.30000001192092896,216,,,,,,,,,,,,,
,1301,,,,,,,,,,,,,,,,,,,,,,,,,,,217,0.18722259998321533,1872.5509033203125,0.18722259998321533,0.38137146830558777,nan,nan,nan,0.0,1.0,3.2504703995073214e-05,1.7439959265175276e-05,1.5064746548887342e-05,1.0
0.004,1302,,,,,,,,,,,,,,,,,,,,,,,,,,,,,,,,,,,,,,,,
,1307,0.18939276039600372,1894.219482421875,0.18939276039600372,0.3403579890727997,nan,nan,nan,0.0,1.0,2.9183676815591753e-05,1.579581839905586e-05,1.3387859326030593e-05,1.0,0.1894475519657135,0.18939276039600372,217.0,0.004000000189989805,0.30000001192092896,0.0,0.0,0.0,0.0,1.0000000116860974e-07,1.0000000116860974e-07,0.0,0.30000001192092896,217,,,,,,,,,,,,,
,1307,,,,,,,,,,,,,,,,,,,,,,,,,,,218,0.18723392486572266,1872.6568603515625,0.18723392486572266,0.3832378089427948,nan,nan,nan,0.0,1.0,3.1772826332598925e-05,1.6826383216539398e-05,1.4946444025554229e-05,1.0
0.004,1308,,,,,,,,,,,,,,,,,,,,,,,,,,,,,,,,,,,,,,,,
,1313,0.18961413204669952,1896.429931640625,0.18961413204669952,0.33496689796447754,nan,nan,nan,0.0,1.0,2.8879187084385194e-05,1.5744095435366035e-05,1.313509164901916e-05,1.0,0.18956415355205536,0.18961413204669952,218.0,0.004000000189989805,0.30000001192092896,0.0,0.0,0.0,0.0,1.0000000116860974e-07,1.0000000116860974e-07,0.0,0.30000001192092896,218,,,,,,,,,,,,,
,1313,,,,,,,,,,,,,,,,,,,,,,,,,,,219,0.18707841634750366,1871.10107421875,0.18707841634750366,0.38671740889549255,nan,nan,nan,0.0,1.0,3.170229683746584e-05,1.6901887647691183e-05,1.480041191825876e-05,1.0
0.004,1314,,,,,,,,,,,,,,,,,,,,,,,,,,,,,,,,,,,,,,,,
,1319,0.18934303522109985,1893.7142333984375,0.18934303522109985,0.3415588438510895,nan,nan,nan,0.0,1.0,2.8386732083163224e-05,1.5229340533551294e-05,1.3157389730622526e-05,1.0,0.18940937519073486,0.18934303522109985,219.0,0.004000000189989805,0.30000001192092896,0.0,0.0,0.0,0.0,1.0000000116860974e-07,1.0000000116860974e-07,0.0,0.30000001192092896,219,,,,,,,,,,,,,
,1319,,,,,,,,,,,,,,,,,,,,,,,,,,,220,0.18723304569721222,1872.6444091796875,0.18723304569721222,0.3845515251159668,nan,nan,nan,0.0,1.0,3.1396124541061e-05,1.6541560398763977e-05,1.4854566870781127e-05,1.0
0.004,1320,,,,,,,,,,,,,,,,,,,,,,,,,,,,,,,,,,,,,,,,
,1325,0.1894579827785492,1894.8702392578125,0.1894579827785492,0.3387525677680969,nan,nan,nan,0.0,1.0,2.9029581128270365e-05,1.5843357687117532e-05,1.3186224350647535e-05,1.0,0.1894434094429016,0.1894579827785492,220.0,0.004000000189989805,0.30000001192092896,0.0,0.0,0.0,0.0,1.0000000116860974e-07,1.0000000116860974e-07,0.0,0.30000001192092896,220,,,,,,,,,,,,,
,1325,,,,,,,,,,,,,,,,,,,,,,,,,,,221,0.18716584146022797,1871.970703125,0.18716584146022797,0.3841167688369751,nan,nan,nan,0.0,1.0,3.121541885775514e-05,1.6487714674440213e-05,1.4727712368767243e-05,1.0
0.004,1326,,,,,,,,,,,,,,,,,,,,,,,,,,,,,,,,,,,,,,,,
,1331,0.18947918713092804,1895.084716796875,0.18947918713092804,0.3382503092288971,nan,nan,nan,0.0,1.0,2.9275437555043027e-05,1.6151552699739113e-05,1.3123883945809212e-05,1.0,0.18946845829486847,0.18947918713092804,221.0,0.004000000189989805,0.30000001192092896,0.0,0.0,0.0,0.0,1.0000000116860974e-07,1.0000000116860974e-07,0.0,0.30000001192092896,221,,,,,,,,,,,,,
,1331,,,,,,,,,,,,,,,,,,,,,,,,,,,222,0.18734894692897797,1873.8074951171875,0.18734894692897797,0.382605642080307,nan,nan,nan,0.0,1.0,3.1801220757188275e-05,1.702915324131027e-05,1.4772071153856814e-05,1.0
0.004,1332,,,,,,,,,,,,,,,,,,,,,,,,,,,,,,,,,,,,,,,,
,1337,0.1893329620361328,1893.6275634765625,0.1893329620361328,0.34178799390792847,nan,nan,nan,0.0,1.0,2.980882527481299e-05,1.6699308616807684e-05,1.3109517567500006e-05,1.0,0.18937361240386963,0.1893329620361328,222.0,0.004000000189989805,0.30000001192092896,0.0,0.0,0.0,0.0,1.0000000116860974e-07,1.0000000116860974e-07,0.0,0.30000001192092896,222,,,,,,,,,,,,,
,1337,,,,,,,,,,,,,,,,,,,,,,,,,,,223,0.18702663481235504,1870.5894775390625,0.18702663481235504,0.38676202297210693,nan,nan,nan,0.0,1.0,3.230865331715904e-05,1.739916297083255e-05,1.4909487617842387e-05,1.0
0.004,1338,,,,,,,,,,,,,,,,,,,,,,,,,,,,,,,,,,,,,,,,
,1343,0.18936225771903992,1893.917236328125,0.18936225771903992,0.3411187529563904,nan,nan,nan,0.0,1.0,2.9445262043736875e-05,1.6263078578049317e-05,1.318218437518226e-05,1.0,0.18936565518379211,0.18936225771903992,223.0,0.004000000189989805,0.30000001192092896,0.0,0.0,0.0,0.0,1.0000000116860974e-07,1.0000000116860974e-07,0.0,0.30000001192092896,223,,,,,,,,,,,,,
,1343,,,,,,,,,,,,,,,,,,,,,,,,,,,224,0.18686974048614502,1869.0216064453125,0.18686974048614502,0.3860442638397217,nan,nan,nan,0.0,1.0,3.2425959943793714e-05,1.7647869754000567e-05,1.4778091099287849e-05,1.0
0.004,1344,,,,,,,,,,,,,,,,,,,,,,,,,,,,,,,,,,,,,,,,
,1349,0.1894400417804718,1894.6986083984375,0.1894400417804718,0.3392239809036255,nan,nan,nan,0.0,1.0,2.982379555760417e-05,1.607895319466479e-05,1.3744841453444678e-05,1.0,0.18941771984100342,0.1894400417804718,224.0,0.004000000189989805,0.30000001192092896,0.0,0.0,0.0,0.0,1.0000000116860974e-07,1.0000000116860974e-07,0.0,0.30000001192092896,224,,,,,,,,,,,,,
,1349,,,,,,,,,,,,,,,,,,,,,,,,,,,225,0.18683981895446777,1868.7218017578125,0.18683981895446777,0.3881891667842865,nan,nan,nan,0.0,1.0,3.237399869249202e-05,1.7541597117087804e-05,1.4832402484898921e-05,1.0
0.004,1350,,,,,,,,,,,,,,,,,,,,,,,,,,,,,,,,,,,,,,,,
,1355,0.18953725695610046,1895.6707763671875,0.18953725695610046,0.33682405948638916,nan,nan,nan,0.0,1.0,2.9824888770235702e-05,1.5872979929554276e-05,1.3951907931186724e-05,1.0,0.18950140476226807,0.18953725695610046,225.0,0.004000000189989805,0.30000001192092896,0.0,0.0,0.0,0.0,1.0000000116860974e-07,1.0000000116860974e-07,0.0,0.30000001192092896,225,,,,,,,,,,,,,
,1355,,,,,,,,,,,,,,,,,,,,,,,,,,,226,0.1870737075805664,1871.0615234375,0.1870737075805664,0.3873639404773712,nan,nan,nan,0.0,1.0,3.245954212616198e-05,1.714858262857888e-05,1.53109594975831e-05,1.0
0.004,1356,,,,,,,,,,,,,,,,,,,,,,,,,,,,,,,,,,,,,,,,
,1361,0.18942749500274658,1894.568115234375,0.18942749500274658,0.339508980512619,nan,nan,nan,0.0,1.0,2.9309179808478802e-05,1.5542511391686276e-05,1.3766665688308422e-05,1.0,0.18944966793060303,0.18942749500274658,226.0,0.004000000189989805,0.30000001192092896,0.0,0.0,0.0,0.0,1.0000000116860974e-07,1.0000000116860974e-07,0.0,0.30000001192092896,226,,,,,,,,,,,,,
,1361,,,,,,,,,,,,,,,,,,,,,,,,,,,227,0.18721121549606323,1872.4366455078125,0.18721121549606323,0.3830651342868805,nan,nan,nan,0.0,1.0,3.24575012200512e-05,1.6929594494285993e-05,1.5527904906775802e-05,1.0
0.004,1362,,,,,,,,,,,,,,,,,,,,,,,,,,,,,,,,,,,,,,,,
,1367,0.18971209228038788,1897.4146728515625,0.18971209228038788,0.3325916826725006,nan,nan,nan,0.0,1.0,2.9393147997325286e-05,1.5838004401302896e-05,1.3555144505517092e-05,1.0,0.18963336944580078,0.18971209228038788,227.0,0.004000000189989805,0.30000001192092896,0.0,0.0,0.0,0.0,1.0000000116860974e-07,1.0000000116860974e-07,0.0,0.30000001192092896,227,,,,,,,,,,,,,
,1367,,,,,,,,,,,,,,,,,,,,,,,,,,,228,0.18703077733516693,1870.6280517578125,0.18703077733516693,0.3849104940891266,nan,nan,nan,0.0,1.0,3.204568929504603e-05,1.6777872588136233e-05,1.5267816706909798e-05,1.0
0.004,1368,,,,,,,,,,,,,,,,,,,,,,,,,,,,,,,,,,,,,,,,
,1373,0.18953287601470947,1895.6285400390625,0.18953287601470947,0.3369262218475342,nan,nan,nan,0.0,1.0,2.997508090629708e-05,1.6135456462507136e-05,1.3839625353284646e-05,1.0,0.18956302106380463,0.18953287601470947,228.0,0.004000000189989805,0.30000001192092896,0.0,0.0,0.0,0.0,1.0000000116860974e-07,1.0000000116860974e-07,0.0,0.30000001192092896,228,,,,,,,,,,,,,
,1373,,,,,,,,,,,,,,,,,,,,,,,,,,,229,0.1870933622121811,1871.25634765625,0.1870933622121811,0.386906236410141,nan,nan,nan,0.0,1.0,3.227315391995944e-05,1.7119555195677094e-05,1.5153601452766452e-05,1.0
0.004,1374,,,,,,,,,,,,,,,,,,,,,,,,,,,,,,,,,,,,,,,,
,1379,0.18946588039398193,1894.9605712890625,0.18946588039398193,0.338595449924469,nan,nan,nan,0.0,1.0,3.0170938771334477e-05,1.6287089238176122e-05,1.3883848623663653e-05,1.0,0.1894950270652771,0.18946588039398193,229.0,0.004000000189989805,0.30000001192092896,0.0,0.0,0.0,0.0,1.0000000116860974e-07,1.0000000116860974e-07,0.0,0.30000001192092896,229,,,,,,,,,,,,,
,1379,,,,,,,,,,,,,,,,,,,,,,,,,,,230,0.1869293600320816,1869.6217041015625,0.1869293600320816,0.3868351876735687,nan,nan,nan,0.0,1.0,3.278899021097459e-05,1.748632530507166e-05,1.5302668543881737e-05,1.0
0.004,1380,,,,,,,,,,,,,,,,,,,,,,,,,,,,,,,,,,,,,,,,
,1385,0.1893656700849533,1893.9583740234375,0.1893656700849533,0.34101954102516174,nan,nan,nan,0.0,1.0,3.018741335836239e-05,1.6454920114483684e-05,1.3732490515394602e-05,1.0,0.1894044727087021,0.1893656700849533,230.0,0.004000000189989805,0.30000001192092896,0.0,0.0,0.0,0.0,1.0000000116860974e-07,1.0000000116860974e-07,0.0,0.30000001192092896,230,,,,,,,,,,,,,
,1385,,,,,,,,,,,,,,,,,,,,,,,,,,,231,0.18684440851211548,1868.7716064453125,0.18684440851211548,0.3892911374568939,nan,nan,nan,0.0,1.0,3.275663038948551e-05,1.7348456822219305e-05,1.5408173567266203e-05,1.0
0.004,1386,,,,,,,,,,,,,,,,,,,,,,,,,,,,,,,,,,,,,,,,
,1391,0.18937289714813232,1894.028076171875,0.18937289714813232,0.3408273160457611,nan,nan,nan,0.0,1.0,2.9898939828854054e-05,1.660657835600432e-05,1.3292360563355032e-05,1.0,0.1893823742866516,0.18937289714813232,231.0,0.004000000189989805,0.30000001192092896,0.0,0.0,0.0,0.0,1.0000000116860974e-07,1.0000000116860974e-07,0.0,0.30000001192092896,231,,,,,,,,,,,,,
,1391,,,,,,,,,,,,,,,,,,,,,,,,,,,232,0.18716292083263397,1871.9586181640625,0.18716292083263397,0.38485828042030334,nan,nan,nan,0.0,1.0,3.2950574677670375e-05,1.7898893929668702e-05,1.5051678929012269e-05,1.0
0.004,1392,,,,,,,,,,,,,,,,,,,,,,,,,,,,,,,,,,,,,,,,
,1397,0.18951483070850372,1895.441162109375,0.18951483070850372,0.33736950159072876,nan,nan,nan,0.0,1.0,2.9294329578988254e-05,1.615712244529277e-05,1.3137208952684887e-05,1.0,0.18947508931159973,0.18951483070850372,232.0,0.004000000189989805,0.30000001192092896,0.0,0.0,0.0,0.0,1.0000000116860974e-07,1.0000000116860974e-07,0.0,0.30000001192092896,232,,,,,,,,,,,,,
,1397,,,,,,,,,,,,,,,,,,,,,,,,,,,233,0.18683810532093048,1868.7059326171875,0.18683810532093048,0.38947391510009766,nan,nan,nan,0.0,1.0,3.246679625590332e-05,1.7760781702236272e-05,1.470601637265645e-05,1.0
0.004,1398,,,,,,,,,,,,,,,,,,,,,,,,,,,,,,,,,,,,,,,,
,1403,0.18937966227531433,1894.08837890625,0.18937966227531433,0.34066638350486755,nan,nan,nan,0.0,1.0,2.917699202953372e-05,1.5863022781559266e-05,1.331397197645856e-05,1.0,0.1894083023071289,0.18937966227531433,233.0,0.004000000189989805,0.30000001192092896,0.0,0.0,0.0,0.0,1.0000000116860974e-07,1.0000000116860974e-07,0.0,0.30000001192092896,233,,,,,,,,,,,,,
,1403,,,,,,,,,,,,,,,,,,,,,,,,,,,234,0.1869794875383377,1870.1116943359375,0.1869794875383377,0.3889886140823364,nan,nan,nan,0.0,1.0,3.167402610415593e-05,1.7007250789902173e-05,1.466677258576965e-05,1.0
0.004,1404,,,,,,,,,,,,,,,,,,,,,,,,,,,,,,,,,,,,,,,,
,1409,0.18938538432121277,1894.1497802734375,0.18938538432121277,0.3405275046825409,nan,nan,nan,0.0,1.0,2.9588303732452914e-05,1.62237756740069e-05,1.3364528058446012e-05,1.0,0.18939225375652313,0.18938538432121277,234.0,0.004000000189989805,0.30000001192092896,0.0,0.0,0.0,0.0,1.0000000116860974e-07,1.0000000116860974e-07,0.0,0.30000001192092896,234,,,,,,,,,,,,,
,1409,,,,,,,,,,,,,,,,,,,,,,,,,,,235,0.1864597350358963,1864.9169921875,0.1864597350358963,0.39079514145851135,nan,nan,nan,0.0,1.0,3.19640566885937e-05,1.714163227006793e-05,1.4822427147009876e-05,1.0
0.004,1410,,,,,,,,,,,,,,,,,,,,,,,,,,,,,,,,,,,,,,,,
,1415,0.1893164962530136,1893.45751953125,0.1893164962530136,0.3422407805919647,nan,nan,nan,0.0,1.0,2.9251541491248645e-05,1.5742998584755696e-05,1.3508541996998247e-05,1.0,0.18933922052383423,0.1893164962530136,235.0,0.004000000189989805,0.30000001192092896,0.0,0.0,0.0,0.0,1.0000000116860974e-07,1.0000000116860974e-07,0.0,0.30000001192092896,235,,,,,,,,,,,,,
,1415,,,,,,,,,,,,,,,,,,,,,,,,,,,236,0.18685860931873322,1868.9090576171875,0.18685860931873322,0.3896695077419281,nan,nan,nan,0.0,1.0,3.227761771995574e-05,1.7447149730287492e-05,1.483046798966825e-05,1.0
0.004,1416,,,,,,,,,,,,,,,,,,,,,,,,,,,,,,,,,,,,,,,,
,1421,0.18928588926792145,1893.1605224609375,0.18928588926792145,0.3429747521877289,nan,nan,nan,0.0,1.0,3.0165090720402077e-05,1.623099706193898e-05,1.39340945679578e-05,1.0,0.18930189311504364,0.18928588926792145,236.0,0.004000000189989805,0.30000001192092896,0.0,0.0,0.0,0.0,1.0000000116860974e-07,1.0000000116860974e-07,0.0,0.30000001192092896,236,,,,,,,,,,,,,
,1421,,,,,,,,,,,,,,,,,,,,,,,,,,,237,0.18693579733371735,1869.6788330078125,0.18693579733371735,0.38912519812583923,nan,nan,nan,0.0,1.0,3.2086405553855e-05,1.6995069017866626e-05,1.5091337445483077e-05,1.0
0.004,1422,,,,,,,,,,,,,,,,,,,,,,,,,,,,,,,,,,,,,,,,
,1427,0.18955089151859283,1895.81201171875,0.18955089151859283,0.33649569749832153,nan,nan,nan,0.0,1.0,3.0311282898765057e-05,1.6447384041384794e-05,1.386389703839086e-05,1.0,0.18947619199752808,0.18955089151859283,237.0,0.004000000189989805,0.30000001192092896,0.0,0.0,0.0,0.0,1.0000000116860974e-07,1.0000000116860974e-07,0.0,0.30000001192092896,237,,,,,,,,,,,,,
,1427,,,,,,,,,,,,,,,,,,,,,,,,,,,238,0.18657594919204712,1866.09130859375,0.18657594919204712,0.39201390743255615,nan,nan,nan,0.0,1.0,3.318649032735266e-05,1.76388584804954e-05,1.5547635484836064e-05,1.0
0.004,1428,,,,,,,,,,,,,,,,,,,,,,,,,,,,,,,,,,,,,,,,
,1433,0.18946675956249237,1894.971435546875,0.18946675956249237,0.33857864141464233,nan,nan,nan,0.0,1.0,3.037504393432755e-05,1.6368698197766207e-05,1.400634391757194e-05,1.0,0.1894695907831192,0.18946675956249237,238.0,0.004000000189989805,0.30000001192092896,0.0,0.0,0.0,0.0,1.0000000116860974e-07,1.0000000116860974e-07,0.0,0.30000001192092896,238,,,,,,,,,,,,,
,1433,,,,,,,,,,,,,,,,,,,,,,,,,,,239,0.18684542179107666,1868.7869873046875,0.18684542179107666,0.3898506462574005,nan,nan,nan,0.0,1.0,3.327218655613251e-05,1.760243139869999e-05,1.5669756976421922e-05,1.0
0.004,1434,,,,,,,,,,,,,,,,,,,,,,,,,,,,,,,,,,,,,,,,
,1439,0.18948370218276978,1895.1375732421875,0.18948370218276978,0.33814549446105957,nan,nan,nan,0.0,1.0,3.0050001441850327e-05,1.6009877072065137e-05,1.404012436978519e-05,1.0,0.18947947025299072,0.18948370218276978,239.0,0.004000000189989805,0.30000001192092896,0.0,0.0,0.0,0.0,1.0000000116860974e-07,1.0000000116860974e-07,0.0,0.30000001192092896,239,,,,,,,,,,,,,
,1439,,,,,,,,,,,,,,,,,,,,,,,,,,,240,0.18666799366474152,1867.0137939453125,0.18666799366474152,0.3900580108165741,nan,nan,nan,0.0,1.0,3.337631278554909e-05,1.7587793990969658e-05,1.5788516975590028e-05,1.0
0.004,1440,,,,,,,,,,,,,,,,,,,,,,,,,,,,,,,,,,,,,,,,
,1445,0.1895603984594345,1895.9072265625,0.1895603984594345,0.3362879455089569,nan,nan,nan,0.0,1.0,3.0329169021570124e-05,1.6544652680750005e-05,1.3784515431325417e-05,1.0,0.18953612446784973,0.1895603984594345,240.0,0.004000000189989805,0.30000001192092896,0.0,0.0,0.0,0.0,1.0000000116860974e-07,1.0000000116860974e-07,0.0,0.30000001192092896,240,,,,,,,,,,,,,
,1445,,,,,,,,,,,,,,,,,,,,,,,,,,,241,0.18681581318378448,1868.4891357421875,0.18681581318378448,0.3892230987548828,nan,nan,nan,0.0,1.0,3.308762825326994e-05,1.7397664123564027e-05,1.568996776768472e-05,1.0
0.004,1446,,,,,,,,,,,,,,,,,,,,,,,,,,,,,,,,,,,,,,,,
,1451,0.18988275527954102,1899.12939453125,0.18988275527954102,0.32843342423439026,nan,nan,nan,0.0,1.0,3.0176574000506662e-05,1.675411476753652e-05,1.3422457413980737e-05,1.0,0.18977876007556915,0.18988275527954102,241.0,0.004000000189989805,0.30000001192092896,0.0,0.0,0.0,0.0,1.0000000116860974e-07,1.0000000116860974e-07,0.0,0.30000001192092896,241,,,,,,,,,,,,,
,1451,,,,,,,,,,,,,,,,,,,,,,,,,,,242,0.18674874305725098,1867.81689453125,0.18674874305725098,0.39340493083000183,nan,nan,nan,0.0,1.0,3.2956439099507406e-05,1.7533744539832696e-05,1.5422696378664114e-05,1.0
0.004,1452,,,,,,,,,,,,,,,,,,,,,,,,,,,,,,,,,,,,,,,,
,1457,0.18937014043331146,1894.00244140625,0.18937014043331146,0.3409392535686493,nan,nan,nan,0.0,1.0,3.0112076274235733e-05,1.6615789718343876e-05,1.3496287465386558e-05,1.0,0.18949271738529205,0.18937014043331146,242.0,0.004000000189989805,0.30000001192092896,0.0,0.0,0.0,0.0,1.0000000116860974e-07,1.0000000116860974e-07,0.0,0.30000001192092896,242,,,,,,,,,,,,,
,1457,,,,,,,,,,,,,,,,,,,,,,,,,,,243,0.18652081489562988,1865.53955078125,0.18652081489562988,0.3934882581233978,nan,nan,nan,0.0,1.0,3.313722481834702e-05,1.7989303159993142e-05,1.5147922567848582e-05,1.0
0.004,1458,,,,,,,,,,,,,,,,,,,,,,,,,,,,,,,,,,,,,,,,
,1463,0.1894749104976654,1895.0513916015625,0.1894749104976654,0.3383473753929138,nan,nan,nan,0.0,1.0,3.0230557968025096e-05,1.6920022972044535e-05,1.3310533176991157e-05,1.0,0.1894802451133728,0.1894749104976654,243.0,0.004000000189989805,0.30000001192092896,0.0,0.0,0.0,0.0,1.0000000116860974e-07,1.0000000116860974e-07,0.0,0.30000001192092896,243,,,,,,,,,,,,,
,1463,,,,,,,,,,,,,,,,,,,,,,,,,,,244,0.18677477538585663,1868.0771484375,0.18677477538585663,0.39337214827537537,nan,nan,nan,0.0,1.0,3.2941330573521554e-05,1.7818945707404055e-05,1.5122385775612202e-05,1.0
0.004,1464,,,,,,,,,,,,,,,,,,,,,,,,,,,,,,,,,,,,,,,,
,1469,0.18928228318691254,1893.12548828125,0.18928228318691254,0.34305620193481445,nan,nan,nan,0.0,1.0,3.026081139978487e-05,1.6608213627478108e-05,1.3652596862812061e-05,1.0,0.18934166431427002,0.18928228318691254,244.0,0.004000000189989805,0.30000001192092896,0.0,0.0,0.0,0.0,1.0000000116860974e-07,1.0000000116860974e-07,0.0,0.30000001192092896,244,,,,,,,,,,,,,
,1469,,,,,,,,,,,,,,,,,,,,,,,,,,,245,0.18641412258148193,1864.4764404296875,0.18641412258148193,0.39596375823020935,nan,nan,nan,0.0,1.0,3.350768020027317e-05,1.8135577192879282e-05,1.5372106645372696e-05,1.0
0.004,1470,,,,,,,,,,,,,,,,,,,,,,,,,,,,,,,,,,,,,,,,
,1475,0.18948820233345032,1895.18896484375,0.18948820233345032,0.33802369236946106,nan,nan,nan,0.0,1.0,3.0692008294863626e-05,1.690179851721041e-05,1.3790215234621428e-05,1.0,0.18944422900676727,0.18948820233345032,245.0,0.004000000189989805,0.30000001192092896,0.0,0.0,0.0,0.0,1.0000000116860974e-07,1.0000000116860974e-07,0.0,0.30000001192092896,245,,,,,,,,,,,,,
,1475,,,,,,,,,,,,,,,,,,,,,,,,,,,246,0.1867595911026001,1867.9324951171875,0.1867595911026001,0.391684889793396,nan,nan,nan,0.0,1.0,3.365773591212928e-05,1.817913471313659e-05,1.547859938000329e-05,1.0
0.004,1476,,,,,,,,,,,,,,,,,,,,,,,,,,,,,,,,,,,,,,,,
,1481,0.18963313102722168,1896.63671875,0.18963313102722168,0.33452799916267395,nan,nan,nan,0.0,1.0,3.055237539228983e-05,1.6550135114812292e-05,1.400224027747754e-05,1.0,0.18957646191120148,0.18963313102722168,246.0,0.004000000189989805,0.30000001192092896,0.0,0.0,0.0,0.0,1.0000000116860974e-07,1.0000000116860974e-07,0.0,0.30000001192092896,246,,,,,,,,,,,,,
,1481,,,,,,,,,,,,,,,,,,,,,,,,,,,247,0.1869933009147644,1870.2672119140625,0.1869933009147644,0.3906906843185425,nan,nan,nan,0.0,1.0,3.340747571201064e-05,1.8007305698120035e-05,1.5400168194901198e-05,1.0
0.004,1482,,,,,,,,,,,,,,,,,,,,,,,,,,,,,,,,,,,,,,,,
,1487,0.18955305218696594,1895.8319091796875,0.18955305218696594,0.33648940920829773,nan,nan,nan,0.0,1.0,3.0145447453833185e-05,1.6129104551509954e-05,1.4016341083333828e-05,1.0,0.18956008553504944,0.18955305218696594,247.0,0.004000000189989805,0.30000001192092896,0.0,0.0,0.0,0.0,1.0000000116860974e-07,1.0000000116860974e-07,0.0,0.30000001192092896,247,,,,,,,,,,,,,
,1487,,,,,,,,,,,,,,,,,,,,,,,,,,,248,0.1867697685956955,1868.02880859375,0.1867697685956955,0.39142176508903503,nan,nan,nan,0.0,1.0,3.3119435101980343e-05,1.7576167010702193e-05,1.5543266272288747e-05,1.0
0.004,1488,,,,,,,,,,,,,,,,,,,,,,,,,,,,,,,,,,,,,,,,
,1493,0.18947342038154602,1895.0355224609375,0.18947342038154602,0.3383864462375641,nan,nan,nan,0.0,1.0,3.013215246028267e-05,1.6297761249006726e-05,1.383439484925475e-05,1.0,0.18949942290782928,0.18947342038154602,248.0,0.004000000189989805,0.30000001192092896,0.0,0.0,0.0,0.0,1.0000000116860974e-07,1.0000000116860974e-07,0.0,0.30000001192092896,248,,,,,,,,,,,,,
,1493,,,,,,,,,,,,,,,,,,,,,,,,,,,249,0.18661916255950928,1866.5196533203125,0.18661916255950928,0.39380350708961487,nan,nan,nan,0.0,1.0,3.27959714923054e-05,1.733528006298002e-05,1.5460689610335976e-05,1.0
0.004,1494,,,,,,,,,,,,,,,,,,,,,,,,,,,,,,,,,,,,,,,,
,1499,0.18962222337722778,1896.5244140625,0.18962222337722778,0.33475422859191895,nan,nan,nan,0.0,1.0,3.0200480978237465e-05,1.631793929846026e-05,1.3882542589271907e-05,1.0,0.1895853877067566,0.18962222337722778,249.0,0.004000000189989805,0.30000001192092896,0.0,0.0,0.0,0.0,1.0000000116860974e-07,1.0000000116860974e-07,0.0,0.30000001192092896,249,,,,,,,,,,,,,
,1499,,,,,,,,,,,,,,,,,,,,,,,,,,,250,0.18690885603427887,1869.4180908203125,0.18690885603427887,0.398163765668869,nan,nan,nan,0.0,1.0,3.2945259590633214e-05,1.7478565496276133e-05,1.5466692275367677e-05,1.0
0.004,1500,,,,,,,,,,,,,,,,,,,,,,,,,,,,,,,,,,,,,,,,
,1505,0.18969936668872833,1897.290283203125,0.18969936668872833,0.33291172981262207,nan,nan,nan,0.0,1.0,2.9682636522920802e-05,1.6045833035605028e-05,1.3636803487315774e-05,1.0,0.18966516852378845,0.18969936668872833,250.0,0.004000000189989805,0.30000001192092896,0.0,0.0,0.0,0.0,1.0000000116860974e-07,1.0000000116860974e-07,0.0,0.30000001192092896,250,,,,,,,,,,,,,
,1505,,,,,,,,,,,,,,,,,,,,,,,,,,,251,0.18678472936153412,1868.1763916015625,0.18678472936153412,0.39424434304237366,nan,nan,nan,0.0,1.0,3.293366535217501e-05,1.7485872376710176e-05,1.5447796613443643e-05,1.0
0.004,1506,,,,,,,,,,,,,,,,,,,,,,,,,,,,,,,,,,,,,,,,
,1511,0.18956980109214783,1895.99560546875,0.18956980109214783,0.3360486924648285,nan,nan,nan,0.0,1.0,2.978389420604799e-05,1.6453865100629628e-05,1.333002819592366e-05,1.0,0.18959841132164001,0.18956980109214783,251.0,0.004000000189989805,0.30000001192092896,0.0,0.0,0.0,0.0,1.0000000116860974e-07,1.0000000116860974e-07,0.0,0.30000001192092896,251,,,,,,,,,,,,,
,1511,,,,,,,,,,,,,,,,,,,,,,,,,,,252,0.18659596145153046,1866.2841796875,0.18659596145153046,0.3947795629501343,nan,nan,nan,0.0,1.0,3.245174957555719e-05,1.7314854630967602e-05,1.513689221610548e-05,1.0
0.004,1512,,,,,,,,,,,,,,,,,,,,,,,,,,,,,,,,,,,,,,,,
,1517,0.18943777680397034,1894.6759033203125,0.18943777680397034,0.33926478028297424,nan,nan,nan,0.0,1.0,2.98167815344641e-05,1.6363781469408423e-05,1.3453003703034483e-05,1.0,0.18948596715927124,0.18943777680397034,252.0,0.004000000189989805,0.30000001192092896,0.0,0.0,0.0,0.0,1.0000000116860974e-07,1.0000000116860974e-07,0.0,0.30000001192092896,252,,,,,,,,,,,,,
,1517,,,,,,,,,,,,,,,,,,,,,,,,,,,253,0.18663334846496582,1866.66015625,0.18663334846496582,0.3935483396053314,nan,nan,nan,0.0,1.0,3.265317718614824e-05,1.769637492543552e-05,1.4956801351218019e-05,1.0
0.004,1518,,,,,,,,,,,,,,,,,,,,,,,,,,,,,,,,,,,,,,,,
,1523,0.18941856920719147,1894.484130859375,0.18941856920719147,0.3397250771522522,nan,nan,nan,0.0,1.0,2.984849561471492e-05,1.6377314750570804e-05,1.3471181773638818e-05,1.0,0.18943879008293152,0.18941856920719147,253.0,0.004000000189989805,0.30000001192092896,0.0,0.0,0.0,0.0,1.0000000116860974e-07,1.0000000116860974e-07,0.0,0.30000001192092896,253,,,,,,,,,,,,,
,1523,,,,,,,,,,,,,,,,,,,,,,,,,,,254,0.1863773614168167,1864.10400390625,0.1863773614168167,0.3977961540222168,nan,nan,nan,0.0,1.0,3.303961784695275e-05,1.7721014955895953e-05,1.53186028910568e-05,1.0
0.004,1524,,,,,,,,,,,,,,,,,,,,,,,,,,,,,,,,,,,,,,,,
,1529,0.18950499594211578,1895.352294921875,0.18950499594211578,0.3376120626926422,nan,nan,nan,0.0,1.0,3.024587203981355e-05,1.6827294530230574e-05,1.3418574781098869e-05,1.0,0.18948513269424438,0.18950499594211578,254.0,0.004000000189989805,0.30000001192092896,0.0,0.0,0.0,0.0,1.0000000116860974e-07,1.0000000116860974e-07,0.0,0.30000001192092896,254,,,,,,,,,,,,,
,1529,,,,,,,,,,,,,,,,,,,,,,,,,,,255,0.18652456998825073,1865.5775146484375,0.18652456998825073,0.39564624428749084,nan,nan,nan,0.0,1.0,3.3185668144142255e-05,1.7946624211617745e-05,1.5239039385051001e-05,1.0
0.004,1530,,,,,,,,,,,,,,,,,,,,,,,,,,,,,,,,,,,,,,,,
,1535,0.1893152892589569,1893.4580078125,0.1893152892589569,0.3422467112541199,nan,nan,nan,0.0,1.0,3.050262421311345e-05,1.6650086763547733e-05,1.3852537449565716e-05,1.0,0.18936625123023987,0.1893152892589569,255.0,0.004000000189989805,0.30000001192092896,0.0,0.0,0.0,0.0,1.0000000116860974e-07,1.0000000116860974e-07,0.0,0.30000001192092896,255,,,,,,,,,,,,,
,1535,,,,,,,,,,,,,,,,,,,,,,,,,,,256,0.18664348125457764,1866.76806640625,0.18664348125457764,0.39610540866851807,nan,nan,nan,0.0,1.0,3.334371285745874e-05,1.7903616026160307e-05,1.5440093193319626e-05,1.0
0.004,1536,,,,,,,,,,,,,,,,,,,,,,,,,,,,,,,,,,,,,,,,
,1541,0.18936577439308167,1893.9632568359375,0.18936577439308167,0.341008722782135,nan,nan,nan,0.0,1.0,3.0541214073309675e-05,1.6710995623725466e-05,1.3830218449584208e-05,1.0,0.1893659085035324,0.18936577439308167,256.0,0.004000000189989805,0.30000001192092896,0.0,0.0,0.0,0.0,1.0000000116860974e-07,1.0000000116860974e-07,0.0,0.30000001192092896,256,,,,,,,,,,,,,
,1541,,,,,,,,,,,,,,,,,,,,,,,,,,,257,0.18639753758907318,1864.310546875,0.18639753758907318,0.39931726455688477,nan,nan,nan,0.0,1.0,3.352638668729924e-05,1.8059670765069313e-05,1.546671410324052e-05,1.0
0.004,1542,,,,,,,,,,,,,,,,,,,,,,,,,,,,,,,,,,,,,,,,
,1547,0.18939459323883057,1894.2471923828125,0.18939459323883057,0.3402945399284363,nan,nan,nan,0.0,1.0,3.0123492251732387e-05,1.6498026525368914e-05,1.3625462997879367e-05,1.0,0.18938598036766052,0.18939459323883057,257.0,0.004000000189989805,0.30000001192092896,0.0,0.0,0.0,0.0,1.0000000116860974e-07,1.0000000116860974e-07,0.0,0.30000001192092896,257,,,,,,,,,,,,,
,1547,,,,,,,,,,,,,,,,,,,,,,,,,,,258,0.18646585941314697,1864.9920654296875,0.18646585941314697,0.4002765417098999,nan,nan,nan,0.0,1.0,3.334709253977053e-05,1.7933869457920082e-05,1.541321944387164e-05,1.0
0.004,1548,,,,,,,,,,,,,,,,,,,,,,,,,,,,,,,,,,,,,,,,
,1553,0.1893000304698944,1893.3033447265625,0.1893000304698944,0.3426384925842285,nan,nan,nan,0.0,1.0,3.0300790967885405e-05,1.6756441254983656e-05,1.3544347893912345e-05,1.0,0.18932580947875977,0.1893000304698944,258.0,0.004000000189989805,0.30000001192092896,0.0,0.0,0.0,0.0,1.0000000116860974e-07,1.0000000116860974e-07,0.0,0.30000001192092896,258,,,,,,,,,,,,,
,1553,,,,,,,,,,,,,,,,,,,,,,,,,,,259,0.1866665482521057,1866.9989013671875,0.1866665482521057,0.3929636776447296,nan,nan,nan,0.0,1.0,3.333641870995052e-05,1.8097396605298854e-05,1.5239027561619878e-05,1.0
0.004,1554,,,,,,,,,,,,,,,,,,,,,,,,,,,,,,,,,,,,,,,,
,1559,0.18929138779640198,1893.22021484375,0.18929138779640198,0.342816561460495,nan,nan,nan,0.0,1.0,3.0625185900134966e-05,1.7098353055189364e-05,1.3526831025956199e-05,1.0,0.18930171430110931,0.18929138779640198,259.0,0.004000000189989805,0.30000001192092896,0.0,0.0,0.0,0.0,1.0000000116860974e-07,1.0000000116860974e-07,0.0,0.30000001192092896,259,,,,,,,,,,,,,
,1559,,,,,,,,,,,,,,,,,,,,,,,,,,,260,0.18629193305969238,1863.25390625,0.18629193305969238,0.39853084087371826,nan,nan,nan,0.0,1.0,3.345997174619697e-05,1.8292988897883333e-05,1.5166983757808339e-05,1.0
0.004,1560,,,,,,,,,,,,,,,,,,,,,,,,,,,,,,,,,,,,,,,,
,1565,0.18950557708740234,1895.36279296875,0.18950557708740234,0.33761706948280334,nan,nan,nan,0.0,1.0,3.070252205361612e-05,1.6987271010293625e-05,1.3715250133827794e-05,1.0,0.1894444227218628,0.18950557708740234,260.0,0.004000000189989805,0.30000001192092896,0.0,0.0,0.0,0.0,1.0000000116860974e-07,1.0000000116860974e-07,0.0,0.30000001192092896,260,,,,,,,,,,,,,
,1565,,,,,,,,,,,,,,,,,,,,,,,,,,,261,0.1865527629852295,1865.86328125,0.1865527629852295,0.39973902702331543,nan,nan,nan,0.0,1.0,3.358865433256142e-05,1.8280463336850516e-05,1.53081891767215e-05,1.0
0.004,1566,,,,,,,,,,,,,,,,,,,,,,,,,,,,,,,,,,,,,,,,
,1571,0.18942268192768097,1894.5341796875,0.18942268192768097,0.33963435888290405,nan,nan,nan,0.0,1.0,3.072704203077592e-05,1.6653668353683315e-05,1.407337640557671e-05,1.0,0.18942920863628387,0.18942268192768097,261.0,0.004000000189989805,0.30000001192092896,0.0,0.0,0.0,0.0,1.0000000116860974e-07,1.0000000116860974e-07,0.0,0.30000001192092896,261,,,,,,,,,,,,,
,1571,,,,,,,,,,,,,,,,,,,,,,,,,,,262,0.18661625683307648,1866.4970703125,0.18661625683307648,0.3984092175960541,nan,nan,nan,0.0,1.0,3.3439926482969895e-05,1.785347194527276e-05,1.5586454537697136e-05,1.0
0.004,1572,,,,,,,,,,,,,,,,,,,,,,,,,,,,,,,,,,,,,,,,
,1577,0.18957725167274475,1896.0775146484375,0.18957725167274475,0.33585792779922485,nan,nan,nan,0.0,1.0,3.048735743504949e-05,1.6318870621034876e-05,1.4168485904519912e-05,1.0,0.18953284621238708,0.18957725167274475,262.0,0.004000000189989805,0.30000001192092896,0.0,0.0,0.0,0.0,1.0000000116860974e-07,1.0000000116860974e-07,0.0,0.30000001192092896,262,,,,,,,,,,,,,
,1577,,,,,,,,,,,,,,,,,,,,,,,,,,,263,0.18668575584888458,1867.1966552734375,0.18668575584888458,0.396729975938797,nan,nan,nan,0.0,1.0,3.388502591405995e-05,1.8008444385486655e-05,1.5876585166552104e-05,1.0
0.004,1578,,,,,,,,,,,,,,,,,,,,,,,,,,,,,,,,,,,,,,,,
,1583,0.18949434161186218,1895.24951171875,0.18949434161186218,0.33787304162979126,nan,nan,nan,0.0,1.0,3.0620260076830164e-05,1.6470119589939713e-05,1.415014048689045e-05,1.0,0.18950589001178741,0.18949434161186218,263.0,0.004000000189989805,0.30000001192092896,0.0,0.0,0.0,0.0,1.0000000116860974e-07,1.0000000116860974e-07,0.0,0.30000001192092896,263,,,,,,,,,,,,,
,1583,,,,,,,,,,,,,,,,,,,,,,,,,,,264,0.18659527599811554,1866.2879638671875,0.18659527599811554,0.3958173990249634,nan,nan,nan,0.0,1.0,3.349397229612805e-05,1.75260520336451e-05,1.5967918443493545e-05,1.0
0.004,1584,,,,,,,,,,,,,,,,,,,,,,,,,,,,,,,,,,,,,,,,
,1589,0.18936821818351746,1893.98974609375,0.18936821818351746,0.3409344255924225,nan,nan,nan,0.0,1.0,3.076862412854098e-05,1.6603009498794563e-05,1.4165609172778204e-05,1.0,0.1894095242023468,0.18936821818351746,264.0,0.004000000189989805,0.30000001192092896,0.0,0.0,0.0,0.0,1.0000000116860974e-07,1.0000000116860974e-07,0.0,0.30000001192092896,264,,,,,,,,,,,,,
,1589,,,,,,,,,,,,,,,,,,,,,,,,,,,265,0.18665604293346405,1866.8992919921875,0.18665604293346405,0.40340495109558105,nan,nan,nan,0.0,1.0,3.389283665455878e-05,1.7769607438822277e-05,1.6123231034725904e-05,1.0
0.004,1590,,,,,,,,,,,,,,,,,,,,,,,,,,,,,,,,,,,,,,,,
,1595,0.18976859748363495,1897.990478515625,0.18976859748363495,0.3312331438064575,nan,nan,nan,0.0,1.0,3.044077857339289e-05,1.6606305507593788e-05,1.3834470337314997e-05,1.0,0.18966087698936462,0.18976859748363495,265.0,0.004000000189989805,0.30000001192092896,0.0,0.0,0.0,0.0,1.0000000116860974e-07,1.0000000116860974e-07,0.0,0.30000001192092896,265,,,,,,,,,,,,,
,1595,,,,,,,,,,,,,,,,,,,,,,,,,,,266,0.18628041446208954,1863.140625,0.18628041446208954,0.40323933959007263,nan,nan,nan,0.0,1.0,3.36355333274696e-05,1.7887608919409104e-05,1.5747928046039306e-05,1.0
0.004,1596,,,,,,,,,,,,,,,,,,,,,,,,,,,,,,,,,,,,,,,,
,1601,0.1898045688867569,1898.35107421875,0.1898045688867569,0.33034631609916687,nan,nan,nan,0.0,1.0,3.0511526347254403e-05,1.6931146092247218e-05,1.3580378436017781e-05,1.0,0.1897614598274231,0.1898045688867569,266.0,0.004000000189989805,0.30000001192092896,0.0,0.0,0.0,0.0,1.0000000116860974e-07,1.0000000116860974e-07,0.0,0.30000001192092896,266,,,,,,,,,,,,,
,1601,,,,,,,,,,,,,,,,,,,,,,,,,,,267,0.18674789369106293,1867.8118896484375,0.18674789369106293,0.398080974817276,nan,nan,nan,0.0,1.0,3.327783269924112e-05,1.8061780792777427e-05,1.5216049177979585e-05,1.0
0.004,1602,,,,,,,,,,,,,,,,,,,,,,,,,,,,,,,,,,,,,,,,
,1607,0.18942329287528992,1894.536376953125,0.18942329287528992,0.33961471915245056,nan,nan,nan,0.0,1.0,3.0336537747643888e-05,1.6812726244097576e-05,1.3523812413041014e-05,1.0,0.18952473998069763,0.18942329287528992,267.0,0.004000000189989805,0.30000001192092896,0.0,0.0,0.0,0.0,1.0000000116860974e-07,1.0000000116860974e-07,0.0,0.30000001192092896,267,,,,,,,,,,,,,
,1607,,,,,,,,,,,,,,,,,,,,,,,,,,,268,0.1863284558057785,1863.61767578125,0.1863284558057785,0.40369224548339844,nan,nan,nan,0.0,1.0,3.332805499667302e-05,1.832308953453321e-05,1.5004962733655702e-05,1.0
0.004,1608,,,,,,,,,,,,,,,,,,,,,,,,,,,,,,,,,,,,,,,,
,1613,0.18961088359355927,1896.411376953125,0.18961088359355927,0.33503392338752747,nan,nan,nan,0.0,1.0,3.0256782338256016e-05,1.703935777186416e-05,1.3217424566391855e-05,1.0,0.18958504498004913,0.18961088359355927,268.0,0.004000000189989805,0.30000001192092896,0.0,0.0,0.0,0.0,1.0000000116860974e-07,1.0000000116860974e-07,0.0,0.30000001192092896,268,,,,,,,,,,,,,
,1613,,,,,,,,,,,,,,,,,,,,,,,,,,,269,0.18650318682193756,1865.3663330078125,0.18650318682193756,0.4028880298137665,nan,nan,nan,0.0,1.0,3.34379292326048e-05,1.833189162425697e-05,1.5106038517842535e-05,1.0
0.004,1614,,,,,,,,,,,,,,,,,,,,,,,,,,,,,,,,,,,,,,,,
,1619,0.18957610428333282,1896.0596923828125,0.18957610428333282,0.33588677644729614,nan,nan,nan,0.0,1.0,2.9867631383240223e-05,1.6537860574317165e-05,1.332977171841776e-05,1.0,0.18957878649234772,0.18957610428333282,269.0,0.004000000189989805,0.30000001192092896,0.0,0.0,0.0,0.0,1.0000000116860974e-07,1.0000000116860974e-07,0.0,0.30000001192092896,269,,,,,,,,,,,,,
,1619,,,,,,,,,,,,,,,,,,,,,,,,,,,270,0.18630433082580566,1863.3758544921875,0.18630433082580566,0.3992328941822052,nan,nan,nan,0.0,1.0,3.324780482216738e-05,1.8102215108228847e-05,1.5145588804443832e-05,1.0
0.004,1620,,,,,,,,,,,,,,,,,,,,,,,,,,,,,,,,,,,,,,,,
,1625,0.18955883383750916,1895.88671875,0.18955883383750916,0.33635279536247253,nan,nan,nan,0.0,1.0,2.9861716029699892e-05,1.6154419427039102e-05,1.370729660266079e-05,1.0,0.1895648092031479,0.18955883383750916,270.0,0.004000000189989805,0.30000001192092896,0.0,0.0,0.0,0.0,1.0000000116860974e-07,1.0000000116860974e-07,0.0,0.30000001192092896,270,,,,,,,,,,,,,
,1625,,,,,,,,,,,,,,,,,,,,,,,,,,,271,0.18648307025432587,1865.16162109375,0.18648307025432587,0.39904725551605225,nan,nan,nan,0.0,1.0,3.310405372758396e-05,1.764313674357254e-05,1.5460920621990226e-05,1.0
0.004,1626,,,,,,,,,,,,,,,,,,,,,,,,,,,,,,,,,,,,,,,,
,1631,0.1896708756685257,1897.01171875,0.1896708756685257,0.3335874676704407,nan,nan,nan,0.0,1.0,3.0300514481496066e-05,1.639558104216121e-05,1.3904931620345451e-05,1.0,0.18963906168937683,0.1896708756685257,271.0,0.004000000189989805,0.30000001192092896,0.0,0.0,0.0,0.0,1.0000000116860974e-07,1.0000000116860974e-07,0.0,0.30000001192092896,271,,,,,,,,,,,,,
,1631,,,,,,,,,,,,,,,,,,,,,,,,,,,272,0.18634067475795746,1863.7384033203125,0.18634067475795746,0.40052270889282227,nan,nan,nan,0.0,1.0,3.31722512783017e-05,1.7619515347178094e-05,1.555273775011301e-05,1.0
0.004,1632,,,,,,,,,,,,,,,,,,,,,,,,,,,,,,,,,,,,,,,,
,1637,0.18928512930870056,1893.15673828125,0.18928512930870056,0.34297868609428406,nan,nan,nan,0.0,1.0,3.053417822229676e-05,1.6608893929515034e-05,1.3925282473792322e-05,1.0,0.18939131498336792,0.18928512930870056,272.0,0.004000000189989805,0.30000001192092896,0.0,0.0,0.0,0.0,1.0000000116860974e-07,1.0000000116860974e-07,0.0,0.30000001192092896,272,,,,,,,,,,,,,
,1637,,,,,,,,,,,,,,,,,,,,,,,,,,,273,0.1862689107656479,1863.0234375,0.1862689107656479,0.3996969163417816,nan,nan,nan,0.0,1.0,3.342469790368341e-05,1.772808172972873e-05,1.5696617992944084e-05,1.0
0.004,1638,,,,,,,,,,,,,,,,,,,,,,,,,,,,,,,,,,,,,,,,
,1643,0.18952511250972748,1895.5611572265625,0.18952511250972748,0.33714255690574646,nan,nan,nan,0.0,1.0,3.101592301391065e-05,1.699808672128711e-05,1.4017837202118244e-05,1.0,0.18948496878147125,0.18952511250972748,273.0,0.004000000189989805,0.30000001192092896,0.0,0.0,0.0,0.0,1.0000000116860974e-07,1.0000000116860974e-07,0.0,0.30000001192092896,273,,,,,,,,,,,,,
,1643,,,,,,,,,,,,,,,,,,,,,,,,,,,274,0.1862667053937912,1863.00732421875,0.1862667053937912,0.4037330448627472,nan,nan,nan,0.0,1.0,3.404568997211754e-05,1.8234268281958066e-05,1.5811421690159477e-05,1.0
0.004,1644,,,,,,,,,,,,,,,,,,,,,,,,,,,,,,,,,,,,,,,,
,1649,0.1895514726638794,1895.8255615234375,0.1895514726638794,0.33649376034736633,nan,nan,nan,0.0,1.0,3.10887407977134e-05,1.71851697814418e-05,1.39035719257663e-05,1.0,0.18953153491020203,0.1895514726638794,274.0,0.004000000189989805,0.30000001192092896,0.0,0.0,0.0,0.0,1.0000000116860974e-07,1.0000000116860974e-07,0.0,0.30000001192092896,274,,,,,,,,,,,,,
,1649,,,,,,,,,,,,,,,,,,,,,,,,,,,275,0.18657930195331573,1866.1339111328125,0.18657930195331573,0.4012804329395294,nan,nan,nan,0.0,1.0,3.4074659197358415e-05,1.8461969375493936e-05,1.5612688002875075e-05,1.0
0.004,1650,,,,,,,,,,,,,,,,,,,,,,,,,,,,,,,,,,,,,,,,
,1655,0.1893519014120102,1893.8333740234375,0.1893519014120102,0.3413349986076355,nan,nan,nan,0.0,1.0,3.144940274069086e-05,1.736807644192595e-05,1.408132811775431e-05,1.0,0.18940579891204834,0.1893519014120102,275.0,0.004000000189989805,0.30000001192092896,0.0,0.0,0.0,0.0,1.0000000116860974e-07,1.0000000116860974e-07,0.0,0.30000001192092896,275,,,,,,,,,,,,,
,1655,,,,,,,,,,,,,,,,,,,,,,,,,,,276,0.18622137606143951,1862.55712890625,0.18622137606143951,0.40592169761657715,nan,nan,nan,0.0,1.0,3.432386802160181e-05,1.8599466784507968e-05,1.5724403056083247e-05,1.0
0.004,1656,,,,,,,,,,,,,,,,,,,,,,,,,,,,,,,,,,,,,,,,
,1661,0.1894540786743164,1894.8555908203125,0.1894540786743164,0.3388603925704956,nan,nan,nan,0.0,1.0,3.148101313854568e-05,1.7198099158122204e-05,1.4282915799412876e-05,1.0,0.189439594745636,0.1894540786743164,276.0,0.004000000189989805,0.30000001192092896,0.0,0.0,0.0,0.0,1.0000000116860974e-07,1.0000000116860974e-07,0.0,0.30000001192092896,276,,,,,,,,,,,,,
,1661,,,,,,,,,,,,,,,,,,,,,,,,,,,277,0.18658661842346191,1866.2113037109375,0.18658661842346191,0.40403392910957336,nan,nan,nan,0.0,1.0,3.4515713196014985e-05,1.8570377505966462e-05,1.594533932802733e-05,1.0
0.004,1662,,,,,,,,,,,,,,,,,,,,,,,,,,,,,,,,,,,,,,,,
,1667,0.1895352602005005,1895.6650390625,0.1895352602005005,0.3368840217590332,nan,nan,nan,0.0,1.0,3.125980219920166e-05,1.7193153325933963e-05,1.4066650692257099e-05,1.0,0.18950656056404114,0.1895352602005005,277.0,0.004000000189989805,0.30000001192092896,0.0,0.0,0.0,0.0,1.0000000116860974e-07,1.0000000116860974e-07,0.0,0.30000001192092896,277,,,,,,,,,,,,,
,1667,,,,,,,,,,,,,,,,,,,,,,,,,,,278,0.18640314042568207,1864.3763427734375,0.18640314042568207,0.40680256485939026,nan,nan,nan,0.0,1.0,3.45098742400296e-05,1.854643596743699e-05,1.596343827259261e-05,1.0
0.004,1668,,,,,,,,,,,,,,,,,,,,,,,,,,,,,,,,,,,,,,,,
,1673,0.18946942687034607,1895.005615234375,0.18946942687034607,0.3384557366371155,nan,nan,nan,0.0,1.0,3.114098944934085e-05,1.7082173144444823e-05,1.4058813576411922e-05,1.0,0.18948055803775787,0.18946942687034607,278.0,0.004000000189989805,0.30000001192092896,0.0,0.0,0.0,0.0,1.0000000116860974e-07,1.0000000116860974e-07,0.0,0.30000001192092896,278,,,,,,,,,,,,,
,1673,,,,,,,,,,,,,,,,,,,,,,,,,,,279,0.18695074319839478,1869.85107421875,0.18695074319839478,0.40056514739990234,nan,nan,nan,0.0,1.0,3.4374501410638914e-05,1.859475378296338e-05,1.577974580868613e-05,1.0
0.004,1674,,,,,,,,,,,,,,,,,,,,,,,,,,,,,,,,,,,,,,,,
,1679,0.18948857486248016,1895.185546875,0.18948857486248016,0.33801546692848206,nan,nan,nan,0.0,1.0,2.996551847900264e-05,1.6373756807297468e-05,1.3591761671705171e-05,1.0,0.18948617577552795,0.18948857486248016,279.0,0.004000000189989805,0.30000001192092896,0.0,0.0,0.0,0.0,1.0000000116860974e-07,1.0000000116860974e-07,0.0,0.30000001192092896,279,,,,,,,,,,,,,
,1679,,,,,,,,,,,,,,,,,,,,,,,,,,,280,0.18614554405212402,1861.7940673828125,0.18614554405212402,0.4046352803707123,nan,nan,nan,0.0,1.0,3.3862255804706365e-05,1.8442166037857533e-05,1.542008794785943e-05,1.0
0.004,1680,,,,,,,,,,,,,,,,,,,,,,,,,,,,,,,,,,,,,,,,
,1685,0.1895291805267334,1895.5963134765625,0.1895291805267334,0.33699536323547363,nan,nan,nan,0.0,1.0,3.0458239052677527e-05,1.6938347471295856e-05,1.3519889762392268e-05,1.0,0.18951627612113953,0.1895291805267334,280.0,0.004000000189989805,0.30000001192092896,0.0,0.0,0.0,0.0,1.0000000116860974e-07,1.0000000116860974e-07,0.0,0.30000001192092896,280,,,,,,,,,,,,,
,1685,,,,,,,,,,,,,,,,,,,,,,,,,,,281,0.18601787090301514,1860.509765625,0.18601787090301514,0.4065021574497223,nan,nan,nan,0.0,1.0,3.309484964120202e-05,1.7836917322711088e-05,1.5257929590006825e-05,1.0
0.004,1686,,,,,,,,,,,,,,,,,,,,,,,,,,,,,,,,,,,,,,,,
,1691,0.18934482336044312,1893.753662109375,0.18934482336044312,0.341494619846344,nan,nan,nan,0.0,1.0,3.052996544283815e-05,1.7268470401177183e-05,1.3261496860650368e-05,1.0,0.18939626216888428,0.18934482336044312,281.0,0.004000000189989805,0.30000001192092896,0.0,0.0,0.0,0.0,1.0000000116860974e-07,1.0000000116860974e-07,0.0,0.30000001192092896,281,,,,,,,,,,,,,
,1691,,,,,,,,,,,,,,,,,,,,,,,,,,,282,0.18626916408538818,1863.0283203125,0.18626916408538818,0.4064626395702362,nan,nan,nan,0.0,1.0,3.368528268765658e-05,1.855691516539082e-05,1.5128364793781657e-05,1.0
0.004,1692,,,,,,,,,,,,,,,,,,,,,,,,,,,,,,,,,,,,,,,,
,1697,0.18944188952445984,1894.7247314453125,0.18944188952445984,0.3391702473163605,nan,nan,nan,0.0,1.0,3.05806242977269e-05,1.7444852346670814e-05,1.3135770132066682e-05,1.0,0.1894282102584839,0.18944188952445984,282.0,0.004000000189989805,0.30000001192092896,0.0,0.0,0.0,0.0,1.0000000116860974e-07,1.0000000116860974e-07,0.0,0.30000001192092896,282,,,,,,,,,,,,,
,1697,,,,,,,,,,,,,,,,,,,,,,,,,,,283,0.18615032732486725,1861.8416748046875,0.18615032732486725,0.40819039940834045,nan,nan,nan,0.0,1.0,3.383716466487385e-05,1.8823955542757176e-05,1.5013208212621976e-05,1.0
0.004,1698,,,,,,,,,,,,,,,,,,,,,,,,,,,,,,,,,,,,,,,,
,1703,0.18929417431354523,1893.2425537109375,0.18929417431354523,0.3427591621875763,nan,nan,nan,0.0,1.0,3.0065068131079897e-05,1.6741028957767412e-05,1.3324040082807187e-05,1.0,0.18933439254760742,0.18929417431354523,283.0,0.004000000189989805,0.30000001192092896,0.0,0.0,0.0,0.0,1.0000000116860974e-07,1.0000000116860974e-07,0.0,0.30000001192092896,283,,,,,,,,,,,,,
,1703,,,,,,,,,,,,,,,,,,,,,,,,,,,284,0.1864488273859024,1864.8251953125,0.1864488273859024,0.4037446677684784,nan,nan,nan,0.0,1.0,3.371267666807398e-05,1.870370215328876e-05,1.5008973605290521e-05,1.0
0.004,1704,,,,,,,,,,,,,,,,,,,,,,,,,,,,,,,,,,,,,,,,
,1709,0.1893911212682724,1894.2142333984375,0.1893911212682724,0.3403984010219574,nan,nan,nan,0.0,1.0,3.0306213375297375e-05,1.6706184396753088e-05,1.3600028978544287e-05,1.0,0.18937410414218903,0.1893911212682724,284.0,0.004000000189989805,0.30000001192092896,0.0,0.0,0.0,0.0,1.0000000116860974e-07,1.0000000116860974e-07,0.0,0.30000001192092896,284,,,,,,,,,,,,,
,1709,,,,,,,,,,,,,,,,,,,,,,,,,,,285,0.1861584186553955,1861.91943359375,0.1861584186553955,0.40558192133903503,nan,nan,nan,0.0,1.0,3.352853673277423e-05,1.8276297851116396e-05,1.5252239791152533e-05,1.0
0.004,1710,,,,,,,,,,,,,,,,,,,,,,,,,,,,,,,,,,,,,,,,
,1715,0.18956907093524933,1895.994384765625,0.18956907093524933,0.3360498249530792,nan,nan,nan,0.0,1.0,3.0357523428392597e-05,1.6691428754711524e-05,1.366609285469167e-05,1.0,0.18951058387756348,0.18956907093524933,285.0,0.004000000189989805,0.30000001192092896,0.0,0.0,0.0,0.0,1.0000000116860974e-07,1.0000000116860974e-07,0.0,0.30000001192092896,285,,,,,,,,,,,,,
,1715,,,,,,,,,,,,,,,,,,,,,,,,,,,286,0.1866266280412674,1866.60009765625,0.1866266280412674,0.40358495712280273,nan,nan,nan,0.0,1.0,3.3390639146091416e-05,1.809293644328136e-05,1.5297702702810057e-05,1.0
0.004,1716,,,,,,,,,,,,,,,,,,,,,,,,,,,,,,,,,,,,,,,,
,1721,0.18936409056186676,1893.9468994140625,0.18936409056186676,0.3410511612892151,nan,nan,nan,0.0,1.0,3.059479786315933e-05,1.669445373408962e-05,1.3900341400585603e-05,1.0,0.18940803408622742,0.18936409056186676,286.0,0.004000000189989805,0.30000001192092896,0.0,0.0,0.0,0.0,1.0000000116860974e-07,1.0000000116860974e-07,0.0,0.30000001192092896,286,,,,,,,,,,,,,
,1721,,,,,,,,,,,,,,,,,,,,,,,,,,,287,0.18626461923122406,1862.9827880859375,0.18626461923122406,0.40712955594062805,nan,nan,nan,0.0,1.0,3.363964060554281e-05,1.8005674064625055e-05,1.5633966540917754e-05,1.0
0.004,1722,,,,,,,,,,,,,,,,,,,,,,,,,,,,,,,,,,,,,,,,
,1727,0.1894303262233734,1894.6141357421875,0.1894303262233734,0.33942779898643494,nan,nan,nan,0.0,1.0,3.1076273444341496e-05,1.705716385913547e-05,1.4019114132679533e-05,1.0,0.18942365050315857,0.1894303262233734,287.0,0.004000000189989805,0.30000001192092896,0.0,0.0,0.0,0.0,1.0000000116860974e-07,1.0000000116860974e-07,0.0,0.30000001192092896,287,,,,,,,,,,,,,
,1727,,,,,,,,,,,,,,,,,,,,,,,,,,,288,0.18587364256381989,1859.07763671875,0.18587364256381989,0.4088815152645111,nan,nan,nan,0.0,1.0,3.4104694350389764e-05,1.8298593204235658e-05,1.58060975081753e-05,1.0
0.004,1728,,,,,,,,,,,,,,,,,,,,,,,,,,,,,,,,,,,,,,,,
,1733,0.18950282037258148,1895.3358154296875,0.18950282037258148,0.33766257762908936,nan,nan,nan,0.0,1.0,3.0757455533603206e-05,1.6813126421766356e-05,1.394432911183685e-05,1.0,0.1894790679216385,0.18950282037258148,288.0,0.004000000189989805,0.30000001192092896,0.0,0.0,0.0,0.0,1.0000000116860974e-07,1.0000000116860974e-07,0.0,0.30000001192092896,288,,,,,,,,,,,,,
,1733,,,,,,,,,,,,,,,,,,,,,,,,,,,289,0.18594777584075928,1859.81787109375,0.18594777584075928,0.40717819333076477,nan,nan,nan,0.0,1.0,3.402683068998158e-05,1.8374361388850957e-05,1.565246748214122e-05,1.0
0.004,1734,,,,,,,,,,,,,,,,,,,,,,,,,,,,,,,,,,,,,,,,
,1739,0.18954308331012726,1895.7353515625,0.18954308331012726,0.3366961181163788,nan,nan,nan,0.0,1.0,3.0459044864983298e-05,1.658154360484332e-05,1.3877504898118787e-05,1.0,0.18952389061450958,0.18954308331012726,289.0,0.004000000189989805,0.30000001192092896,0.0,0.0,0.0,0.0,1.0000000116860974e-07,1.0000000116860974e-07,0.0,0.30000001192092896,289,,,,,,,,,,,,,
,1739,,,,,,,,,,,,,,,,,,,,,,,,,,,290,0.18598335981369019,1860.1712646484375,0.18598335981369019,0.41137591004371643,nan,nan,nan,0.0,1.0,3.377524626557715e-05,1.8242551959701814e-05,1.5532697943854146e-05,1.0
0.004,1740,,,,,,,,,,,,,,,,,,,,,,,,,,,,,,,,,,,,,,,,
,1745,0.18969203531742096,1897.2236328125,0.18969203531742096,0.33306175470352173,nan,nan,nan,0.0,1.0,3.032002132385969e-05,1.6617683286312968e-05,1.3702339856536128e-05,1.0,0.18964159488677979,0.18969203531742096,290.0,0.004000000189989805,0.30000001192092896,0.0,0.0,0.0,0.0,1.0000000116860974e-07,1.0000000116860974e-07,0.0,0.30000001192092896,290,,,,,,,,,,,,,
,1745,,,,,,,,,,,,,,,,,,,,,,,,,,,291,0.1864515095949173,1864.8514404296875,0.1864515095949173,0.40350770950317383,nan,nan,nan,0.0,1.0,3.3635165891610086e-05,1.8069697034661658e-05,1.5565467037959024e-05,1.0
0.004,1746,,,,,,,,,,,,,,,,,,,,,,,,,,,,,,,,,,,,,,,,
,1751,0.18959039449691772,1896.201416015625,0.18959039449691772,0.33554738759994507,nan,nan,nan,0.0,1.0,2.9733881092397496e-05,1.637204877624754e-05,1.3361832316149957e-05,1.0,0.18960575759410858,0.18959039449691772,291.0,0.004000000189989805,0.30000001192092896,0.0,0.0,0.0,0.0,1.0000000116860974e-07,1.0000000116860974e-07,0.0,0.30000001192092896,291,,,,,,,,,,,,,
,1751,,,,,,,,,,,,,,,,,,,,,,,,,,,292,0.1862715482711792,1863.0501708984375,0.1862715482711792,0.4058564603328705,nan,nan,nan,0.0,1.0,3.346132507431321e-05,1.8054930478683673e-05,1.540639095765073e-05,1.0
0.004,1752,,,,,,,,,,,,,,,,,,,,,,,,,,,,,,,,,,,,,,,,
,1757,0.18945734202861786,1894.87060546875,0.18945734202861786,0.33879929780960083,nan,nan,nan,0.0,1.0,2.9720866223215126e-05,1.649375553824939e-05,1.3227113413449842e-05,1.0,0.18950186669826508,0.18945734202861786,292.0,0.004000000189989805,0.30000001192092896,0.0,0.0,0.0,0.0,1.0000000116860974e-07,1.0000000116860974e-07,0.0,0.30000001192092896,292,,,,,,,,,,,,,
,1757,,,,,,,,,,,,,,,,,,,,,,,,,,,293,0.18639437854290009,1864.2745361328125,0.18639437854290009,0.4069720506668091,nan,nan,nan,0.0,1.0,3.309380917926319e-05,1.7997825125348754e-05,1.5095988601387944e-05,1.0
0.004,1758,,,,,,,,,,,,,,,,,,,,,,,,,,,,,,,,,,,,,,,,
,1763,0.1894330233335495,1894.6319580078125,0.1894330233335495,0.33938542008399963,nan,nan,nan,0.0,1.0,3.019277392013464e-05,1.682352740317583e-05,1.3369245607464109e-05,1.0,0.18945367634296417,0.1894330233335495,293.0,0.004000000189989805,0.30000001192092896,0.0,0.0,0.0,0.0,1.0000000116860974e-07,1.0000000116860974e-07,0.0,0.30000001192092896,293,,,,,,,,,,,,,
,1763,,,,,,,,,,,,,,,,,,,,,,,,,,,294,0.18597765266895294,1860.109375,0.18597765266895294,0.4115779399871826,nan,nan,nan,0.0,1.0,3.327627928229049e-05,1.8202150386059657e-05,1.507412798673613e-05,1.0
0.004,1764,,,,,,,,,,,,,,,,,,,,,,,,,,,,,,,,,,,,,,,,
,1769,0.18947385251522064,1895.042724609375,0.18947385251522064,0.33838269114494324,nan,nan,nan,0.0,1.0,3.0408775273826905e-05,1.703817179077305e-05,1.3370604392548557e-05,1.0,0.18946778774261475,0.18947385251522064,294.0,0.004000000189989805,0.30000001192092896,0.0,0.0,0.0,0.0,1.0000000116860974e-07,1.0000000116860974e-07,0.0,0.30000001192092896,294,,,,,,,,,,,,,
,1769,,,,,,,,,,,,,,,,,,,,,,,,,,,295,0.1861303597688675,1861.6400146484375,0.1861303597688675,0.4100992679595947,nan,nan,nan,0.0,1.0,3.363682117196731e-05,1.8509717847337015e-05,1.5127100596146192e-05,1.0
0.004,1770,,,,,,,,,,,,,,,,,,,,,,,,,,,,,,,,,,,,,,,,
,1775,0.18939460813999176,1894.25,0.18939460813999176,0.3403041660785675,nan,nan,nan,0.0,1.0,3.0388351660803892e-05,1.6824156773509458e-05,1.3564192158810329e-05,1.0,0.1894165575504303,0.18939460813999176,295.0,0.004000000189989805,0.30000001192092896,0.0,0.0,0.0,0.0,1.0000000116860974e-07,1.0000000116860974e-07,0.0,0.30000001192092896,295,,,,,,,,,,,,,
,1775,,,,,,,,,,,,,,,,,,,,,,,,,,,296,0.1862783581018448,1863.1177978515625,0.1862783581018448,0.41108664870262146,nan,nan,nan,0.0,1.0,3.343892967677675e-05,1.848928332037758e-05,1.4949648175388575e-05,1.0
0.004,1776,,,,,,,,,,,,,,,,,,,,,,,,,,,,,,,,,,,,,,,,
,1781,0.1893334984779358,1893.6397705078125,0.1893334984779358,0.3417690396308899,nan,nan,nan,0.0,1.0,3.0476852771244012e-05,1.687232725089416e-05,1.360452370136045e-05,1.0,0.1893584132194519,0.1893334984779358,296.0,0.004000000189989805,0.30000001192092896,0.0,0.0,0.0,0.0,1.0000000116860974e-07,1.0000000116860974e-07,0.0,0.30000001192092896,296,,,,,,,,,,,,,
,1781,,,,,,,,,,,,,,,,,,,,,,,,,,,297,0.18573100864887238,1857.64697265625,0.18573100864887238,0.41359052062034607,nan,nan,nan,0.0,1.0,3.3703352528391406e-05,1.8356417058384977e-05,1.5346933651017025e-05,1.0
0.004,1782,,,,,,,,,,,,,,,,,,,,,,,,,,,,,,,,,,,,,,,,
,1787,0.1893792748451233,1894.1058349609375,0.1893792748451233,0.340648353099823,nan,nan,nan,0.0,1.0,3.1304036383517087e-05,1.7514759747427888e-05,1.3789280274068005e-05,1.0,0.18937301635742188,0.1893792748451233,297.0,0.004000000189989805,0.30000001192092896,0.0,0.0,0.0,0.0,1.0000000116860974e-07,1.0000000116860974e-07,0.0,0.30000001192092896,297,,,,,,,,,,,,,
,1787,,,,,,,,,,,,,,,,,,,,,,,,,,,298,0.18585313856601715,1858.87353515625,0.18585313856601715,0.411391943693161,nan,nan,nan,0.0,1.0,3.4211581805720925e-05,1.8631932107382454e-05,1.557964969833847e-05,1.0
0.004,1788,,,,,,,,,,,,,,,,,,,,,,,,,,,,,,,,,,,,,,,,
,1793,0.18943439424037933,1894.6558837890625,0.18943439424037933,0.3393442630767822,nan,nan,nan,0.0,1.0,3.1213799957185984e-05,1.7459182345191948e-05,1.3754615793004632e-05,1.0,0.18941599130630493,0.18943439424037933,298.0,0.004000000189989805,0.30000001192092896,0.0,0.0,0.0,0.0,1.0000000116860974e-07,1.0000000116860974e-07,0.0,0.30000001192092896,298,,,,,,,,,,,,,
,1793,,,,,,,,,,,,,,,,,,,,,,,,,,,299,0.18574152886867523,1857.75830078125,0.18574152886867523,0.4111335277557373,nan,nan,nan,0.0,1.0,3.4306962334085256e-05,1.8848557374440134e-05,1.5458406778634526e-05,1.0
0.004,1794,,,,,,,,,,,,,,,,,,,,,,,,,,,,,,,,,,,,,,,,
,1799,0.1893375664949417,1893.6883544921875,0.1893375664949417,0.3417026400566101,nan,nan,nan,0.0,1.0,3.1261493859346956e-05,1.7451666280976497e-05,1.3809826668875758e-05,1.0,0.1893610954284668,0.1893375664949417,299.0,0.004000000189989805,0.30000001192092896,0.0,0.0,0.0,0.0,1.0000000116860974e-07,1.0000000116860974e-07,0.0,0.30000001192092896,299,,,,,,,,,,,,,
,1799,,,,,,,,,,,,,,,,,,,,,,,,,,,300,0.1862267404794693,1862.6090087890625,0.1862267404794693,0.4085465967655182,nan,nan,nan,0.0,1.0,3.415675018914044e-05,1.890015664685052e-05,1.5256594451784622e-05,1.0
0.004,1800,,,,,,,,,,,,,,,,,,,,,,,,,,,,,,,,,,,,,,,,
,1805,0.18930035829544067,1893.314453125,0.18930035829544067,0.3426111042499542,nan,nan,nan,0.0,1.0,3.108390956185758e-05,1.7112040950451046e-05,1.3971866792417131e-05,1.0,0.18931856751441956,0.18930035829544067,300.0,0.004000000189989805,0.30000001192092896,0.0,0.0,0.0,0.0,1.0000000116860974e-07,1.0000000116860974e-07,0.0,0.30000001192092896,300,,,,,,,,,,,,,
,1805,,,,,,,,,,,,,,,,,,,,,,,,,,,301,0.18566954135894775,1857.0377197265625,0.18566954135894775,0.4140326976776123,nan,nan,nan,0.0,1.0,3.4226955904159695e-05,1.87855966942152e-05,1.544135739095509e-05,1.0
0.004,1806,,,,,,,,,,,,,,,,,,,,,,,,,,,,,,,,,,,,,,,,
,1811,0.18963611125946045,1896.6741943359375,0.18963611125946045,0.3344176411628723,nan,nan,nan,0.0,1.0,3.1309067708207294e-05,1.7266358554479666e-05,1.4042710972717032e-05,1.0,0.18954084813594818,0.18963611125946045,301.0,0.004000000189989805,0.30000001192092896,0.0,0.0,0.0,0.0,1.0000000116860974e-07,1.0000000116860974e-07,0.0,0.30000001192092896,301,,,,,,,,,,,,,
,1811,,,,,,,,,,,,,,,,,,,,,,,,,,,302,0.18580996990203857,1858.4417724609375,0.18580996990203857,0.4140876233577728,nan,nan,nan,0.0,1.0,3.421209839871153e-05,1.8459870261722244e-05,1.575222449901048e-05,1.0
0.004,1812,,,,,,,,,,,,,,,,,,,,,,,,,,,,,,,,,,,,,,,,
,1817,0.18943274021148682,1894.6439208984375,0.18943274021148682,0.33934295177459717,nan,nan,nan,0.0,1.0,3.165553789585829e-05,1.7569258488947526e-05,1.408627849741606e-05,1.0,0.18946516513824463,0.18943274021148682,302.0,0.004000000189989805,0.30000001192092896,0.0,0.0,0.0,0.0,1.0000000116860974e-07,1.0000000116860974e-07,0.0,0.30000001192092896,302,,,,,,,,,,,,,
,1817,,,,,,,,,,,,,,,,,,,,,,,,,,,303,0.18629436194896698,1863.2867431640625,0.18629436194896698,0.410581111907959,nan,nan,nan,0.0,1.0,3.431275035836734e-05,1.8623304640641436e-05,1.5689445717725903e-05,1.0
0.004,1818,,,,,,,,,,,,,,,,,,,,,,,,,,,,,,,,,,,,,,,,
,1823,0.18943604826927185,1894.6759033203125,0.18943604826927185,0.33927834033966064,nan,nan,nan,0.0,1.0,3.154380101477727e-05,1.739104300213512e-05,1.4152760741126258e-05,1.0,0.18944478034973145,0.18943604826927185,303.0,0.004000000189989805,0.30000001192092896,0.0,0.0,0.0,0.0,1.0000000116860974e-07,1.0000000116860974e-07,0.0,0.30000001192092896,303,,,,,,,,,,,,,
,1823,,,,,,,,,,,,,,,,,,,,,,,,,,,304,0.1855245977640152,1855.5965576171875,0.1855245977640152,0.419501394033432,nan,nan,nan,0.0,1.0,3.50667251041159e-05,1.9131306544295512e-05,1.593541855982039e-05,1.0
0.004,1824,,,,,,,,,,,,,,,,,,,,,,,,,,,,,,,,,,,,,,,,
,1829,0.18923239409923553,1892.6356201171875,0.18923239409923553,0.3442581295967102,nan,nan,nan,0.0,1.0,3.1197872885968536e-05,1.714353493298404e-05,1.4054338862479199e-05,1.0,0.18929611146450043,0.18923239409923553,304.0,0.004000000189989805,0.30000001192092896,0.0,0.0,0.0,0.0,1.0000000116860974e-07,1.0000000116860974e-07,0.0,0.30000001192092896,304,,,,,,,,,,,,,
,1829,,,,,,,,,,,,,,,,,,,,,,,,,,,305,0.1856125444173813,1856.4727783203125,0.1856125444173813,0.4151651859283447,nan,nan,nan,0.0,1.0,3.473636388662271e-05,1.8762048057396896e-05,1.5974315829225816e-05,1.0
0.004,1830,,,,,,,,,,,,,,,,,,,,,,,,,,,,,,,,,,,,,,,,
,1835,0.18952812254428864,1895.590576171875,0.18952812254428864,0.3370487093925476,nan,nan,nan,0.0,1.0,3.095560532528907e-05,1.71026294992771e-05,1.3852976735506672e-05,1.0,0.18945851922035217,0.18952812254428864,305.0,0.004000000189989805,0.30000001192092896,0.0,0.0,0.0,0.0,1.0000000116860974e-07,1.0000000116860974e-07,0.0,0.30000001192092896,305,,,,,,,,,,,,,
,1835,,,,,,,,,,,,,,,,,,,,,,,,,,,306,0.18574412167072296,1857.78515625,0.18574412167072296,0.41663312911987305,nan,nan,nan,0.0,1.0,3.4400443837512285e-05,1.859564690676052e-05,1.5804796930751763e-05,1.0
0.004,1836,,,,,,,,,,,,,,,,,,,,,,,,,,,,,,,,,,,,,,,,
,1841,0.18959125876426697,1896.226318359375,0.18959125876426697,0.3354950249195099,nan,nan,nan,0.0,1.0,3.137952080578543e-05,1.7206582924700342e-05,1.4172941519063897e-05,1.0,0.189551442861557,0.18959125876426697,306.0,0.004000000189989805,0.30000001192092896,0.0,0.0,0.0,0.0,1.0000000116860974e-07,1.0000000116860974e-07,0.0,0.30000001192092896,306,,,,,,,,,,,,,
,1841,,,,,,,,,,,,,,,,,,,,,,,,,,,307,0.18599504232406616,1860.2940673828125,0.18599504232406616,0.4123876094818115,nan,nan,nan,0.0,1.0,3.436383849475533e-05,1.84877026185859e-05,1.5876134057180025e-05,1.0
0.004,1842,,,,,,,,,,,,,,,,,,,,,,,,,,,,,,,,,,,,,,,,
,1847,0.18943215906620026,1894.6319580078125,0.18943215906620026,0.33940589427948,nan,nan,nan,0.0,1.0,3.103442941210233e-05,1.6979160136543214e-05,1.4055270185053814e-05,1.0,0.18946795165538788,0.18943215906620026,307.0,0.004000000189989805,0.30000001192092896,0.0,0.0,0.0,0.0,1.0000000116860974e-07,1.0000000116860974e-07,0.0,0.30000001192092896,307,,,,,,,,,,,,,
,1847,,,,,,,,,,,,,,,,,,,,,,,,,,,308,0.1860656887292862,1861.00048828125,0.1860656887292862,0.4138634204864502,nan,nan,nan,0.0,1.0,3.436134284129366e-05,1.8589673345559277e-05,1.577166585775558e-05,1.0
0.004,1848,,,,,,,,,,,,,,,,,,,,,,,,,,,,,,,,,,,,,,,,
,1853,0.18953999876976013,1895.7066650390625,0.18953999876976013,0.33675771951675415,nan,nan,nan,0.0,1.0,3.0673796572955325e-05,1.6942029105848633e-05,1.3731769286096096e-05,1.0,0.18951839208602905,0.18953999876976013,308.0,0.004000000189989805,0.30000001192092896,0.0,0.0,0.0,0.0,1.0000000116860974e-07,1.0000000116860974e-07,0.0,0.30000001192092896,308,,,,,,,,,,,,,
,1853,,,,,,,,,,,,,,,,,,,,,,,,,,,309,0.18597210943698883,1860.0638427734375,0.18597210943698883,0.41479983925819397,nan,nan,nan,0.0,1.0,3.4267261071363464e-05,1.8600880139274523e-05,1.5666382751078345e-05,1.0
0.004,1854,,,,,,,,,,,,,,,,,,,,,,,,,,,,,,,,,,,,,,,,
,1859,0.18963752686977386,1896.6759033203125,0.18963752686977386,0.3343968391418457,nan,nan,nan,0.0,1.0,3.0077013434492983e-05,1.6342073649866506e-05,1.3734940694121178e-05,1.0,0.18960177898406982,0.18963752686977386,309.0,0.004000000189989805,0.30000001192092896,0.0,0.0,0.0,0.0,1.0000000116860974e-07,1.0000000116860974e-07,0.0,0.30000001192092896,309,,,,,,,,,,,,,
,1859,,,,,,,,,,,,,,,,,,,,,,,,,,,310,0.18619441986083984,1862.2830810546875,0.18619441986083984,0.4143533706665039,nan,nan,nan,0.0,1.0,3.390260462765582e-05,1.82135609065881e-05,1.568904372106772e-05,1.0
0.004,1860,,,,,,,,,,,,,,,,,,,,,,,,,,,,,,,,,,,,,,,,
,1865,0.18955257534980774,1895.8302001953125,0.18955257534980774,0.33647724986076355,nan,nan,nan,0.0,1.0,3.043416108994279e-05,1.661764326854609e-05,1.3816517821396701e-05,1.0,0.18956732749938965,0.18955257534980774,310.0,0.004000000189989805,0.30000001192092896,0.0,0.0,0.0,0.0,1.0000000116860974e-07,1.0000000116860974e-07,0.0,0.30000001192092896,310,,,,,,,,,,,,,
,1865,,,,,,,,,,,,,,,,,,,,,,,,,,,311,0.18602047860622406,1860.54443359375,0.18602047860622406,0.40994131565093994,nan,nan,nan,0.0,1.0,3.3967167837545276e-05,1.8232030924991705e-05,1.573513691255357e-05,1.0
0.004,1866,,,,,,,,,,,,,,,,,,,,,,,,,,,,,,,,,,,,,,,,
,1871,0.18959277868270874,1896.237548828125,0.18959277868270874,0.3354995846748352,nan,nan,nan,0.0,1.0,3.098680099355988e-05,1.6936593965510838e-05,1.405020520905964e-05,1.0,0.1895851492881775,0.18959277868270874,311.0,0.004000000189989805,0.30000001192092896,0.0,0.0,0.0,0.0,1.0000000116860974e-07,1.0000000116860974e-07,0.0,0.30000001192092896,311,,,,,,,,,,,,,
,1871,,,,,,,,,,,,,,,,,,,,,,,,,,,312,0.18586419522762299,1858.98291015625,0.18586419522762299,0.41237834095954895,nan,nan,nan,0.0,1.0,3.40951191901695e-05,1.8487044144421816e-05,1.560807322675828e-05,1.0
0.004,1872,,,,,,,,,,,,,,,,,,,,,,,,,,,,,,,,,,,,,,,,
,1877,0.1894824504852295,1895.1385498046875,0.1894824504852295,0.338159441947937,nan,nan,nan,0.0,1.0,3.140171247650869e-05,1.7061896869563498e-05,1.433981378795579e-05,1.0,0.18951325118541718,0.1894824504852295,312.0,0.004000000189989805,0.30000001192092896,0.0,0.0,0.0,0.0,1.0000000116860974e-07,1.0000000116860974e-07,0.0,0.30000001192092896,312,,,,,,,,,,,,,
,1877,,,,,,,,,,,,,,,,,,,,,,,,,,,313,0.1858951896429062,1859.2955322265625,0.1858951896429062,0.4161182940006256,nan,nan,nan,0.0,1.0,3.4368571505183354e-05,1.851734850788489e-05,1.585122117830906e-05,1.0
0.004,1878,,,,,,,,,,,,,,,,,,,,,,,,,,,,,,,,,,,,,,,,
,1883,0.18973034620285034,1897.6199951171875,0.18973034620285034,0.33211851119995117,nan,nan,nan,0.0,1.0,3.1625480914954096e-05,1.723170316836331e-05,1.4393780475074891e-05,1.0,0.18966521322727203,0.18973034620285034,313.0,0.004000000189989805,0.30000001192092896,0.0,0.0,0.0,0.0,1.0000000116860974e-07,1.0000000116860974e-07,0.0,0.30000001192092896,313,,,,,,,,,,,,,
,1883,,,,,,,,,,,,,,,,,,,,,,,,,,,314,0.18592213094234467,1859.56787109375,0.18592213094234467,0.4157508313655853,nan,nan,nan,0.0,1.0,3.4665619750740007e-05,1.875913039839361e-05,1.5906489352346398e-05,1.0
0.004,1884,,,,,,,,,,,,,,,,,,,,,,,,,,,,,,,,,,,,,,,,
,1889,0.18982495367527008,1898.568603515625,0.18982495367527008,0.3298395276069641,nan,nan,nan,0.0,1.0,3.190529241692275e-05,1.7469430531491525e-05,1.4435856428463012e-05,1.0,0.18977703154087067,0.18982495367527008,314.0,0.004000000189989805,0.30000001192092896,0.0,0.0,0.0,0.0,1.0000000116860974e-07,1.0000000116860974e-07,0.0,0.30000001192092896,314,,,,,,,,,,,,,
,1889,,,,,,,,,,,,,,,,,,,,,,,,,,,315,0.18619894981384277,1862.3392333984375,0.18619894981384277,0.410834938287735,nan,nan,nan,0.0,1.0,3.49831570929382e-05,1.8815306248143315e-05,1.616784902580548e-05,1.0
0.004,1890,,,,,,,,,,,,,,,,,,,,,,,,,,,,,,,,,,,,,,,,
,1895,0.18977752327919006,1898.09033203125,0.18977752327919006,0.33097079396247864,nan,nan,nan,0.0,1.0,3.153532452415675e-05,1.7238753571291454e-05,1.4296575500338804e-05,1.0,0.18977737426757812,0.18977752327919006,315.0,0.004000000189989805,0.30000001192092896,0.0,0.0,0.0,0.0,1.0000000116860974e-07,1.0000000116860974e-07,0.0,0.30000001192092896,315,,,,,,,,,,,,,
,1895,,,,,,,,,,,,,,,,,,,,,,,,,,,316,0.1859550029039383,1859.8997802734375,0.1859550029039383,0.41321372985839844,nan,nan,nan,0.0,1.0,3.498250225675292e-05,1.8764934793580323e-05,1.6217565644183196e-05,1.0
0.004,1896,,,,,,,,,,,,,,,,,,,,,,,,,,,,,,,,,,,,,,,,
,1901,0.18940427899360657,1894.36083984375,0.18940427899360657,0.34006553888320923,nan,nan,nan,0.0,1.0,3.181203646818176e-05,1.7576783648109995e-05,1.4235252820071764e-05,1.0,0.18951620161533356,0.18940427899360657,316.0,0.004000000189989805,0.30000001192092896,0.0,0.0,0.0,0.0,1.0000000116860974e-07,1.0000000116860974e-07,0.0,0.30000001192092896,316,,,,,,,,,,,,,
,1901,,,,,,,,,,,,,,,,,,,,,,,,,,,317,0.18592393398284912,1859.5914306640625,0.18592393398284912,0.4137236773967743,nan,nan,nan,0.0,1.0,3.521428880048916e-05,1.8970638848259114e-05,1.6243649952230044e-05,1.0
0.004,1902,,,,,,,,,,,,,,,,,,,,,,,,,,,,,,,,,,,,,,,,
,1907,0.18964402377605438,1896.7572021484375,0.18964402377605438,0.334232896566391,nan,nan,nan,0.0,1.0,3.170796117046848e-05,1.7560949345352128e-05,1.4147013644105755e-05,1.0,0.18960566818714142,0.18964402377605438,317.0,0.004000000189989805,0.30000001192092896,0.0,0.0,0.0,0.0,1.0000000116860974e-07,1.0000000116860974e-07,0.0,0.30000001192092896,317,,,,,,,,,,,,,
,1907,,,,,,,,,,,,,,,,,,,,,,,,,,,318,0.1856367588043213,1856.7183837890625,0.1856367588043213,0.4151577055454254,nan,nan,nan,0.0,1.0,3.5085737181361765e-05,1.891853207780514e-05,1.6167203284567222e-05,1.0
0.004,1908,,,,,,,,,,,,,,,,,,,,,,,,,,,,,,,,,,,,,,,,
,1913,0.18960407376289368,1896.356689453125,0.18960407376289368,0.33520135283470154,nan,nan,nan,0.0,1.0,3.158518302370794e-05,1.757478094077669e-05,1.4010401173436549e-05,1.0,0.18960455060005188,0.18960407376289368,318.0,0.004000000189989805,0.30000001192092896,0.0,0.0,0.0,0.0,1.0000000116860974e-07,1.0000000116860974e-07,0.0,0.30000001192092896,318,,,,,,,,,,,,,
,1913,,,,,,,,,,,,,,,,,,,,,,,,,,,319,0.18614685535430908,1861.8193359375,0.18614685535430908,0.41364964842796326,nan,nan,nan,0.0,1.0,3.509495218168013e-05,1.897964466479607e-05,1.6115305697894655e-05,1.0
0.004,1914,,,,,,,,,,,,,,,,,,,,,,,,,,,,,,,,,,,,,,,,
,1919,0.1895863562822342,1896.1761474609375,0.1895863562822342,0.3356400728225708,nan,nan,nan,0.0,1.0,3.124654904240742e-05,1.731231350277085e-05,1.3934235539636575e-05,1.0,0.18959181010723114,0.1895863562822342,319.0,0.004000000189989805,0.30000001192092896,0.0,0.0,0.0,0.0,1.0000000116860974e-07,1.0000000116860974e-07,0.0,0.30000001192092896,319,,,,,,,,,,,,,
,1919,,,,,,,,,,,,,,,,,,,,,,,,,,,320,0.18594230711460114,1859.7725830078125,0.18594230711460114,0.41481316089630127,nan,nan,nan,0.0,1.0,3.495264900266193e-05,1.9034188881050795e-05,1.5918461940600537e-05,1.0
0.004,1920,,,,,,,,,,,,,,,,,,,,,,,,,,,,,,,,,,,,,,,,
,1925,0.18960601091384888,1896.367431640625,0.18960601091384888,0.3351937532424927,nan,nan,nan,0.0,1.0,3.072151594096795e-05,1.675855673965998e-05,1.3962954653834458e-05,1.0,0.18960174918174744,0.18960601091384888,320.0,0.004000000189989805,0.30000001192092896,0.0,0.0,0.0,0.0,1.0000000116860974e-07,1.0000000116860974e-07,0.0,0.30000001192092896,320,,,,,,,,,,,,,
,1925,,,,,,,,,,,,,,,,,,,,,,,,,,,321,0.1854924112558365,1855.271484375,0.1854924112558365,0.4225281774997711,nan,nan,nan,0.0,1.0,3.472191747277975e-05,1.8852144421543926e-05,1.586977487022523e-05,1.0
0.004,1926,,,,,,,,,,,,,,,,,,,,,,,,,,,,,,,,,,,,,,,,
,1931,0.18974165618419647,1897.7225341796875,0.18974165618419647,0.3318573236465454,nan,nan,nan,0.0,1.0,3.059619484702125e-05,1.6570023944950663e-05,1.402617090207059e-05,1.0,0.1896996796131134,0.18974165618419647,321.0,0.004000000189989805,0.30000001192092896,0.0,0.0,0.0,0.0,1.0000000116860974e-07,1.0000000116860974e-07,0.0,0.30000001192092896,321,,,,,,,,,,,,,
,1931,,,,,,,,,,,,,,,,,,,,,,,,,,,322,0.18564261496067047,1856.7664794921875,0.18564261496067047,0.4188730716705322,nan,nan,nan,0.0,1.0,3.401415960979648e-05,1.8197999452240765e-05,1.581615833856631e-05,1.0
0.004,1932,,,,,,,,,,,,,,,,,,,,,,,,,,,,,,,,,,,,,,,,
,1937,0.18944594264030457,1894.7650146484375,0.18944594264030457,0.3390617370605469,nan,nan,nan,0.0,1.0,3.055388151551597e-05,1.6710846466594376e-05,1.3843032320437487e-05,1.0,0.18952205777168274,0.18944594264030457,322.0,0.004000000189989805,0.30000001192092896,0.0,0.0,0.0,0.0,1.0000000116860974e-07,1.0000000116860974e-07,0.0,0.30000001192092896,322,,,,,,,,,,,,,
,1937,,,,,,,,,,,,,,,,,,,,,,,,,,,323,0.18598972260951996,1860.2362060546875,0.18598972260951996,0.41544273495674133,nan,nan,nan,0.0,1.0,3.392105645616539e-05,1.8229799024993554e-05,1.569126106915064e-05,1.0
0.004,1938,,,,,,,,,,,,,,,,,,,,,,,,,,,,,,,,,,,,,,,,
,1943,0.18956734240055084,1895.9813232421875,0.18956734240055084,0.33610838651657104,nan,nan,nan,0.0,1.0,3.0804454581812024e-05,1.690793396846857e-05,1.3896516975364648e-05,1.0,0.18955375254154205,0.18956734240055084,323.0,0.004000000189989805,0.30000001192092896,0.0,0.0,0.0,0.0,1.0000000116860974e-07,1.0000000116860974e-07,0.0,0.30000001192092896,323,,,,,,,,,,,,,
,1943,,,,,,,,,,,,,,,,,,,,,,,,,,,324,0.18570174276828766,1857.3609619140625,0.18570174276828766,0.4175398349761963,nan,nan,nan,0.0,1.0,3.4361626603640616e-05,1.855662230809685e-05,1.5805004295543768e-05,1.0
0.004,1944,,,,,,,,,,,,,,,,,,,,,,,,,,,,,,,,,,,,,,,,
,1949,0.18945395946502686,1894.85107421875,0.18945395946502686,0.33887970447540283,nan,nan,nan,0.0,1.0,3.1139745260588825e-05,1.694498314463999e-05,1.419476575392764e-05,1.0,0.1894838958978653,0.18945395946502686,324.0,0.004000000189989805,0.30000001192092896,0.0,0.0,0.0,0.0,1.0000000116860974e-07,1.0000000116860974e-07,0.0,0.30000001192092896,324,,,,,,,,,,,,,
,1949,,,,,,,,,,,,,,,,,,,,,,,,,,,325,0.1858997792005539,1859.3436279296875,0.1858997792005539,0.41842415928840637,nan,nan,nan,0.0,1.0,3.459202343947254e-05,1.8618615285959095e-05,1.597340997250285e-05,1.0
0.004,1950,,,,,,,,,,,,,,,,,,,,,,,,,,,,,,,,,,,,,,,,
,1955,0.18950673937797546,1895.381591796875,0.18950673937797546,0.337557852268219,nan,nan,nan,0.0,1.0,3.141312481602654e-05,1.6943897207966074e-05,1.4469228517555166e-05,1.0,0.1894998848438263,0.18950673937797546,325.0,0.004000000189989805,0.30000001192092896,0.0,0.0,0.0,0.0,1.0000000116860974e-07,1.0000000116860974e-07,0.0,0.30000001192092896,325,,,,,,,,,,,,,
,1955,,,,,,,,,,,,,,,,,,,,,,,,,,,326,0.1861702799797058,1862.048828125,0.1861702799797058,0.414920836687088,nan,nan,nan,0.0,1.0,3.459202343947254e-05,1.83872598427115e-05,1.6204767234739847e-05,1.0
0.004,1956,,,,,,,,,,,,,,,,,,,,,,,,,,,,,,,,,,,,,,,,
,1961,0.18964883685112,1896.8072509765625,0.18964883685112,0.33410149812698364,nan,nan,nan,0.0,1.0,3.1889496312942356e-05,1.724096728139557e-05,1.4648529031546786e-05,1.0,0.18960414826869965,0.18964883685112,326.0,0.004000000189989805,0.30000001192092896,0.0,0.0,0.0,0.0,1.0000000116860974e-07,1.0000000116860974e-07,0.0,0.30000001192092896,326,,,,,,,,,,,,,
,1961,,,,,,,,,,,,,,,,,,,,,,,,,,,327,0.185428187251091,1854.6319580078125,0.185428187251091,0.41961774230003357,nan,nan,nan,0.0,1.0,3.50331210938748e-05,1.8519511286285706e-05,1.651360980758909e-05,1.0
0.004,1962,,,,,,,,,,,,,,,,,,,,,,,,,,,,,,,,,,,,,,,,
,1967,0.189432755112648,1894.644775390625,0.189432755112648,0.33938443660736084,nan,nan,nan,0.0,1.0,3.172098149661906e-05,1.7086278603528626e-05,1.4634697436122224e-05,1.0,0.18948417901992798,0.189432755112648,327.0,0.004000000189989805,0.30000001192092896,0.0,0.0,0.0,0.0,1.0000000116860974e-07,1.0000000116860974e-07,0.0,0.30000001192092896,327,,,,,,,,,,,,,
,1967,,,,,,,,,,,,,,,,,,,,,,,,,,,328,0.18596391379833221,1859.9912109375,0.18596391379833221,0.41416701674461365,nan,nan,nan,0.0,1.0,3.524422936607152e-05,1.8783563064062037e-05,1.6460666302009486e-05,1.0
0.004,1968,,,,,,,,,,,,,,,,,,,,,,,,,,,,,,,,,,,,,,,,
,1973,0.18972361087799072,1897.5509033203125,0.18972361087799072,0.3323068618774414,nan,nan,nan,0.0,1.0,3.149848635075614e-05,1.6974365280475467e-05,1.4524116522807162e-05,1.0,0.18965178728103638,0.18972361087799072,328.0,0.004000000189989805,0.30000001192092896,0.0,0.0,0.0,0.0,1.0000000116860974e-07,1.0000000116860974e-07,0.0,0.30000001192092896,328,,,,,,,,,,,,,
,1973,,,,,,,,,,,,,,,,,,,,,,,,,,,329,0.18529504537582397,1853.3001708984375,0.18529504537582397,0.4201546907424927,nan,nan,nan,0.0,1.0,3.493762415018864e-05,1.8727538190432824e-05,1.621008777874522e-05,1.0
0.004,1974,,,,,,,,,,,,,,,,,,,,,,,,,,,,,,,,,,,,,,,,
,1979,0.18935449421405792,1893.8597412109375,0.18935449421405792,0.3412696123123169,nan,nan,nan,0.0,1.0,3.149384428979829e-05,1.700809116300661e-05,1.448575403628638e-05,1.0,0.1894436776638031,0.18935449421405792,329.0,0.004000000189989805,0.30000001192092896,0.0,0.0,0.0,0.0,1.0000000116860974e-07,1.0000000116860974e-07,0.0,0.30000001192092896,329,,,,,,,,,,,,,
,1979,,,,,,,,,,,,,,,,,,,,,,,,,,,330,0.185630664229393,1856.6536865234375,0.185630664229393,0.42330875992774963,nan,nan,nan,0.0,1.0,3.468696741038002e-05,1.8457645637681708e-05,1.6229323591687717e-05,1.0
0.004,1980,,,,,,,,,,,,,,,,,,,,,,,,,,,,,,,,,,,,,,,,
,1985,0.18946708738803864,1894.9910888671875,0.18946708738803864,0.33854198455810547,nan,nan,nan,0.0,1.0,3.20065337291453e-05,1.752239404595457e-05,1.4484139683190733e-05,1.0,0.18946006894111633,0.18946708738803864,330.0,0.004000000189989805,0.30000001192092896,0.0,0.0,0.0,0.0,1.0000000116860974e-07,1.0000000116860974e-07,0.0,0.30000001192092896,330,,,,,,,,,,,,,
,1985,,,,,,,,,,,,,,,,,,,,,,,,,,,331,0.18590794503688812,1859.4302978515625,0.18590794503688812,0.4184957444667816,nan,nan,nan,0.0,1.0,3.5099747037747875e-05,1.872688881121576e-05,1.637286004552152e-05,1.0
0.004,1986,,,,,,,,,,,,,,,,,,,,,,,,,,,,,,,,,,,,,,,,
,1991,0.18951015174388885,1895.419189453125,0.18951015174388885,0.33751538395881653,nan,nan,nan,0.0,1.0,3.179033592459746e-05,1.7574429875821806e-05,1.421591059624916e-05,1.0,0.18949513137340546,0.18951015174388885,331.0,0.004000000189989805,0.30000001192092896,0.0,0.0,0.0,0.0,1.0000000116860974e-07,1.0000000116860974e-07,0.0,0.30000001192092896,331,,,,,,,,,,,,,
,1991,,,,,,,,,,,,,,,,,,,,,,,,,,,332,0.1855972409248352,1856.3271484375,0.1855972409248352,0.4191074073314667,nan,nan,nan,0.0,1.0,3.546168954926543e-05,1.9120452634524554e-05,1.634123873373028e-05,1.0
0.004,1992,,,,,,,,,,,,,,,,,,,,,,,,,,,,,,,,,,,,,,,,
,1997,0.18950562179088593,1895.37255859375,0.18950562179088593,0.33759647607803345,nan,nan,nan,0.0,1.0,3.163157816743478e-05,1.7515887520858087e-05,1.4115689737081993e-05,1.0,0.18950247764587402,0.18950562179088593,332.0,0.004000000189989805,0.30000001192092896,0.0,0.0,0.0,0.0,1.0000000116860974e-07,1.0000000116860974e-07,0.0,0.30000001192092896,332,,,,,,,,,,,,,
,1997,,,,,,,,,,,,,,,,,,,,,,,,,,,333,0.18550385534763336,1855.3890380859375,0.18550385534763336,0.42080509662628174,nan,nan,nan,0.0,1.0,3.501385072013363e-05,1.89178972505033e-05,1.609595346963033e-05,1.0
0.004,1998,,,,,,,,,,,,,,,,,,,,,,,,,,,,,,,,,,,,,,,,
,2003,0.18976029753684998,1897.9202880859375,0.18976029753684998,0.3314131796360016,nan,nan,nan,0.0,1.0,3.174283483531326e-05,1.7632239178055897e-05,1.4110596566752065e-05,1.0,0.1896829456090927,0.18976029753684998,333.0,0.004000000189989805,0.30000001192092896,0.0,0.0,0.0,0.0,1.0000000116860974e-07,1.0000000116860974e-07,0.0,0.30000001192092896,333,,,,,,,,,,,,,
,2003,,,,,,,,,,,,,,,,,,,,,,,,,,,334,0.18581724166870117,1858.5205078125,0.18581724166870117,0.42014482617378235,nan,nan,nan,0.0,1.0,3.4809600037988275e-05,1.884526682260912e-05,1.5964333215379156e-05,1.0
0.004,2004,,,,,,,,,,,,,,,,,,,,,,,,,,,,,,,,,,,,,,,,
,2009,0.18940532207489014,1894.369384765625,0.18940532207489014,0.3400363326072693,nan,nan,nan,0.0,1.0,3.1604868127033114e-05,1.7397795090801083e-05,1.4207069398253225e-05,1.0,0.18948860466480255,0.18940532207489014,334.0,0.004000000189989805,0.30000001192092896,0.0,0.0,0.0,0.0,1.0000000116860974e-07,1.0000000116860974e-07,0.0,0.30000001192092896,334,,,,,,,,,,,,,
,2009,,,,,,,,,,,,,,,,,,,,,,,,,,,335,0.18572811782360077,1857.6319580078125,0.18572811782360077,0.41902872920036316,nan,nan,nan,0.0,1.0,3.5108754673274234e-05,1.901206087495666e-05,1.6096690160338767e-05,1.0
0.004,2010,,,,,,,,,,,,,,,,,,,,,,,,,,,,,,,,,,,,,,,,
,2015,0.18980824947357178,1898.3978271484375,0.18980824947357178,0.3302038013935089,nan,nan,nan,0.0,1.0,3.153298166580498e-05,1.7391887013218366e-05,1.4141094652586617e-05,1.0,0.18971236050128937,0.18980824947357178,335.0,0.004000000189989805,0.30000001192092896,0.0,0.0,0.0,0.0,1.0000000116860974e-07,1.0000000116860974e-07,0.0,0.30000001192092896,335,,,,,,,,,,,,,
,2015,,,,,,,,,,,,,,,,,,,,,,,,,,,336,0.18558776378631592,1856.2279052734375,0.18558776378631592,0.4211413860321045,nan,nan,nan,0.0,1.0,3.499885860946961e-05,1.8854530935641378e-05,1.6144329492817633e-05,1.0
0.004,2016,,,,,,,,,,,,,,,,,,,,,,,,,,,,,,,,,,,,,,,,
,2021,0.18940958380699158,1894.4107666015625,0.18940958380699158,0.33994966745376587,nan,nan,nan,0.0,1.0,3.148811083519831e-05,1.7153017324744724e-05,1.433509351045359e-05,1.0,0.18950042128562927,0.18940958380699158,336.0,0.004000000189989805,0.30000001192092896,0.0,0.0,0.0,0.0,1.0000000116860974e-07,1.0000000116860974e-07,0.0,0.30000001192092896,336,,,,,,,,,,,,,
,2021,,,,,,,,,,,,,,,,,,,,,,,,,,,337,0.18562160432338715,1856.5657958984375,0.18562160432338715,0.4212692975997925,nan,nan,nan,0.0,1.0,3.497896614135243e-05,1.88173507922329e-05,1.616161534911953e-05,1.0
0.004,2022,,,,,,,,,,,,,,,,,,,,,,,,,,,,,,,,,,,,,,,,
,2027,0.18953335285186768,1895.6505126953125,0.18953335285186768,0.3369266390800476,nan,nan,nan,0.0,1.0,3.1682837288826704e-05,1.74179131136043e-05,1.4264923265727703e-05,1.0,0.18952345848083496,0.18953335285186768,337.0,0.004000000189989805,0.30000001192092896,0.0,0.0,0.0,0.0,1.0000000116860974e-07,1.0000000116860974e-07,0.0,0.30000001192092896,337,,,,,,,,,,,,,
,2027,,,,,,,,,,,,,,,,,,,,,,,,,,,338,0.1857239454984665,1857.5916748046875,0.1857239454984665,0.4205058813095093,nan,nan,nan,0.0,1.0,3.522271799738519e-05,1.8963473848998547e-05,1.6259244148386642e-05,1.0
0.004,2028,,,,,,,,,,,,,,,,,,,,,,,,,,,,,,,,,,,,,,,,
,2033,0.1896229386329651,1896.544677734375,0.1896229386329651,0.3347439169883728,nan,nan,nan,0.0,1.0,3.153178477077745e-05,1.7620799553696997e-05,1.3910985217080452e-05,1.0,0.1895930916070938,0.1896229386329651,338.0,0.004000000189989805,0.30000001192092896,0.0,0.0,0.0,0.0,1.0000000116860974e-07,1.0000000116860974e-07,0.0,0.30000001192092896,338,,,,,,,,,,,,,
,2033,,,,,,,,,,,,,,,,,,,,,,,,,,,339,0.18555904924869537,1855.9417724609375,0.18555904924869537,0.4190943241119385,nan,nan,nan,0.0,1.0,3.5111119359498844e-05,1.905116550915409e-05,1.6059950212365948e-05,1.0
0.004,2034,,,,,,,,,,,,,,,,,,,,,,,,,,,,,,,,,,,,,,,,
,2039,0.18948398530483246,1895.1497802734375,0.18948398530483246,0.33811426162719727,nan,nan,nan,0.0,1.0,3.099031528108753e-05,1.7373582522850484e-05,1.3616730939247645e-05,1.0,0.18951670825481415,0.18948398530483246,339.0,0.004000000189989805,0.30000001192092896,0.0,0.0,0.0,0.0,1.0000000116860974e-07,1.0000000116860974e-07,0.0,0.30000001192092896,339,,,,,,,,,,,,,
,2039,,,,,,,,,,,,,,,,,,,,,,,,,,,340,0.1857593059539795,1857.9390869140625,0.1857593059539795,0.4220665693283081,nan,nan,nan,0.0,1.0,3.4609805879881606e-05,1.89759157365188e-05,1.5633888324373402e-05,1.0
0.004,2040,,,,,,,,,,,,,,,,,,,,,,,,,,,,,,,,,,,,,,,,
,2045,0.189590185880661,1896.2105712890625,0.189590185880661,0.33553433418273926,nan,nan,nan,0.0,1.0,3.086314973188564e-05,1.731216070766095e-05,1.3550989933719393e-05,1.0,0.18956813216209412,0.189590185880661,340.0,0.004000000189989805,0.30000001192092896,0.0,0.0,0.0,0.0,1.0000000116860974e-07,1.0000000116860974e-07,0.0,0.30000001192092896,340,,,,,,,,,,,,,
,2045,,,,,,,,,,,,,,,,,,,,,,,,,,,341,0.18529905378818512,1853.3358154296875,0.18529905378818512,0.42385444045066833,nan,nan,nan,0.0,1.0,3.4528537071309984e-05,1.8850952983484603e-05,1.5677587725804187e-05,1.0
0.004,2046,,,,,,,,,,,,,,,,,,,,,,,,,,,,,,,,,,,,,,,,
,2051,0.1894989013671875,1895.302978515625,0.1894989013671875,0.33776989579200745,nan,nan,nan,0.0,1.0,3.14022290694993e-05,1.7567852410138585e-05,1.3834378478350118e-05,1.0,0.18951967358589172,0.1894989013671875,341.0,0.004000000189989805,0.30000001192092896,0.0,0.0,0.0,0.0,1.0000000116860974e-07,1.0000000116860974e-07,0.0,0.30000001192092896,341,,,,,,,,,,,,,
,2051,,,,,,,,,,,,,,,,,,,,,,,,,,,342,0.18557514250278473,1856.0986328125,0.18557514250278473,0.42563095688819885,nan,nan,nan,0.0,1.0,3.471406307653524e-05,1.9015993530047126e-05,1.5698069546488114e-05,1.0
0.004,2052,,,,,,,,,,,,,,,,,,,,,,,,,,,,,,,,,,,,,,,,
,2057,0.18933066725730896,1893.62353515625,0.18933066725730896,0.3418640196323395,nan,nan,nan,0.0,1.0,3.1682197004556656e-05,1.733465069264639e-05,1.4347548130899668e-05,1.0,0.18938736617565155,0.18933066725730896,342.0,0.004000000189989805,0.30000001192092896,0.0,0.0,0.0,0.0,1.0000000116860974e-07,1.0000000116860974e-07,0.0,0.30000001192092896,342,,,,,,,,,,,,,
,2057,,,,,,,,,,,,,,,,,,,,,,,,,,,343,0.18553143739700317,1855.6663818359375,0.18553143739700317,0.4289420545101166,nan,nan,nan,0.0,1.0,3.520265090628527e-05,1.911738763737958e-05,1.6085261449916288e-05,1.0
0.004,2058,,,,,,,,,,,,,,,,,,,,,,,,,,,,,,,,,,,,,,,,
,2063,0.18941840529441833,1894.5074462890625,0.18941840529441833,0.3397207260131836,nan,nan,nan,0.0,1.0,3.232159360777587e-05,1.7580061467015184e-05,1.4741528502781875e-05,1.0,0.18940910696983337,0.18941840529441833,343.0,0.004000000189989805,0.30000001192092896,0.0,0.0,0.0,0.0,1.0000000116860974e-07,1.0000000116860974e-07,0.0,0.30000001192092896,343,,,,,,,,,,,,,
,2063,,,,,,,,,,,,,,,,,,,,,,,,,,,344,0.18529103696346283,1853.2642822265625,0.18529103696346283,0.4244343936443329,nan,nan,nan,0.0,1.0,3.5397362807998434e-05,1.8962144167744555e-05,1.643521318328567e-05,1.0
0.004,2064,,,,,,,,,,,,,,,,,,,,,,,,,,,,,,,,,,,,,,,,
,2069,0.18976560235023499,1897.9864501953125,0.18976560235023499,0.33129236102104187,nan,nan,nan,0.0,1.0,3.305642894702032e-05,1.8152029952034354e-05,1.4904398085491266e-05,1.0,0.18965865671634674,0.18976560235023499,344.0,0.004000000189989805,0.30000001192092896,0.0,0.0,0.0,0.0,1.0000000116860974e-07,1.0000000116860974e-07,0.0,0.30000001192092896,344,,,,,,,,,,,,,
,2069,,,,,,,,,,,,,,,,,,,,,,,,,,,345,0.1855097860097885,1855.4598388671875,0.1855097860097885,0.42422688007354736,nan,nan,nan,0.0,1.0,3.6215602449374273e-05,1.9422526747803204e-05,1.6793073882581666e-05,1.0
0.004,2070,,,,,,,,,,,,,,,,,,,,,,,,,,,,,,,,,,,,,,,,
,2075,0.18923421204090118,1892.6761474609375,0.18923421204090118,0.3442128896713257,nan,nan,nan,0.0,1.0,3.3406904549337924e-05,1.8254351743962616e-05,1.5152550076891202e-05,1.0,0.1893615424633026,0.18923421204090118,345.0,0.004000000189989805,0.30000001192092896,0.0,0.0,0.0,0.0,1.0000000116860974e-07,1.0000000116860974e-07,0.0,0.30000001192092896,345,,,,,,,,,,,,,
,2075,,,,,,,,,,,,,,,,,,,,,,,,,,,346,0.1856754869222641,1857.1217041015625,0.1856754869222641,0.42202726006507874,nan,nan,nan,0.0,1.0,3.6701127100968733e-05,1.9681530829984695e-05,1.701959627098404e-05,1.0
0.004,2076,,,,,,,,,,,,,,,,,,,,,,,,,,,,,,,,,,,,,,,,
,2081,0.18963776528835297,1896.7071533203125,0.18963776528835297,0.33437925577163696,nan,nan,nan,0.0,1.0,3.2949938031379133e-05,1.778501427907031e-05,1.516492193331942e-05,1.0,0.18955489993095398,0.18963776528835297,346.0,0.004000000189989805,0.30000001192092896,0.0,0.0,0.0,0.0,1.0000000116860974e-07,1.0000000116860974e-07,0.0,0.30000001192092896,346,,,,,,,,,,,,,
,2081,,,,,,,,,,,,,,,,,,,,,,,,,,,347,0.18585483729839325,1858.916015625,0.18585483729839325,0.425829142332077,nan,nan,nan,0.0,1.0,3.6785550037166104e-05,1.9560353393899277e-05,1.722519846225623e-05,1.0
0.004,2082,,,,,,,,,,,,,,,,,,,,,,,,,,,,,,,,,,,,,,,,
,2087,0.18963155150413513,1896.6375732421875,0.18963155150413513,0.33452028036117554,nan,nan,nan,0.0,1.0,3.219055724912323e-05,1.748216527630575e-05,1.4708395610796288e-05,1.0,0.18960854411125183,0.18963155150413513,347.0,0.004000000189989805,0.30000001192092896,0.0,0.0,0.0,0.0,1.0000000116860974e-07,1.0000000116860974e-07,0.0,0.30000001192092896,347,,,,,,,,,,,,,
,2087,,,,,,,,,,,,,,,,,,,,,,,,,,,348,0.18482422828674316,1848.60546875,0.18482422828674316,0.4287480413913727,nan,nan,nan,0.0,1.0,3.6337736673885956e-05,1.9179780792910606e-05,1.7157954061985947e-05,1.0
0.004,2088,,,,,,,,,,,,,,,,,,,,,,,,,,,,,,,,,,,,,,,,
,2093,0.18933336436748505,1893.645263671875,0.18933336436748505,0.3417814075946808,nan,nan,nan,0.0,1.0,3.114666833425872e-05,1.6784357285359874e-05,1.4362314686877653e-05,1.0,0.18941591680049896,0.18933336436748505,348.0,0.004000000189989805,0.30000001192092896,0.0,0.0,0.0,0.0,1.0000000116860974e-07,1.0000000116860974e-07,0.0,0.30000001192092896,348,,,,,,,,,,,,,
,2093,,,,,,,,,,,,,,,,,,,,,,,,,,,349,0.18546684086322784,1855.0228271484375,0.18546684086322784,0.42144775390625,nan,nan,nan,0.0,1.0,3.5442444641375914e-05,1.8683351299841888e-05,1.6759093341534026e-05,1.0
0.004,2094,,,,,,,,,,,,,,,,,,,,,,,,,,,,,,,,,,,,,,,,
,2099,0.18965895473957062,1896.899658203125,0.18965895473957062,0.3338884115219116,nan,nan,nan,0.0,1.0,3.0995965062174946e-05,1.684643211774528e-05,1.414953476341907e-05,1.0,0.18958604335784912,0.18965895473957062,349.0,0.004000000189989805,0.30000001192092896,0.0,0.0,0.0,0.0,1.0000000116860974e-07,1.0000000116860974e-07,0.0,0.30000001192092896,349,,,,,,,,,,,,,
,2099,,,,,,,,,,,,,,,,,,,,,,,,,,,350,0.18561841547489166,1856.5335693359375,0.18561841547489166,0.427910178899765,nan,nan,nan,0.0,1.0,3.495306009426713e-05,1.8506963897380047e-05,1.6446096196887083e-05,1.0
0.004,2100,,,,,,,,,,,,,,,,,,,,,,,,,,,,,,,,,,,,,,,,
,2105,0.18975453078746796,1897.8555908203125,0.18975453078746796,0.33154621720314026,nan,nan,nan,0.0,1.0,3.1018094887258485e-05,1.7185779142891988e-05,1.3832314834871795e-05,1.0,0.18970398604869843,0.18975453078746796,350.0,0.004000000189989805,0.30000001192092896,0.0,0.0,0.0,0.0,1.0000000116860974e-07,1.0000000116860974e-07,0.0,0.30000001192092896,350,,,,,,,,,,,,,
,2105,,,,,,,,,,,,,,,,,,,,,,,,,,,351,0.18539650738239288,1854.3134765625,0.18539650738239288,0.4253827631473541,nan,nan,nan,0.0,1.0,3.483578984742053e-05,1.8581216863822192e-05,1.6254572983598337e-05,1.0
0.004,2106,,,,,,,,,,,,,,,,,,,,,,,,,,,,,,,,,,,,,,,,
,2111,0.18970459699630737,1897.360595703125,0.18970459699630737,0.33276382088661194,nan,nan,nan,0.0,1.0,3.147244933643378e-05,1.7479325833846815e-05,1.3993125321576372e-05,1.0,0.18970441818237305,0.18970459699630737,351.0,0.004000000189989805,0.30000001192092896,0.0,0.0,0.0,0.0,1.0000000116860974e-07,1.0000000116860974e-07,0.0,0.30000001192092896,351,,,,,,,,,,,,,
,2111,,,,,,,,,,,,,,,,,,,,,,,,,,,352,0.18565164506435394,1856.8636474609375,0.18565164506435394,0.42456844449043274,nan,nan,nan,0.0,1.0,3.472663593129255e-05,1.8807422748068348e-05,1.59192131832242e-05,1.0
0.004,2112,,,,,,,,,,,,,,,,,,,,,,,,,,,,,,,,,,,,,,,,
,2117,0.18943415582180023,1894.6566162109375,0.18943415582180023,0.33935558795928955,nan,nan,nan,0.0,1.0,3.150125849060714e-05,1.753983997332398e-05,1.3961417607788462e-05,1.0,0.18951523303985596,0.18943415582180023,352.0,0.004000000189989805,0.30000001192092896,0.0,0.0,0.0,0.0,1.0000000116860974e-07,1.0000000116860974e-07,0.0,0.30000001192092896,352,,,,,,,,,,,,,
,2117,,,,,,,,,,,,,,,,,,,,,,,,,,,353,0.18517345190048218,1852.0843505859375,0.18517345190048218,0.4285178482532501,nan,nan,nan,0.0,1.0,3.4976157621713355e-05,1.9119817807222717e-05,1.585633981449064e-05,1.0
0.004,2118,,,,,,,,,,,,,,,,,,,,,,,,,,,,,,,,,,,,,,,,
,2123,0.18962015211582184,1896.5196533203125,0.18962015211582184,0.33481529355049133,nan,nan,nan,0.0,1.0,3.181558713549748e-05,1.73580465343548e-05,1.4457541510637384e-05,1.0,0.18958868086338043,0.18962015211582184,353.0,0.004000000189989805,0.30000001192092896,0.0,0.0,0.0,0.0,1.0000000116860974e-07,1.0000000116860974e-07,0.0,0.30000001192092896,353,,,,,,,,,,,,,
,2123,,,,,,,,,,,,,,,,,,,,,,,,,,,354,0.18553133308887482,1855.6680908203125,0.18553133308887482,0.4268582761287689,nan,nan,nan,0.0,1.0,3.547317101038061e-05,1.915265056595672e-05,1.632052044442389e-05,1.0
0.004,2124,,,,,,,,,,,,,,,,,,,,,,,,,,,,,,,,,,,,,,,,
,2129,0.18961550295352936,1896.4744873046875,0.18961550295352936,0.3349339962005615,nan,nan,nan,0.0,1.0,3.1953357392922044e-05,1.7024869521264918e-05,1.4928486052667722e-05,1.0,0.18960747122764587,0.18961550295352936,354.0,0.004000000189989805,0.30000001192092896,0.0,0.0,0.0,0.0,1.0000000116860974e-07,1.0000000116860974e-07,0.0,0.30000001192092896,354,,,,,,,,,,,,,
,2129,,,,,,,,,,,,,,,,,,,,,,,,,,,355,0.18556268513202667,1855.9835205078125,0.18556268513202667,0.4231090843677521,nan,nan,nan,0.0,1.0,3.5678614949574694e-05,1.8774457203107886e-05,1.6904154108488e-05,1.0
0.004,2130,,,,,,,,,,,,,,,,,,,,,,,,,,,,,,,,,,,,,,,,
,2135,0.18967454135417938,1897.070068359375,0.18967454135417938,0.3334934711456299,nan,nan,nan,0.0,1.0,3.247682616347447e-05,1.735595469654072e-05,1.512086691946024e-05,1.0,0.1896544247865677,0.18967454135417938,355.0,0.004000000189989805,0.30000001192092896,0.0,0.0,0.0,0.0,1.0000000116860974e-07,1.0000000116860974e-07,0.0,0.30000001192092896,355,,,,,,,,,,,,,
,2135,,,,,,,,,,,,,,,,,,,,,,,,,,,356,0.18537701666355133,1854.1314697265625,0.18537701666355133,0.4244544804096222,nan,nan,nan,0.0,1.0,3.614403976825997e-05,1.9138686184305698e-05,1.700535176496487e-05,1.0
0.004,2136,,,,,,,,,,,,,,,,,,,,,,,,,,,,,,,,,,,,,,,,
,2141,0.1897202432155609,1897.52587890625,0.1897202432155609,0.3323526084423065,nan,nan,nan,0.0,1.0,3.233234383515082e-05,1.7341977581963874e-05,1.499036716268165e-05,1.0,0.18970049917697906,0.1897202432155609,356.0,0.004000000189989805,0.30000001192092896,0.0,0.0,0.0,0.0,1.0000000116860974e-07,1.0000000116860974e-07,0.0,0.30000001192092896,356,,,,,,,,,,,,,
,2141,,,,,,,,,,,,,,,,,,,,,,,,,,,357,0.18542365729808807,1854.60009765625,0.18542365729808807,0.42514917254447937,nan,nan,nan,0.0,1.0,3.6351109883980826e-05,1.9211713151889853e-05,1.7139396732090972e-05,1.0
0.004,2142,,,,,,,,,,,,,,,,,,,,,,,,,,,,,,,,,,,,,,,,
,2147,0.18946988880634308,1895.0186767578125,0.18946988880634308,0.33845457434654236,nan,nan,nan,0.0,1.0,3.196696343366057e-05,1.7387776097166352e-05,1.4579181879526004e-05,1.0,0.1895390748977661,0.18946988880634308,357.0,0.004000000189989805,0.30000001192092896,0.0,0.0,0.0,0.0,1.0000000116860974e-07,1.0000000116860974e-07,0.0,0.30000001192092896,357,,,,,,,,,,,,,
,2147,,,,,,,,,,,,,,,,,,,,,,,,,,,358,0.18525801599025726,1852.9365234375,0.18525801599025726,0.4256231486797333,nan,nan,nan,0.0,1.0,3.5650617064675316e-05,1.8712775272433646e-05,1.6937839973252267e-05,1.0
0.004,2148,,,,,,,,,,,,,,,,,,,,,,,,,,,,,,,,,,,,,,,,
,2153,0.18941353261470795,1894.4522705078125,0.18941353261470795,0.339820921421051,nan,nan,nan,0.0,1.0,3.168396870023571e-05,1.744018300087191e-05,1.4243780242395587e-05,1.0,0.189451202750206,0.18941353261470795,358.0,0.004000000189989805,0.30000001192092896,0.0,0.0,0.0,0.0,1.0000000116860974e-07,1.0000000116860974e-07,0.0,0.30000001192092896,358,,,,,,,,,,,,,
,2153,,,,,,,,,,,,,,,,,,,,,,,,,,,359,0.18537382781505585,1854.09619140625,0.18537382781505585,0.4294407069683075,nan,nan,nan,0.0,1.0,3.5812059650197625e-05,1.9210981918149628e-05,1.6601077732047997e-05,1.0
0.004,2154,,,,,,,,,,,,,,,,,,,,,,,,,,,,,,,,,,,,,,,,
,2159,0.18960243463516235,1896.340576171875,0.18960243463516235,0.33523768186569214,nan,nan,nan,0.0,1.0,3.163416840834543e-05,1.7544469301356003e-05,1.4089701835473534e-05,1.0,0.18955707550048828,0.18960243463516235,359.0,0.004000000189989805,0.30000001192092896,0.0,0.0,0.0,0.0,1.0000000116860974e-07,1.0000000116860974e-07,0.0,0.30000001192092896,359,,,,,,,,,,,,,
,2159,,,,,,,,,,,,,,,,,,,,,,,,,,,360,0.18505217134952545,1850.8773193359375,0.18505217134952545,0.4262932240962982,nan,nan,nan,0.0,1.0,3.553609349182807e-05,1.9264674847363494e-05,1.6271420463453978e-05,1.0
0.004,2160,,,,,,,,,,,,,,,,,,,,,,,,,,,,,,,,,,,,,,,,
,2165,0.1897207498550415,1897.524658203125,0.1897207498550415,0.33236363530158997,nan,nan,nan,0.0,1.0,3.1703424610896036e-05,1.747525493556168e-05,1.4228165127860848e-05,1.0,0.18967165052890778,0.1897207498550415,360.0,0.004000000189989805,0.30000001192092896,0.0,0.0,0.0,0.0,1.0000000116860974e-07,1.0000000116860974e-07,0.0,0.30000001192092896,360,,,,,,,,,,,,,
,2165,,,,,,,,,,,,,,,,,,,,,,,,,,,361,0.18547171354293823,1855.0697021484375,0.18547171354293823,0.4262573719024658,nan,nan,nan,0.0,1.0,3.5261524317320436e-05,1.910477294586599e-05,1.6156745914486237e-05,1.0
0.004,2166,,,,,,,,,,,,,,,,,,,,,,,,,,,,,,,,,,,,,,,,
,2171,0.18951398134231567,1895.4588623046875,0.18951398134231567,0.33736976981163025,nan,nan,nan,0.0,1.0,3.1905234209261835e-05,1.7131575077655725e-05,1.4773656403122004e-05,1.0,0.18956127762794495,0.18951398134231567,361.0,0.004000000189989805,0.30000001192092896,0.0,0.0,0.0,0.0,1.0000000116860974e-07,1.0000000116860974e-07,0.0,0.30000001192092896,361,,,,,,,,,,,,,
,2171,,,,,,,,,,,,,,,,,,,,,,,,,,,362,0.18573977053165436,1857.7503662109375,0.18573977053165436,0.4220316708087921,nan,nan,nan,0.0,1.0,3.5261411539977416e-05,1.8895245375460945e-05,1.636616980249528e-05,1.0
0.004,2172,,,,,,,,,,,,,,,,,,,,,,,,,,,,,,,,,,,,,,,,
,2177,0.18996378779411316,1899.9580078125,0.18996378779411316,0.3264238238334656,nan,nan,nan,0.0,1.0,3.201193976565264e-05,1.73334756254917e-05,1.467845868319273e-05,1.0,0.1898430436849594,0.18996378779411316,362.0,0.004000000189989805,0.30000001192092896,0.0,0.0,0.0,0.0,1.0000000116860974e-07,1.0000000116860974e-07,0.0,0.30000001192092896,362,,,,,,,,,,,,,
,2177,,,,,,,,,,,,,,,,,,,,,,,,,,,363,0.18540902435779572,1854.4453125,0.18540902435779572,0.4248029887676239,nan,nan,nan,0.0,1.0,3.5489090805640444e-05,1.8759672457235865e-05,1.6729421986383386e-05,1.0
0.004,2178,,,,,,,,,,,,,,,,,,,,,,,,,,,,,,,,,,,,,,,,
,2183,0.18943297863006592,1894.651611328125,0.18943297863006592,0.33938711881637573,nan,nan,nan,0.0,1.0,3.218743950128555e-05,1.745381814544089e-05,1.473362044634996e-05,1.0,0.18955600261688232,0.18943297863006592,363.0,0.004000000189989805,0.30000001192092896,0.0,0.0,0.0,0.0,1.0000000116860974e-07,1.0000000116860974e-07,0.0,0.30000001192092896,363,,,,,,,,,,,,,
,2183,,,,,,,,,,,,,,,,,,,,,,,,,,,364,0.1856490820646286,1856.8486328125,0.1856490820646286,0.4240304231643677,nan,nan,nan,0.0,1.0,3.579454278224148e-05,1.895561581477523e-05,1.6838928786455654e-05,1.0
0.004,2184,,,,,,,,,,,,,,,,,,,,,,,,,,,,,,,,,,,,,,,,
,2189,0.18954584002494812,1895.7835693359375,0.18954584002494812,0.33660778403282166,nan,nan,nan,0.0,1.0,3.250704685342498e-05,1.7705380741972476e-05,1.48016633829684e-05,1.0,0.18954887986183167,0.18954584002494812,364.0,0.004000000189989805,0.30000001192092896,0.0,0.0,0.0,0.0,1.0000000116860974e-07,1.0000000116860974e-07,0.0,0.30000001192092896,364,,,,,,,,,,,,,
,2189,,,,,,,,,,,,,,,,,,,,,,,,,,,365,0.18558438122272491,1856.2032470703125,0.18558438122272491,0.42850303649902344,nan,nan,nan,0.0,1.0,3.596562601160258e-05,1.9163442630087957e-05,1.6802185200504027e-05,1.0
0.004,2190,,,,,,,,,,,,,,,,,,,,,,,,,,,,,,,,,,,,,,,,
,2195,0.18973560631275177,1897.6800537109375,0.18973560631275177,0.3320043385028839,nan,nan,nan,0.0,1.0,3.24083048326429e-05,1.763202999427449e-05,1.4776274838368408e-05,1.0,0.1896795928478241,0.18973560631275177,365.0,0.004000000189989805,0.30000001192092896,0.0,0.0,0.0,0.0,1.0000000116860974e-07,1.0000000116860974e-07,0.0,0.30000001192092896,365,,,,,,,,,,,,,
,2195,,,,,,,,,,,,,,,,,,,,,,,,,,,366,0.1855017989873886,1855.3770751953125,0.1855017989873886,0.4250240623950958,nan,nan,nan,0.0,1.0,3.593350629671477e-05,1.9063911167904735e-05,1.686959330982063e-05,1.0
0.004,2196,,,,,,,,,,,,,,,,,,,,,,,,,,,,,,,,,,,,,,,,
,2201,0.18952083587646484,1895.5302734375,0.18952083587646484,0.33724328875541687,nan,nan,nan,0.0,1.0,3.220216603949666e-05,1.7576589016243815e-05,1.4625578842242248e-05,1.0,0.18956845998764038,0.18952083587646484,366.0,0.004000000189989805,0.30000001192092896,0.0,0.0,0.0,0.0,1.0000000116860974e-07,1.0000000116860974e-07,0.0,0.30000001192092896,366,,,,,,,,,,,,,
,2201,,,,,,,,,,,,,,,,,,,,,,,,,,,367,0.18543453514575958,1854.70458984375,0.18543453514575958,0.42778512835502625,nan,nan,nan,0.0,1.0,3.59199293598067e-05,1.924530806718394e-05,1.6674619473633356e-05,1.0
0.004,2202,,,,,,,,,,,,,,,,,,,,,,,,,,,,,,,,,,,,,,,,
,2207,0.1896430104970932,1896.75439453125,0.1896430104970932,0.3342685103416443,nan,nan,nan,0.0,1.0,3.242491220589727e-05,1.7797270629671402e-05,1.4627639757236466e-05,1.0,0.18962064385414124,0.1896430104970932,367.0,0.004000000189989805,0.30000001192092896,0.0,0.0,0.0,0.0,1.0000000116860974e-07,1.0000000116860974e-07,0.0,0.30000001192092896,367,,,,,,,,,,,,,
,2207,,,,,,,,,,,,,,,,,,,,,,,,,,,368,0.18495656549930573,1849.9237060546875,0.18495656549930573,0.42760324478149414,nan,nan,nan,0.0,1.0,3.5775421565631405e-05,1.91749040823197e-05,1.6600521121290512e-05,1.0
0.004,2208,,,,,,,,,,,,,,,,,,,,,,,,,,,,,,,,,,,,,,,,
,2213,0.18963147699832916,1896.64111328125,0.18963147699832916,0.3345465660095215,nan,nan,nan,0.0,1.0,3.264784027123824e-05,1.788132794899866e-05,1.4766510503250174e-05,1.0,0.1896282285451889,0.18963147699832916,368.0,0.004000000189989805,0.30000001192092896,0.0,0.0,0.0,0.0,1.0000000116860974e-07,1.0000000116860974e-07,0.0,0.30000001192092896,368,,,,,,,,,,,,,
,2213,,,,,,,,,,,,,,,,,,,,,,,,,,,369,0.18525253236293793,1852.8857421875,0.18525253236293793,0.43000224232673645,nan,nan,nan,0.0,1.0,3.6070894566364586e-05,1.9360148144187406e-05,1.6710748241166584e-05,1.0
0.004,2214,,,,,,,,,,,,,,,,,,,,,,,,,,,,,,,,,,,,,,,,
,2219,0.18966245651245117,1896.945556640625,0.18966245651245117,0.3337751030921936,nan,nan,nan,0.0,1.0,3.210936120012775e-05,1.7423421013518237e-05,1.468594291509362e-05,1.0,0.1896521896123886,0.18966245651245117,369.0,0.004000000189989805,0.30000001192092896,0.0,0.0,0.0,0.0,1.0000000116860974e-07,1.0000000116860974e-07,0.0,0.30000001192092896,369,,,,,,,,,,,,,
,2219,,,,,,,,,,,,,,,,,,,,,,,,,,,370,0.1851140260696411,1851.49853515625,0.1851140260696411,0.4292966425418854,nan,nan,nan,0.0,1.0,3.584584919735789e-05,1.923167110362556e-05,1.6614178093732335e-05,1.0
0.004,2220,,,,,,,,,,,,,,,,,,,,,,,,,,,,,,,,,,,,,,,,
,2225,0.18961898982524872,1896.509765625,0.18961898982524872,0.3348393440246582,nan,nan,nan,0.0,1.0,3.198064223397523e-05,1.730020267132204e-05,1.4680442291137297e-05,1.0,0.1896289438009262,0.18961898982524872,370.0,0.004000000189989805,0.30000001192092896,0.0,0.0,0.0,0.0,1.0000000116860974e-07,1.0000000116860974e-07,0.0,0.30000001192092896,370,,,,,,,,,,,,,
,2225,,,,,,,,,,,,,,,,,,,,,,,,,,,371,0.18532870709896088,1853.642578125,0.18532870709896088,0.4292173385620117,nan,nan,nan,0.0,1.0,3.556831143214367e-05,1.8735863704932854e-05,1.6832445908221416e-05,1.0
0.004,2226,,,,,,,,,,,,,,,,,,,,,,,,,,,,,,,,,,,,,,,,
,2231,0.18959112465381622,1896.236328125,0.18959112465381622,0.33550673723220825,nan,nan,nan,0.0,1.0,3.249810106353834e-05,1.761875319061801e-05,1.4879347872920334e-05,1.0,0.18960246443748474,0.18959112465381622,371.0,0.004000000189989805,0.30000001192092896,0.0,0.0,0.0,0.0,1.0000000116860974e-07,1.0000000116860974e-07,0.0,0.30000001192092896,371,,,,,,,,,,,,,
,2231,,,,,,,,,,,,,,,,,,,,,,,,,,,372,0.18526972830295563,1853.0531005859375,0.18526972830295563,0.43131113052368164,nan,nan,nan,0.0,1.0,3.55661723006051e-05,1.8841950804926455e-05,1.6724219676689245e-05,1.0
0.004,2232,,,,,,,,,,,,,,,,,,,,,,,,,,,,,,,,,,,,,,,,
,2237,0.18967756628990173,1897.0997314453125,0.18967756628990173,0.33343714475631714,nan,nan,nan,0.0,1.0,3.241567901568487e-05,1.773352596501354e-05,1.4682153050671332e-05,1.0,0.18965503573417664,0.18967756628990173,372.0,0.004000000189989805,0.30000001192092896,0.0,0.0,0.0,0.0,1.0000000116860974e-07,1.0000000116860974e-07,0.0,0.30000001192092896,372,,,,,,,,,,,,,
,2237,,,,,,,,,,,,,,,,,,,,,,,,,,,373,0.18538665771484375,1854.2220458984375,0.18538665771484375,0.4292120933532715,nan,nan,nan,0.0,1.0,3.555042712832801e-05,1.8961851310450584e-05,1.6588573998888023e-05,1.0
0.004,2238,,,,,,,,,,,,,,,,,,,,,,,,,,,,,,,,,,,,,,,,
,2243,0.18960589170455933,1896.3817138671875,0.18960589170455933,0.33515727519989014,nan,nan,nan,0.0,1.0,3.229751382605173e-05,1.7798596672946587e-05,1.4498914424621034e-05,1.0,0.18962062895298004,0.18960589170455933,373.0,0.004000000189989805,0.30000001192092896,0.0,0.0,0.0,0.0,1.0000000116860974e-07,1.0000000116860974e-07,0.0,0.30000001192092896,373,,,,,,,,,,,,,
,2243,,,,,,,,,,,,,,,,,,,,,,,,,,,374,0.18551170825958252,1855.47412109375,0.18551170825958252,0.42862650752067566,nan,nan,nan,0.0,1.0,3.57051903847605e-05,1.9184237316949293e-05,1.652095488680061e-05,1.0
0.004,2244,,,,,,,,,,,,,,,,,,,,,,,,,,,,,,,,,,,,,,,,
,2249,0.1896122545003891,1896.4444580078125,0.1896122545003891,0.3350430130958557,nan,nan,nan,0.0,1.0,3.218095298507251e-05,1.806464933906682e-05,1.4116300008026883e-05,1.0,0.18961477279663086,0.1896122545003891,374.0,0.004000000189989805,0.30000001192092896,0.0,0.0,0.0,0.0,1.0000000116860974e-07,1.0000000116860974e-07,0.0,0.30000001192092896,374,,,,,,,,,,,,,
,2249,,,,,,,,,,,,,,,,,,,,,,,,,,,375,0.18529151380062103,1853.27197265625,0.18529151380062103,0.4319751262664795,nan,nan,nan,0.0,1.0,3.5692599340109155e-05,1.9470384359010495e-05,1.6222213162109256e-05,1.0
0.004,2250,,,,,,,,,,,,,,,,,,,,,,,,,,,,,,,,,,,,,,,,
,2255,0.18965433537960052,1896.8624267578125,0.18965433537960052,0.33398184180259705,nan,nan,nan,0.0,1.0,3.189207927789539e-05,1.8121216271538287e-05,1.3770864825346507e-05,1.0,0.18964247405529022,0.18965433537960052,375.0,0.004000000189989805,0.30000001192092896,0.0,0.0,0.0,0.0,1.0000000116860974e-07,1.0000000116860974e-07,0.0,0.30000001192092896,375,,,,,,,,,,,,,
,2255,,,,,,,,,,,,,,,,,,,,,,,,,,,376,0.18500523269176483,1850.4071044921875,0.18500523269176483,0.42989590764045715,nan,nan,nan,0.0,1.0,3.5486325941747054e-05,1.967266871361062e-05,1.5813651771168225e-05,1.0
0.004,2256,,,,,,,,,,,,,,,,,,,,,,,,,,,,,,,,,,,,,,,,
,2261,0.1897609978914261,1897.9268798828125,0.1897609978914261,0.33135396242141724,nan,nan,nan,0.0,1.0,3.1686500733485445e-05,1.8107080904883333e-05,1.3579422557086218e-05,1.0,0.18972542881965637,0.1897609978914261,376.0,0.004000000189989805,0.30000001192092896,0.0,0.0,0.0,0.0,1.0000000116860974e-07,1.0000000116860974e-07,0.0,0.30000001192092896,376,,,,,,,,,,,,,
,2261,,,,,,,,,,,,,,,,,,,,,,,,,,,377,0.18503426015377045,1850.6953125,0.18503426015377045,0.43325725197792053,nan,nan,nan,0.0,1.0,3.52696115442086e-05,1.9611727111623622e-05,1.5657888070563786e-05,1.0
0.004,2262,,,,,,,,,,,,,,,,,,,,,,,,,,,,,,,,,,,,,,,,
,2267,0.18959997594356537,1896.3172607421875,0.18959997594356537,0.3353026509284973,nan,nan,nan,0.0,1.0,3.176307654939592e-05,1.7985094018513337e-05,1.3777982530882582e-05,1.0,0.18963760137557983,0.18959997594356537,377.0,0.004000000189989805,0.30000001192092896,0.0,0.0,0.0,0.0,1.0000000116860974e-07,1.0000000116860974e-07,0.0,0.30000001192092896,377,,,,,,,,,,,,,
,2267,,,,,,,,,,,,,,,,,,,,,,,,,,,378,0.18509937822818756,1851.3494873046875,0.18509937822818756,0.4359838664531708,nan,nan,nan,0.0,1.0,3.555306466296315e-05,1.979053376999218e-05,1.5762530892970972e-05,1.0
0.004,2268,,,,,,,,,,,,,,,,,,,,,,,,,,,,,,,,,,,,,,,,
,2273,0.18982596695423126,1898.5771484375,0.18982596695423126,0.32976096868515015,nan,nan,nan,0.0,1.0,3.173157529090531e-05,1.7887296053231694e-05,1.3844279237673618e-05,1.0,0.189769446849823,0.18982596695423126,378.0,0.004000000189989805,0.30000001192092896,0.0,0.0,0.0,0.0,1.0000000116860974e-07,1.0000000116860974e-07,0.0,0.30000001192092896,378,,,,,,,,,,,,,
,2273,,,,,,,,,,,,,,,,,,,,,,,,,,,379,0.1851787120103836,1852.1419677734375,0.1851787120103836,0.43267956376075745,nan,nan,nan,0.0,1.0,3.547279629856348e-05,1.9602293832576834e-05,1.5870502465986647e-05,1.0
0.004,2274,,,,,,,,,,,,,,,,,,,,,,,,,,,,,,,,,,,,,,,,
,2279,0.1896916925907135,1897.233642578125,0.1896916925907135,0.33306750655174255,nan,nan,nan,0.0,1.0,3.165164162055589e-05,1.7444001059629954e-05,1.4207640560925938e-05,1.0,0.18971502780914307,0.1896916925907135,379.0,0.004000000189989805,0.30000001192092896,0.0,0.0,0.0,0.0,1.0000000116860974e-07,1.0000000116860974e-07,0.0,0.30000001192092896,379,,,,,,,,,,,,,
,2279,,,,,,,,,,,,,,,,,,,,,,,,,,,380,0.1848077028989792,1848.43359375,0.1848077028989792,0.4331294000148773,nan,nan,nan,0.0,1.0,3.566498708096333e-05,1.9512386643327773e-05,1.615260225662496e-05,1.0
0.004,2280,,,,,,,,,,,,,,,,,,,,,,,,,,,,,,,,,,,,,,,,
,2285,0.18992091715335846,1899.5289306640625,0.18992091715335846,0.32751592993736267,nan,nan,nan,0.0,1.0,3.196209581801668e-05,1.7620763173908927e-05,1.4341334463097155e-05,1.0,0.18985915184020996,0.18992091715335846,380.0,0.004000000189989805,0.30000001192092896,0.0,0.0,0.0,0.0,1.0000000116860974e-07,1.0000000116860974e-07,0.0,0.30000001192092896,380,,,,,,,,,,,,,
,2285,,,,,,,,,,,,,,,,,,,,,,,,,,,381,0.18486611545085907,1849.01416015625,0.18486611545085907,0.43309274315834045,nan,nan,nan,0.0,1.0,3.530833782861009e-05,1.9098952179774642e-05,1.620938564883545e-05,1.0
0.004,2286,,,,,,,,,,,,,,,,,,,,,,,,,,,,,,,,,,,,,,,,
,2291,0.18975983560085297,1897.9219970703125,0.18975983560085297,0.3314123749732971,nan,nan,nan,0.0,1.0,3.234400355722755e-05,1.7936157746589743e-05,1.440784581063781e-05,1.0,0.18978963792324066,0.18975983560085297,381.0,0.004000000189989805,0.30000001192092896,0.0,0.0,0.0,0.0,1.0000000116860974e-07,1.0000000116860974e-07,0.0,0.30000001192092896,381,,,,,,,,,,,,,
,2291,,,,,,,,,,,,,,,,,,,,,,,,,,,382,0.18542884290218353,1854.6417236328125,0.18542884290218353,0.42833447456359863,nan,nan,nan,0.0,1.0,3.533929702825844e-05,1.9166807760484517e-05,1.6172489267773926e-05,1.0
0.004,2292,,,,,,,,,,,,,,,,,,,,,,,,,,,,,,,,,,,,,,,,
,2297,0.18962854146957397,1896.604736328125,0.18962854146957397,0.33464306592941284,nan,nan,nan,0.0,1.0,3.1925959774525836e-05,1.7633690731599927e-05,1.42922644954524e-05,1.0,0.18967686593532562,0.18962854146957397,382.0,0.004000000189989805,0.30000001192092896,0.0,0.0,0.0,0.0,1.0000000116860974e-07,1.0000000116860974e-07,0.0,0.30000001192092896,382,,,,,,,,,,,,,
,2297,,,,,,,,,,,,,,,,,,,,,,,,,,,383,0.18513958156108856,1851.7509765625,0.18513958156108856,0.43707311153411865,nan,nan,nan,0.0,1.0,3.552150519681163e-05,1.9313696611789055e-05,1.6207812223001383e-05,1.0
0.004,2298,,,,,,,,,,,,,,,,,,,,,,,,,,,,,,,,,,,,,,,,
,2303,0.18961568176746368,1896.477294921875,0.18961568176746368,0.3349405825138092,nan,nan,nan,0.0,1.0,3.204574022674933e-05,1.7858066712506115e-05,1.4187672604748514e-05,1.0,0.1896340399980545,0.18961568176746368,383.0,0.004000000189989805,0.30000001192092896,0.0,0.0,0.0,0.0,1.0000000116860974e-07,1.0000000116860974e-07,0.0,0.30000001192092896,383,,,,,,,,,,,,,
,2303,,,,,,,,,,,,,,,,,,,,,,,,,,,384,0.18489080667495728,1849.2630615234375,0.18489080667495728,0.43149086833000183,nan,nan,nan,0.0,1.0,3.54951735062059e-05,1.929650352394674e-05,1.6198666344280355e-05,1.0
0.004,2304,,,,,,,,,,,,,,,,,,,,,,,,,,,,,,,,,,,,,,,,
,2309,0.18952924013137817,1895.615234375,0.18952924013137817,0.33702877163887024,nan,nan,nan,0.0,1.0,3.228140849387273e-05,1.8144470232073218e-05,1.4136940080788918e-05,1.0,0.1895606815814972,0.18952924013137817,384.0,0.004000000189989805,0.30000001192092896,0.0,0.0,0.0,0.0,1.0000000116860974e-07,1.0000000116860974e-07,0.0,0.30000001192092896,384,,,,,,,,,,,,,
,2309,,,,,,,,,,,,,,,,,,,,,,,,,,,385,0.18501396477222443,1850.49609375,0.18501396477222443,0.4355663061141968,nan,nan,nan,0.0,1.0,3.566187297110446e-05,1.9600138330133632e-05,1.6061734640970826e-05,1.0
0.004,2310,,,,,,,,,,,,,,,,,,,,,,,,,,,,,,,,,,,,,,,,
,2315,0.18949124217033386,1895.23583984375,0.18949124217033386,0.33797550201416016,nan,nan,nan,0.0,1.0,3.23402819049079e-05,1.8118818843504414e-05,1.4221459423424676e-05,1.0,0.18951207399368286,0.18949124217033386,385.0,0.004000000189989805,0.30000001192092896,0.0,0.0,0.0,0.0,1.0000000116860974e-07,1.0000000116860974e-07,0.0,0.30000001192092896,385,,,,,,,,,,,,,
,2315,,,,,,,,,,,,,,,,,,,,,,,,,,,386,0.18509112298488617,1851.2698974609375,0.18509112298488617,0.4344353973865509,nan,nan,nan,0.0,1.0,3.587579703889787e-05,1.9765180695685558e-05,1.6110616343212314e-05,1.0
0.004,2316,,,,,,,,,,,,,,,,,,,,,,,,,,,,,,,,,,,,,,,,
,2321,0.18946956098079681,1895.0174560546875,0.18946956098079681,0.3384968340396881,nan,nan,nan,0.0,1.0,3.2171712518902496e-05,1.804133535188157e-05,1.4130376257526223e-05,1.0,0.18948231637477875,0.18946956098079681,386.0,0.004000000189989805,0.30000001192092896,0.0,0.0,0.0,0.0,1.0000000116860974e-07,1.0000000116860974e-07,0.0,0.30000001192092896,386,,,,,,,,,,,,,
,2321,,,,,,,,,,,,,,,,,,,,,,,,,,,387,0.18498851358890533,1850.2406005859375,0.18498851358890533,0.4321306049823761,nan,nan,nan,0.0,1.0,3.554462091415189e-05,1.9592638636822812e-05,1.5951985915307887e-05,1.0
0.004,2322,,,,,,,,,,,,,,,,,,,,,,,,,,,,,,,,,,,,,,,,
,2327,0.18951809406280518,1895.5035400390625,0.18951809406280518,0.33730703592300415,nan,nan,nan,0.0,1.0,3.225237742299214e-05,1.8068316421704367e-05,1.418405918229837e-05,1.0,0.1895073652267456,0.18951809406280518,387.0,0.004000000189989805,0.30000001192092896,0.0,0.0,0.0,0.0,1.0000000116860974e-07,1.0000000116860974e-07,0.0,0.30000001192092896,387,,,,,,,,,,,,,
,2327,,,,,,,,,,,,,,,,,,,,,,,,,,,388,0.18494324386119843,1849.7874755859375,0.18494324386119843,0.43232813477516174,nan,nan,nan,0.0,1.0,3.5522265534382313e-05,1.9542922018445097e-05,1.5979343515937217e-05,1.0
0.004,2328,,,,,,,,,,,,,,,,,,,,,,,,,,,,,,,,,,,,,,,,
,2333,0.18965746462345123,1896.9000244140625,0.18965746462345123,0.33390897512435913,nan,nan,nan,0.0,1.0,3.2521504181204364e-05,1.7878088328870945e-05,1.4643414942838717e-05,1.0,0.18961243331432343,0.18965746462345123,388.0,0.004000000189989805,0.30000001192092896,0.0,0.0,0.0,0.0,1.0000000116860974e-07,1.0000000116860974e-07,0.0,0.30000001192092896,388,,,,,,,,,,,,,
,2333,,,,,,,,,,,,,,,,,,,,,,,,,,,389,0.1851983666419983,1852.3394775390625,0.1851983666419983,0.433506578207016,nan,nan,nan,0.0,1.0,3.5590612242231146e-05,1.9441682525211945e-05,1.6148927898029797e-05,1.0
0.004,2334,,,,,,,,,,,,,,,,,,,,,,,,,,,,,,,,,,,,,,,,
,2339,0.18969452381134033,1897.2747802734375,0.18969452381134033,0.3329980671405792,nan,nan,nan,0.0,1.0,3.295752321719192e-05,1.7765960365068167e-05,1.5191564671113156e-05,1.0,0.1896699070930481,0.18969452381134033,389.0,0.004000000189989805,0.30000001192092896,0.0,0.0,0.0,0.0,1.0000000116860974e-07,1.0000000116860974e-07,0.0,0.30000001192092896,389,,,,,,,,,,,,,
,2339,,,,,,,,,,,,,,,,,,,,,,,,,,,390,0.18497085571289062,1850.0704345703125,0.18497085571289062,0.4352278709411621,nan,nan,nan,0.0,1.0,3.619836934376508e-05,1.9530631107045338e-05,1.666774187469855e-05,1.0
0.004,2340,,,,,,,,,,,,,,,,,,,,,,,,,,,,,,,,,,,,,,,,
,2345,0.18946592509746552,1894.983642578125,0.18946592509746552,0.33854496479034424,nan,nan,nan,0.0,1.0,3.24397515214514e-05,1.7345670130453072e-05,1.5094079572008923e-05,1.0,0.18952712416648865,0.18946592509746552,390.0,0.004000000189989805,0.30000001192092896,0.0,0.0,0.0,0.0,1.0000000116860974e-07,1.0000000116860974e-07,0.0,0.30000001192092896,390,,,,,,,,,,,,,
,2345,,,,,,,,,,,,,,,,,,,,,,,,,,,391,0.185178741812706,1852.1514892578125,0.185178741812706,0.4336073696613312,nan,nan,nan,0.0,1.0,3.639843998826109e-05,1.9212098777643405e-05,1.718633939162828e-05,1.0
0.004,2346,,,,,,,,,,,,,,,,,,,,,,,,,,,,,,,,,,,,,,,,
,2351,0.18952269852161407,1895.550537109375,0.18952269852161407,0.33720624446868896,nan,nan,nan,0.0,1.0,3.235638723708689e-05,1.7472806575824507e-05,1.4883584299241193e-05,1.0,0.18952402472496033,0.18952269852161407,391.0,0.004000000189989805,0.30000001192092896,0.0,0.0,0.0,0.0,1.0000000116860974e-07,1.0000000116860974e-07,0.0,0.30000001192092896,391,,,,,,,,,,,,,
,2351,,,,,,,,,,,,,,,,,,,,,,,,,,,392,0.1852782517671585,1853.1429443359375,0.1852782517671585,0.43084049224853516,nan,nan,nan,0.0,1.0,3.6021272535435855e-05,1.8997083316207863e-05,1.7024189219227992e-05,1.0
0.004,2352,,,,,,,,,,,,,,,,,,,,,,,,,,,,,,,,,,,,,,,,
,2357,0.18993668258190155,1899.693603515625,0.18993668258190155,0.3271061182022095,nan,nan,nan,0.0,1.0,3.268225191277452e-05,1.7731097614159808e-05,1.4951156117604114e-05,1.0,0.18981288373470306,0.18993668258190155,392.0,0.004000000189989805,0.30000001192092896,0.0,0.0,0.0,0.0,1.0000000116860974e-07,1.0000000116860974e-07,0.0,0.30000001192092896,392,,,,,,,,,,,,,
,2357,,,,,,,,,,,,,,,,,,,,,,,,,,,393,0.18535377085208893,1853.8980712890625,0.18535377085208893,0.43800976872444153,nan,nan,nan,0.0,1.0,3.6050569178769365e-05,1.9213728592148982e-05,1.6836840586620383e-05,1.0
0.004,2358,,,,,,,,,,,,,,,,,,,,,,,,,,,,,,,,,,,,,,,,
,2363,0.18986395001411438,1898.9652099609375,0.18986395001411438,0.32887738943099976,nan,nan,nan,0.0,1.0,3.2575168006587774e-05,1.7335512893623672e-05,1.5239653293974698e-05,1.0,0.1898486316204071,0.18986395001411438,393.0,0.004000000189989805,0.30000001192092896,0.0,0.0,0.0,0.0,1.0000000116860974e-07,1.0000000116860974e-07,0.0,0.30000001192092896,393,,,,,,,,,,,,,
,2363,,,,,,,,,,,,,,,,,,,,,,,,,,,394,0.18501843512058258,1850.5474853515625,0.18501843512058258,0.43824562430381775,nan,nan,nan,0.0,1.0,3.6313122109277174e-05,1.9117842384730466e-05,1.7195279724546708e-05,1.0
0.004,2364,,,,,,,,,,,,,,,,,,,,,,,,,,,,,,,,,,,,,,,,
,2369,0.18980127573013306,1898.34423828125,0.18980127573013306,0.3303908109664917,nan,nan,nan,0.0,1.0,3.3159725717268884e-05,1.763795080478303e-05,1.5521774912485853e-05,1.0,0.1898154765367508,0.18980127573013306,394.0,0.004000000189989805,0.30000001192092896,0.0,0.0,0.0,0.0,1.0000000116860974e-07,1.0000000116860974e-07,0.0,0.30000001192092896,394,,,,,,,,,,,,,
,2369,,,,,,,,,,,,,,,,,,,,,,,,,,,395,0.18487803637981415,1849.1453857421875,0.18487803637981415,0.43485239148139954,nan,nan,nan,0.0,1.0,3.649772042990662e-05,1.8885522877098992e-05,1.7612199371797033e-05,1.0
0.004,2370,,,,,,,,,,,,,,,,,,,,,,,,,,,,,,,,,,,,,,,,
,2375,0.18949343264102936,1895.265869140625,0.18949343264102936,0.33789852261543274,nan,nan,nan,0.0,1.0,3.315432331874035e-05,1.793482260836754e-05,1.5219501619867515e-05,1.0,0.18959003686904907,0.18949343264102936,395.0,0.004000000189989805,0.30000001192092896,0.0,0.0,0.0,0.0,1.0000000116860974e-07,1.0000000116860974e-07,0.0,0.30000001192092896,395,,,,,,,,,,,,,
,2375,,,,,,,,,,,,,,,,,,,,,,,,,,,396,0.18470972776412964,1847.46728515625,0.18470972776412964,0.4364771544933319,nan,nan,nan,0.0,1.0,3.699765875353478e-05,1.942305243574083e-05,1.7574608136783354e-05,1.0
0.004,2376,,,,,,,,,,,,,,,,,,,,,,,,,,,,,,,,,,,,,,,,
,2381,0.1898040473461151,1898.3697509765625,0.1898040473461151,0.33030810952186584,nan,nan,nan,0.0,1.0,3.292893597972579e-05,1.8064241885440424e-05,1.4864693184790667e-05,1.0,0.18973985314369202,0.1898040473461151,396.0,0.004000000189989805,0.30000001192092896,0.0,0.0,0.0,0.0,1.0000000116860974e-07,1.0000000116860974e-07,0.0,0.30000001192092896,396,,,,,,,,,,,,,
,2381,,,,,,,,,,,,,,,,,,,,,,,,,,,397,0.18488068878650665,1849.1732177734375,0.18488068878650665,0.438395231962204,nan,nan,nan,0.0,1.0,3.663877214421518e-05,1.9453969798632897e-05,1.718480052659288e-05,1.0
0.004,2382,,,,,,,,,,,,,,,,,,,,,,,,,,,,,,,,,,,,,,,,
,2387,0.18958473205566406,1896.177001953125,0.18958473205566406,0.3356615900993347,nan,nan,nan,0.0,1.0,3.297240982647054e-05,1.7962227502721362e-05,1.5010177776275668e-05,1.0,0.18963126838207245,0.18958473205566406,397.0,0.004000000189989805,0.30000001192092896,0.0,0.0,0.0,0.0,1.0000000116860974e-07,1.0000000116860974e-07,0.0,0.30000001192092896,397,,,,,,,,,,,,,
,2387,,,,,,,,,,,,,,,,,,,,,,,,,,,398,0.18494127690792084,1849.77880859375,0.18494127690792084,0.4365573823451996,nan,nan,nan,0.0,1.0,3.660004585981369e-05,1.98059333342826e-05,1.679411252553109e-05,1.0
0.004,2388,,,,,,,,,,,,,,,,,,,,,,,,,,,,,,,,,,,,,,,,
,2393,0.18974338471889496,1897.7608642578125,0.18974338471889496,0.3317888677120209,nan,nan,nan,0.0,1.0,3.2716492569306865e-05,1.7627879060455598e-05,1.5088615327840671e-05,1.0,0.18970975279808044,0.18974338471889496,398.0,0.004000000189989805,0.30000001192092896,0.0,0.0,0.0,0.0,1.0000000116860974e-07,1.0000000116860974e-07,0.0,0.30000001192092896,398,,,,,,,,,,,,,
,2393,,,,,,,,,,,,,,,,,,,,,,,,,,,399,0.1846347600221634,1846.7081298828125,0.1846347600221634,0.43772634863853455,nan,nan,nan,0.0,1.0,3.604551238822751e-05,1.91976814676309e-05,1.6847829101607203e-05,1.0
0.004,2394,,,,,,,,,,,,,,,,,,,,,,,,,,,,,,,,,,,,,,,,
,2399,0.18973350524902344,1897.6641845703125,0.18973350524902344,0.3320329487323761,nan,nan,nan,0.0,1.0,3.289579399279319e-05,1.780133243300952e-05,1.5094462469278369e-05,1.0,0.18972638249397278,0.18973350524902344,399.0,0.004000000189989805,0.30000001192092896,0.0,0.0,0.0,0.0,1.0000000116860974e-07,1.0000000116860974e-07,0.0,0.30000001192092896,399,,,,,,,,,,,,,
,2399,,,,,,,,,,,,,,,,,,,,,,,,,,,400,0.18492352962493896,1849.6005859375,0.18492352962493896,0.4405883550643921,nan,nan,nan,0.0,1.0,3.652092345873825e-05,1.9389992303331383e-05,1.7130934793385677e-05,1.0
0.004,2400,,,,,,,,,,,,,,,,,,,,,,,,,,,,,,,,,,,,,,,,
,2405,0.18964916467666626,1896.8170166015625,0.18964916467666626,0.3341013491153717,nan,nan,nan,0.0,1.0,3.253967224736698e-05,1.756895835569594e-05,1.4970712072681636e-05,1.0,0.1896723359823227,0.18964916467666626,400.0,0.004000000189989805,0.30000001192092896,0.0,0.0,0.0,0.0,1.0000000116860974e-07,1.0000000116860974e-07,0.0,0.30000001192092896,400,,,,,,,,,,,,,
,2405,,,,,,,,,,,,,,,,,,,,,,,,,,,401,0.18485665321350098,1848.92724609375,0.18485665321350098,0.442801833152771,nan,nan,nan,0.0,1.0,3.607176404329948e-05,1.907930345623754e-05,1.699246058706194e-05,1.0
0.004,2406,,,,,,,,,,,,,,,,,,,,,,,,,,,,,,,,,,,,,,,,
,2411,0.18960964679718018,1896.4249267578125,0.18960964679718018,0.3351018726825714,nan,nan,nan,0.0,1.0,3.282796387793496e-05,1.7805519746616483e-05,1.5022446859802585e-05,1.0,0.1896284520626068,0.18960964679718018,401.0,0.004000000189989805,0.30000001192092896,0.0,0.0,0.0,0.0,1.0000000116860974e-07,1.0000000116860974e-07,0.0,0.30000001192092896,401,,,,,,,,,,,,,
,2411,,,,,,,,,,,,,,,,,,,,,,,,,,,402,0.18496768176555634,1850.0386962890625,0.18496768176555634,0.43762752413749695,nan,nan,nan,0.0,1.0,3.621007999754511e-05,1.912818152050022e-05,1.7081898477044888e-05,1.0
0.004,2412,,,,,,,,,,,,,,,,,,,,,,,,,,,,,,,,,,,,,,,,
,2417,0.1894390881061554,1894.7222900390625,0.1894390881061554,0.33920979499816895,nan,nan,nan,0.0,1.0,3.315220965305343e-05,1.797920594981406e-05,1.5173005522228777e-05,1.0,0.18949589133262634,0.1894390881061554,402.0,0.004000000189989805,0.30000001192092896,0.0,0.0,0.0,0.0,1.0000000116860974e-07,1.0000000116860974e-07,0.0,0.30000001192092896,402,,,,,,,,,,,,,
,2417,,,,,,,,,,,,,,,,,,,,,,,,,,,403,0.1849822998046875,1850.1885986328125,0.1849822998046875,0.44147685170173645,nan,nan,nan,0.0,1.0,3.655587715911679e-05,1.9456396330497228e-05,1.709948446659837e-05,1.0
0.004,2418,,,,,,,,,,,,,,,,,,,,,,,,,,,,,,,,,,,,,,,,
,2423,0.1895950734615326,1896.27783203125,0.1895950734615326,0.3354122042655945,nan,nan,nan,0.0,1.0,3.2692849345039576e-05,1.753505421220325e-05,1.5157794223341625e-05,1.0,0.18956531584262848,0.1895950734615326,403.0,0.004000000189989805,0.30000001192092896,0.0,0.0,0.0,0.0,1.0000000116860974e-07,1.0000000116860974e-07,0.0,0.30000001192092896,403,,,,,,,,,,,,,
,2423,,,,,,,,,,,,,,,,,,,,,,,,,,,404,0.18485373258590698,1848.9039306640625,0.18485373258590698,0.4391460418701172,nan,nan,nan,0.0,1.0,3.666490374598652e-05,1.940613947226666e-05,1.7258764273719862e-05,1.0
0.004,2424,,,,,,,,,,,,,,,,,,,,,,,,,,,,,,,,,,,,,,,,
,2429,0.18977637588977814,1898.0921630859375,0.18977637588977814,0.33100560307502747,nan,nan,nan,0.0,1.0,3.282140096416697e-05,1.744596374919638e-05,1.537543357699178e-05,1.0,0.18971306085586548,0.18977637588977814,404.0,0.004000000189989805,0.30000001192092896,0.0,0.0,0.0,0.0,1.0000000116860974e-07,1.0000000116860974e-07,0.0,0.30000001192092896,404,,,,,,,,,,,,,
,2429,,,,,,,,,,,,,,,,,,,,,,,,,,,405,0.18470261991024017,1847.3885498046875,0.18470261991024017,0.44068971276283264,nan,nan,nan,0.0,1.0,3.623384691309184e-05,1.9008681192644872e-05,1.722516753943637e-05,1.0
0.004,2430,,,,,,,,,,,,,,,,,,,,,,,,,,,,,,,,,,,,,,,,
,2435,0.1897834986448288,1898.167236328125,0.1897834986448288,0.33084356784820557,nan,nan,nan,0.0,1.0,3.32094423356466e-05,1.760616032697726e-05,1.5603280189679936e-05,1.0,0.18976235389709473,0.1897834986448288,405.0,0.004000000189989805,0.30000001192092896,0.0,0.0,0.0,0.0,1.0000000116860974e-07,1.0000000116860974e-07,0.0,0.30000001192092896,405,,,,,,,,,,,,,
,2435,,,,,,,,,,,,,,,,,,,,,,,,,,,406,0.18479299545288086,1848.2965087890625,0.18479299545288086,0.4367251694202423,nan,nan,nan,0.0,1.0,3.667221244540997e-05,1.914854692586232e-05,1.752366188156884e-05,1.0
0.004,2436,,,,,,,,,,,,,,,,,,,,,,,,,,,,,,,,,,,,,,,,
,2441,0.18973413109779358,1897.675537109375,0.18973413109779358,0.332030713558197,nan,nan,nan,0.0,1.0,3.342142008477822e-05,1.762393549142871e-05,1.579748459334951e-05,1.0,0.18974259495735168,0.18973413109779358,406.0,0.004000000189989805,0.30000001192092896,0.0,0.0,0.0,0.0,1.0000000116860974e-07,1.0000000116860974e-07,0.0,0.30000001192092896,406,,,,,,,,,,,,,
,2441,,,,,,,,,,,,,,,,,,,,,,,,,,,407,0.18501418828964233,1850.5135498046875,0.18501418828964233,0.438558429479599,nan,nan,nan,0.0,1.0,3.7167937989579514e-05,1.9210032405680977e-05,1.7957905583898537e-05,1.0
0.004,2442,,,,,,,,,,,,,,,,,,,,,,,,,,,,,,,,,,,,,,,,
,2447,0.18951544165611267,1895.4949951171875,0.18951544165611267,0.33736929297447205,nan,nan,nan,0.0,1.0,3.406425457797013e-05,1.7907668734551407e-05,1.6156585843418725e-05,1.0,0.18958358466625214,0.18951544165611267,407.0,0.004000000189989805,0.30000001192092896,0.0,0.0,0.0,0.0,1.0000000116860974e-07,1.0000000116860974e-07,0.0,0.30000001192092896,407,,,,,,,,,,,,,
,2447,,,,,,,,,,,,,,,,,,,,,,,,,,,408,0.18482644855976105,1848.6412353515625,0.18482644855976105,0.4430992305278778,nan,nan,nan,0.0,1.0,3.768958049477078e-05,1.94347339856904e-05,1.8254848328069784e-05,1.0
0.004,2448,,,,,,,,,,,,,,,,,,,,,,,,,,,,,,,,,,,,,,,,
,2453,0.18970008194446564,1897.34228515625,0.18970008194446564,0.3328588902950287,nan,nan,nan,0.0,1.0,3.414714592508972e-05,1.806321415642742e-05,1.6083929949672893e-05,1.0,0.18966513872146606,0.18970008194446564,408.0,0.004000000189989805,0.30000001192092896,0.0,0.0,0.0,0.0,1.0000000116860974e-07,1.0000000116860974e-07,0.0,0.30000001192092896,408,,,,,,,,,,,,,
,2453,,,,,,,,,,,,,,,,,,,,,,,,,,,409,0.18473272025585175,1847.7091064453125,0.18473272025585175,0.44239673018455505,nan,nan,nan,0.0,1.0,3.821220889221877e-05,1.9710125343408436e-05,1.8502085367799737e-05,1.0
0.004,2454,,,,,,,,,,,,,,,,,,,,,,,,,,,,,,,,,,,,,,,,
,2459,0.18971452116966248,1897.4803466796875,0.18971452116966248,0.3324989676475525,nan,nan,nan,0.0,1.0,3.3520598663017154e-05,1.789723501133267e-05,1.5623358194716275e-05,1.0,0.1896997094154358,0.18971452116966248,409.0,0.004000000189989805,0.30000001192092896,0.0,0.0,0.0,0.0,1.0000000116860974e-07,1.0000000116860974e-07,0.0,0.30000001192092896,409,,,,,,,,,,,,,
,2459,,,,,,,,,,,,,,,,,,,,,,,,,,,410,0.18458540737628937,1846.2298583984375,0.18458540737628937,0.4399435520172119,nan,nan,nan,0.0,1.0,3.756898149731569e-05,1.95654956769431e-05,1.800348582037259e-05,1.0
0.004,2460,,,,,,,,,,,,,,,,,,,,,,,,,,,,,,,,,,,,,,,,
,2465,0.1894768476486206,1895.0914306640625,0.1894768476486206,0.338332861661911,nan,nan,nan,0.0,1.0,3.2298605219693854e-05,1.7318621758022346e-05,1.497998437116621e-05,1.0,0.1895437091588974,0.1894768476486206,410.0,0.004000000189989805,0.30000001192092896,0.0,0.0,0.0,0.0,1.0000000116860974e-07,1.0000000116860974e-07,0.0,0.30000001192092896,410,,,,,,,,,,,,,
,2465,,,,,,,,,,,,,,,,,,,,,,,,,,,411,0.18473245203495026,1847.693359375,0.18473245203495026,0.4429672062397003,nan,nan,nan,0.0,1.0,3.688330252771266e-05,1.948692079167813e-05,1.7396379917045124e-05,1.0
0.004,2466,,,,,,,,,,,,,,,,,,,,,,,,,,,,,,,,,,,,,,,,
,2471,0.18964193761348724,1896.7408447265625,0.18964193761348724,0.3342803716659546,nan,nan,nan,0.0,1.0,3.2132011256180704e-05,1.7397174815414473e-05,1.4734835531271528e-05,1.0,0.1896124631166458,0.18964193761348724,411.0,0.004000000189989805,0.30000001192092896,0.0,0.0,0.0,0.0,1.0000000116860974e-07,1.0000000116860974e-07,0.0,0.30000001192092896,411,,,,,,,,,,,,,
,2471,,,,,,,,,,,,,,,,,,,,,,,,,,,412,0.18480275571346283,1848.3865966796875,0.18480275571346283,0.4389968812465668,nan,nan,nan,0.0,1.0,3.590187770896591e-05,1.8919598005595617e-05,1.6982283341349103e-05,1.0
0.004,2472,,,,,,,,,,,,,,,,,,,,,,,,,,,,,,,,,,,,,,,,
,2477,0.18955399096012115,1895.8682861328125,0.18955399096012115,0.3364199101924896,nan,nan,nan,0.0,1.0,3.2830936106620356e-05,1.7806984033086337e-05,1.5023952983028721e-05,1.0,0.1895715296268463,0.18955399096012115,412.0,0.004000000189989805,0.30000001192092896,0.0,0.0,0.0,0.0,1.0000000116860974e-07,1.0000000116860974e-07,0.0,0.30000001192092896,412,,,,,,,,,,,,,
,2477,,,,,,,,,,,,,,,,,,,,,,,,,,,413,0.1847117394208908,1847.4832763671875,0.1847117394208908,0.4405757188796997,nan,nan,nan,0.0,1.0,3.658022978925146e-05,1.949409124790691e-05,1.7086138541344553e-05,1.0
0.004,2478,,,,,,,,,,,,,,,,,,,,,,,,,,,,,,,,,,,,,,,,
,2483,0.18983033299446106,1898.630615234375,0.18983033299446106,0.3297058343887329,nan,nan,nan,0.0,1.0,3.273237598477863e-05,1.755659468472004e-05,1.5175781300058588e-05,1.0,0.18975268304347992,0.18983033299446106,413.0,0.004000000189989805,0.30000001192092896,0.0,0.0,0.0,0.0,1.0000000116860974e-07,1.0000000116860974e-07,0.0,0.30000001192092896,413,,,,,,,,,,,,,
,2483,,,,,,,,,,,,,,,,,,,,,,,,,,,414,0.1848495453596115,1848.8594970703125,0.1848495453596115,0.4389980733394623,nan,nan,nan,0.0,1.0,3.642265437520109e-05,1.9261839042883366e-05,1.716081715130713e-05,1.0
0.004,2484,,,,,,,,,,,,,,,,,,,,,,,,,,,,,,,,,,,,,,,,
,2489,0.18976527452468872,1897.980224609375,0.18976527452468872,0.3312828242778778,nan,nan,nan,0.0,1.0,3.274506889283657e-05,1.769666232576128e-05,1.5048409295559395e-05,1.0,0.18976148962974548,0.18976527452468872,414.0,0.004000000189989805,0.30000001192092896,0.0,0.0,0.0,0.0,1.0000000116860974e-07,1.0000000116860974e-07,0.0,0.30000001192092896,414,,,,,,,,,,,,,
,2489,,,,,,,,,,,,,,,,,,,,,,,,,,,415,0.18454545736312866,1845.81494140625,0.18454545736312866,0.4403243958950043,nan,nan,nan,0.0,1.0,3.603659934015013e-05,1.8964878108818084e-05,1.7071719412342645e-05,1.0
0.004,2490,,,,,,,,,,,,,,,,,,,,,,,,,,,,,,,,,,,,,,,,
,2495,0.1897519826889038,1897.850341796875,0.1897519826889038,0.3315851390361786,nan,nan,nan,0.0,1.0,3.3040287235053256e-05,1.7930793546838686e-05,1.510949368821457e-05,1.0,0.18975484371185303,0.1897519826889038,415.0,0.004000000189989805,0.30000001192092896,0.0,0.0,0.0,0.0,1.0000000116860974e-07,1.0000000116860974e-07,0.0,0.30000001192092896,415,,,,,,,,,,,,,
,2495,,,,,,,,,,,,,,,,,,,,,,,,,,,416,0.18505315482616425,1850.8955078125,0.18505315482616425,0.43749329447746277,nan,nan,nan,0.0,1.0,3.6406414437806234e-05,1.927772791532334e-05,1.7128682884504087e-05,1.0
0.004,2496,,,,,,,,,,,,,,,,,,,,,,,,,,,,,,,,,,,,,,,,
,2501,0.18966752290725708,1897.0045166015625,0.18966752290725708,0.33368733525276184,nan,nan,nan,0.0,1.0,3.294564157840796e-05,1.784941014193464e-05,1.5096229617483914e-05,1.0,0.18969371914863586,0.18966752290725708,416.0,0.004000000189989805,0.30000001192092896,0.0,0.0,0.0,0.0,1.0000000116860974e-07,1.0000000116860974e-07,0.0,0.30000001192092896,416,,,,,,,,,,,,,
,2501,,,,,,,,,,,,,,,,,,,,,,,,,,,417,0.18473725020885468,1847.7359619140625,0.18473725020885468,0.4458511173725128,nan,nan,nan,0.0,1.0,3.635251414380036e-05,1.9292134311399423e-05,1.706037983240094e-05,1.0
0.004,2502,,,,,,,,,,,,,,,,,,,,,,,,,,,,,,,,,,,,,,,,
,2507,0.18982607126235962,1898.5938720703125,0.18982607126235962,0.32977238297462463,nan,nan,nan,0.0,1.0,3.330544859636575e-05,1.7964117432711646e-05,1.5341331163654104e-05,1.0,0.18978635966777802,0.18982607126235962,417.0,0.004000000189989805,0.30000001192092896,0.0,0.0,0.0,0.0,1.0000000116860974e-07,1.0000000116860974e-07,0.0,0.30000001192092896,417,,,,,,,,,,,,,
,2507,,,,,,,,,,,,,,,,,,,,,,,,,,,418,0.18468712270259857,1847.2376708984375,0.18468712270259857,0.4407295882701874,nan,nan,nan,0.0,1.0,3.664050382212736e-05,1.937717206601519e-05,1.7263331756112166e-05,1.0
0.004,2508,,,,,,,,,,,,,,,,,,,,,,,,,,,,,,,,,,,,,,,,
,2513,0.1895858347415924,1896.194091796875,0.1895858347415924,0.335641086101532,nan,nan,nan,0.0,1.0,3.3567219361430034e-05,1.768780202837661e-05,1.5879417333053425e-05,1.0,0.18964599072933197,0.1895858347415924,418.0,0.004000000189989805,0.30000001192092896,0.0,0.0,0.0,0.0,1.0000000116860974e-07,1.0000000116860974e-07,0.0,0.30000001192092896,418,,,,,,,,,,,,,
,2513,,,,,,,,,,,,,,,,,,,,,,,,,,,419,0.18470530211925507,1847.4248046875,0.18470530211925507,0.4430149495601654,nan,nan,nan,0.0,1.0,3.719495362020098e-05,1.9633278498076834e-05,1.756167330313474e-05,1.0
0.004,2514,,,,,,,,,,,,,,,,,,,,,,,,,,,,,,,,,,,,,,,,
,2519,0.18974164128303528,1897.7550048828125,0.18974164128303528,0.3318403661251068,nan,nan,nan,0.0,1.0,3.3852760680019855e-05,1.781672290235292e-05,1.6036037777666934e-05,1.0,0.18971294164657593,0.18974164128303528,419.0,0.004000000189989805,0.30000001192092896,0.0,0.0,0.0,0.0,1.0000000116860974e-07,1.0000000116860974e-07,0.0,0.30000001192092896,419,,,,,,,,,,,,,
,2519,,,,,,,,,,,,,,,,,,,,,,,,,,,420,0.18487226963043213,1849.0963134765625,0.18487226963043213,0.44330596923828125,nan,nan,nan,0.0,1.0,3.738955638254993e-05,1.9245451767346822e-05,1.8144108253181912e-05,1.0
0.004,2520,,,,,,,,,,,,,,,,,,,,,,,,,,,,,,,,,,,,,,,,
,2525,0.1898982971906662,1899.322265625,0.1898982971906662,0.32804086804389954,nan,nan,nan,0.0,1.0,3.393791484995745e-05,1.785841232049279e-05,1.607950616744347e-05,1.0,0.18984268605709076,0.1898982971906662,420.0,0.004000000189989805,0.30000001192092896,0.0,0.0,0.0,0.0,1.0000000116860974e-07,1.0000000116860974e-07,0.0,0.30000001192092896,420,,,,,,,,,,,,,
,2525,,,,,,,,,,,,,,,,,,,,,,,,,,,421,0.18454575538635254,1845.8350830078125,0.18454575538635254,0.44502952694892883,nan,nan,nan,0.0,1.0,3.775610457523726e-05,1.9475797671475448e-05,1.8280303265783004e-05,1.0
0.004,2526,,,,,,,,,,,,,,,,,,,,,,,,,,,,,,,,,,,,,,,,
,2531,0.18967895209789276,1897.129150390625,0.18967895209789276,0.3334067761898041,nan,nan,nan,0.0,1.0,3.396268584765494e-05,1.8245124010718428e-05,1.5717563655925915e-05,1.0,0.18972806632518768,0.18967895209789276,421.0,0.004000000189989805,0.30000001192092896,0.0,0.0,0.0,0.0,1.0000000116860974e-07,1.0000000116860974e-07,0.0,0.30000001192092896,421,,,,,,,,,,,,,
,2531,,,,,,,,,,,,,,,,,,,,,,,,,,,422,0.18487648665905,1849.1431884765625,0.18487648665905,0.4445755183696747,nan,nan,nan,0.0,1.0,3.783907959586941e-05,1.975447048607748e-05,1.8084609109791927e-05,1.0
0.004,2532,,,,,,,,,,,,,,,,,,,,,,,,,,,,,,,,,,,,,,,,
,2537,0.18988461792469025,1899.183349609375,0.18988461792469025,0.3283688724040985,nan,nan,nan,0.0,1.0,3.37103265337646e-05,1.791173781384714e-05,1.5798590538906865e-05,1.0,0.18983766436576843,0.18988461792469025,422.0,0.004000000189989805,0.30000001192092896,0.0,0.0,0.0,0.0,1.0000000116860974e-07,1.0000000116860974e-07,0.0,0.30000001192092896,422,,,,,,,,,,,,,
,2537,,,,,,,,,,,,,,,,,,,,,,,,,,,423,0.18455280363559723,1845.9061279296875,0.18455280363559723,0.4472866952419281,nan,nan,nan,0.0,1.0,3.782006024266593e-05,1.9903900465578772e-05,1.7916163415065967e-05,1.0
0.004,2538,,,,,,,,,,,,,,,,,,,,,,,,,,,,,,,,,,,,,,,,
,2543,0.18978627026081085,1898.1990966796875,0.18978627026081085,0.3307570517063141,nan,nan,nan,0.0,1.0,3.364528311067261e-05,1.7784641386242583e-05,1.5860641724430025e-05,1.0,0.18980169296264648,0.18978627026081085,423.0,0.004000000189989805,0.30000001192092896,0.0,0.0,0.0,0.0,1.0000000116860974e-07,1.0000000116860974e-07,0.0,0.30000001192092896,423,,,,,,,,,,,,,
,2543,,,,,,,,,,,,,,,,,,,,,,,,,,,424,0.18501485884189606,1850.5216064453125,0.18501485884189606,0.4401085674762726,nan,nan,nan,0.0,1.0,3.7301531847333536e-05,1.9249140677857213e-05,1.8052391169476323e-05,1.0
0.004,2544,,,,,,,,,,,,,,,,,,,,,,,,,,,,,,,,,,,,,,,,
,2549,0.18974240124225616,1897.762451171875,0.18974240124225616,0.3318081498146057,nan,nan,nan,0.0,1.0,3.3828717278083786e-05,1.7901666069519706e-05,1.592705120856408e-05,1.0,0.18976019322872162,0.18974240124225616,424.0,0.004000000189989805,0.30000001192092896,0.0,0.0,0.0,0.0,1.0000000116860974e-07,1.0000000116860974e-07,0.0,0.30000001192092896,424,,,,,,,,,,,,,
,2549,,,,,,,,,,,,,,,,,,,,,,,,,,,425,0.18496941030025482,1850.06640625,0.18496941030025482,0.44540131092071533,nan,nan,nan,0.0,1.0,3.723914051079191e-05,1.9340201106388122e-05,1.7898937585414387e-05,1.0
0.004,2550,,,,,,,,,,,,,,,,,,,,,,,,,,,,,,,,,,,,,,,,
,2555,0.18987788259983063,1899.1214599609375,0.18987788259983063,0.32852673530578613,nan,nan,nan,0.0,1.0,3.4266708098584786e-05,1.805547253752593e-05,1.621123738004826e-05,1.0,0.1898425817489624,0.18987788259983063,425.0,0.004000000189989805,0.30000001192092896,0.0,0.0,0.0,0.0,1.0000000116860974e-07,1.0000000116860974e-07,0.0,0.30000001192092896,425,,,,,,,,,,,,,
,2555,,,,,,,,,,,,,,,,,,,,,,,,,,,426,0.18450112640857697,1845.3834228515625,0.18450112640857697,0.4419136047363281,nan,nan,nan,0.0,1.0,3.7219760997686535e-05,1.9400944438530132e-05,1.7818816559156403e-05,1.0
0.004,2556,,,,,,,,,,,,,,,,,,,,,,,,,,,,,,,,,,,,,,,,
,2561,0.18979644775390625,1898.310302734375,0.18979644775390625,0.3305438756942749,nan,nan,nan,0.0,1.0,3.460007792455144e-05,1.8246970284963027e-05,1.635310945857782e-05,1.0,0.18981029093265533,0.18979644775390625,426.0,0.004000000189989805,0.30000001192092896,0.0,0.0,0.0,0.0,1.0000000116860974e-07,1.0000000116860974e-07,0.0,0.30000001192092896,426,,,,,,,,,,,,,
,2561,,,,,,,,,,,,,,,,,,,,,,,,,,,427,0.18438808619976044,1844.2581787109375,0.18438808619976044,0.4447575509548187,nan,nan,nan,0.0,1.0,3.772329000639729e-05,1.9712977518793195e-05,1.80103143065935e-05,1.0
0.004,2562,,,,,,,,,,,,,,,,,,,,,,,,,,,,,,,,,,,,,,,,
,2567,0.18986156582832336,1898.95947265625,0.18986156582832336,0.32892584800720215,nan,nan,nan,0.0,1.0,3.4379867429379374e-05,1.8287368220626377e-05,1.609249557077419e-05,1.0,0.1898461878299713,0.18986156582832336,427.0,0.004000000189989805,0.30000001192092896,0.0,0.0,0.0,0.0,1.0000000116860974e-07,1.0000000116860974e-07,0.0,0.30000001192092896,427,,,,,,,,,,,,,
,2567,,,,,,,,,,,,,,,,,,,,,,,,,,,428,0.18507230281829834,1851.1021728515625,0.18507230281829834,0.44441166520118713,nan,nan,nan,0.0,1.0,3.794023359660059e-05,1.982607318495866e-05,1.8114156773663126e-05,1.0
0.004,2568,,,,,,,,,,,,,,,,,,,,,,,,,,,,,,,,,,,,,,,,
,2573,0.1898549646139145,1898.8922119140625,0.1898549646139145,0.3290887176990509,nan,nan,nan,0.0,1.0,3.4277265513082966e-05,1.8296261259820312e-05,1.5981004253262654e-05,1.0,0.18985234200954437,0.1898549646139145,428.0,0.004000000189989805,0.30000001192092896,0.0,0.0,0.0,0.0,1.0000000116860974e-07,1.0000000116860974e-07,0.0,0.30000001192092896,428,,,,,,,,,,,,,
,2573,,,,,,,,,,,,,,,,,,,,,,,,,,,429,0.18444420397281647,1844.8233642578125,0.18444420397281647,0.4451521337032318,nan,nan,nan,0.0,1.0,3.812233990174718e-05,1.993433943425771e-05,1.8188002286478877e-05,1.0
0.004,2574,,,,,,,,,,,,,,,,,,,,,,,,,,,,,,,,,,,,,,,,
,2579,0.18994727730751038,1899.8160400390625,0.18994727730751038,0.3268219232559204,nan,nan,nan,0.0,1.0,3.431672666920349e-05,1.832142697821837e-05,1.599529969098512e-05,1.0,0.18991880118846893,0.18994727730751038,429.0,0.004000000189989805,0.30000001192092896,0.0,0.0,0.0,0.0,1.0000000116860974e-07,1.0000000116860974e-07,0.0,0.30000001192092896,429,,,,,,,,,,,,,
,2579,,,,,,,,,,,,,,,,,,,,,,,,,,,430,0.1848495751619339,1848.8748779296875,0.1848495751619339,0.44287991523742676,nan,nan,nan,0.0,1.0,3.791769631789066e-05,1.98033176275203e-05,1.8114382328349166e-05,1.0
0.004,2580,,,,,,,,,,,,,,,,,,,,,,,,,,,,,,,,,,,,,,,,
,2585,0.18984678387641907,1898.8111572265625,0.18984678387641907,0.3292650878429413,nan,nan,nan,0.0,1.0,3.432475932640955e-05,1.832343332353048e-05,1.6001327821868472e-05,1.0,0.18986839056015015,0.18984678387641907,430.0,0.004000000189989805,0.30000001192092896,0.0,0.0,0.0,0.0,1.0000000116860974e-07,1.0000000116860974e-07,0.0,0.30000001192092896,430,,,,,,,,,,,,,
,2585,,,,,,,,,,,,,,,,,,,,,,,,,,,431,0.18450306355953217,1845.4093017578125,0.18450306355953217,0.446679025888443,nan,nan,nan,0.0,1.0,3.786835804930888e-05,1.963538488780614e-05,1.823297316150274e-05,1.0
0.004,2586,,,,,,,,,,,,,,,,,,,,,,,,,,,,,,,,,,,,,,,,
,2591,0.18980811536312103,1898.4239501953125,0.18980811536312103,0.3302241563796997,nan,nan,nan,0.0,1.0,3.4270313335582614e-05,1.839609285525512e-05,1.5874220480327494e-05,1.0,0.18982620537281036,0.18980811536312103,431.0,0.004000000189989805,0.30000001192092896,0.0,0.0,0.0,0.0,1.0000000116860974e-07,1.0000000116860974e-07,0.0,0.30000001192092896,431,,,,,,,,,,,,,
,2591,,,,,,,,,,,,,,,,,,,,,,,,,,,432,0.18435724079608917,1843.9510498046875,0.18435724079608917,0.4467628002166748,nan,nan,nan,0.0,1.0,3.7855032132938504e-05,1.988245639950037e-05,1.7972575733438134e-05,1.0
0.004,2592,,,,,,,,,,,,,,,,,,,,,,,,,,,,,,,,,,,,,,,,
,2597,0.18976357579231262,1897.9722900390625,0.18976357579231262,0.3313353359699249,nan,nan,nan,0.0,1.0,3.36677476298064e-05,1.810146204661578e-05,1.5566287402180023e-05,1.0,0.18978235125541687,0.18976357579231262,432.0,0.004000000189989805,0.30000001192092896,0.0,0.0,0.0,0.0,1.0000000116860974e-07,1.0000000116860974e-07,0.0,0.30000001192092896,432,,,,,,,,,,,,,
,2597,,,,,,,,,,,,,,,,,,,,,,,,,,,433,0.18495112657546997,1849.88623046875,0.18495112657546997,0.4469064474105835,nan,nan,nan,0.0,1.0,3.749162351596169e-05,1.9682422134792432e-05,1.780920138116926e-05,1.0
0.004,2598,,,,,,,,,,,,,,,,,,,,,,,,,,,,,,,,,,,,,,,,
,2603,0.18969717621803284,1897.308349609375,0.18969717621803284,0.33293187618255615,nan,nan,nan,0.0,1.0,3.365631346241571e-05,1.8002212527790107e-05,1.56540991156362e-05,1.0,0.1897227168083191,0.18969717621803284,433.0,0.004000000189989805,0.30000001192092896,0.0,0.0,0.0,0.0,1.0000000116860974e-07,1.0000000116860974e-07,0.0,0.30000001192092896,433,,,,,,,,,,,,,
,2603,,,,,,,,,,,,,,,,,,,,,,,,,,,434,0.1844642013311386,1845.013671875,0.1844642013311386,0.44708529114723206,nan,nan,nan,0.0,1.0,3.718149309861474e-05,1.9619705199147575e-05,1.756179153744597e-05,1.0
0.004,2604,,,,,,,,,,,,,,,,,,,,,,,,,,,,,,,,,,,,,,,,
,2609,0.1896921545267105,1897.258544921875,0.1896921545267105,0.33305108547210693,nan,nan,nan,0.0,1.0,3.3703778171911836e-05,1.8076785636367276e-05,1.562699253554456e-05,1.0,0.18970131874084473,0.1896921545267105,434.0,0.004000000189989805,0.30000001192092896,0.0,0.0,0.0,0.0,1.0000000116860974e-07,1.0000000116860974e-07,0.0,0.30000001192092896,434,,,,,,,,,,,,,
,2609,,,,,,,,,,,,,,,,,,,,,,,,,,,435,0.18468976020812988,1847.2705078125,0.18468976020812988,0.4472567141056061,nan,nan,nan,0.0,1.0,3.728426236193627e-05,1.9615536075434648e-05,1.7668728105491027e-05,1.0
0.004,2610,,,,,,,,,,,,,,,,,,,,,,,,,,,,,,,,,,,,,,,,
,2615,0.18969415128231049,1897.2786865234375,0.18969415128231049,0.33301112055778503,nan,nan,nan,0.0,1.0,3.373044455656782e-05,1.8147427908843383e-05,1.5583018466713838e-05,1.0,0.1896962970495224,0.18969415128231049,435.0,0.004000000189989805,0.30000001192092896,0.0,0.0,0.0,0.0,1.0000000116860974e-07,1.0000000116860974e-07,0.0,0.30000001192092896,435,,,,,,,,,,,,,
,2615,,,,,,,,,,,,,,,,,,,,,,,,,,,436,0.18472403287887573,1847.6134033203125,0.18472403287887573,0.44779732823371887,nan,nan,nan,0.0,1.0,3.730258686118759e-05,1.952402453753166e-05,1.777856050466653e-05,1.0
0.004,2616,,,,,,,,,,,,,,,,,,,,,,,,,,,,,,,,,,,,,,,,
,2621,0.1899866759777069,1900.2042236328125,0.1899866759777069,0.3258904814720154,nan,nan,nan,0.0,1.0,3.372797800693661e-05,1.8365983123658225e-05,1.5361989426310174e-05,1.0,0.18989956378936768,0.1899866759777069,436.0,0.004000000189989805,0.30000001192092896,0.0,0.0,0.0,0.0,1.0000000116860974e-07,1.0000000116860974e-07,0.0,0.30000001192092896,436,,,,,,,,,,,,,
,2621,,,,,,,,,,,,,,,,,,,,,,,,,,,437,0.184515580534935,1845.53125,0.184515580534935,0.44707775115966797,nan,nan,nan,0.0,1.0,3.756745354621671e-05,1.9848621377605014e-05,1.7718832168611698e-05,1.0
0.004,2622,,,,,,,,,,,,,,,,,,,,,,,,,,,,,,,,,,,,,,,,
,2627,0.1897401660680771,1897.73828125,0.1897401660680771,0.3318614959716797,nan,nan,nan,0.0,1.0,3.3653919672360644e-05,1.8197102690464817e-05,1.545681880088523e-05,1.0,0.18978798389434814,0.1897401660680771,437.0,0.004000000189989805,0.30000001192092896,0.0,0.0,0.0,0.0,1.0000000116860974e-07,1.0000000116860974e-07,0.0,0.30000001192092896,437,,,,,,,,,,,,,
,2627,,,,,,,,,,,,,,,,,,,,,,,,,,,438,0.1847948580980301,1848.3245849609375,0.1847948580980301,0.44751250743865967,nan,nan,nan,0.0,1.0,3.760020263143815e-05,1.990983037103433e-05,1.7690374079393223e-05,1.0
0.004,2628,,,,,,,,,,,,,,,,,,,,,,,,,,,,,,,,,,,,,,,,
,2633,0.18970870971679688,1897.4241943359375,0.18970870971679688,0.3326331377029419,nan,nan,nan,0.0,1.0,3.371685670572333e-05,1.811462607292924e-05,1.5602228813804686e-05,1.0,0.18973249197006226,0.18970870971679688,438.0,0.004000000189989805,0.30000001192092896,0.0,0.0,0.0,0.0,1.0000000116860974e-07,1.0000000116860974e-07,0.0,0.30000001192092896,438,,,,,,,,,,,,,
,2633,,,,,,,,,,,,,,,,,,,,,,,,,,,439,0.18451322615146637,1845.5078125,0.18451322615146637,0.447317510843277,nan,nan,nan,0.0,1.0,3.753773125936277e-05,1.988481562875677e-05,1.7652911992627196e-05,1.0
0.004,2634,,,,,,,,,,,,,,,,,,,,,,,,,,,,,,,,,,,,,,,,
,2639,0.18965093791484833,1896.8455810546875,0.18965093791484833,0.33406445384025574,nan,nan,nan,0.0,1.0,3.362139250384644e-05,1.7879556253319606e-05,1.5741838069516234e-05,1.0,0.18967540562152863,0.18965093791484833,439.0,0.004000000189989805,0.30000001192092896,0.0,0.0,0.0,0.0,1.0000000116860974e-07,1.0000000116860974e-07,0.0,0.30000001192092896,439,,,,,,,,,,,,,
,2639,,,,,,,,,,,,,,,,,,,,,,,,,,,440,0.1845417469739914,1845.7904052734375,0.1845417469739914,0.4478567838668823,nan,nan,nan,0.0,1.0,3.728707451955415e-05,1.9687950043589808e-05,1.759912629495375e-05,1.0
0.004,2640,,,,,,,,,,,,,,,,,,,,,,,,,,,,,,,,,,,,,,,,
,2645,0.18987177312374115,1899.0535888671875,0.18987177312374115,0.32867714762687683,nan,nan,nan,0.0,1.0,3.358471076353453e-05,1.778383921191562e-05,1.580087155161891e-05,1.0,0.18981286883354187,0.18987177312374115,440.0,0.004000000189989805,0.30000001192092896,0.0,0.0,0.0,0.0,1.0000000116860974e-07,1.0000000116860974e-07,0.0,0.30000001192092896,440,,,,,,,,,,,,,
,2645,,,,,,,,,,,,,,,,,,,,,,,,,,,441,0.1847880333662033,1848.2509765625,0.1847880333662033,0.44956231117248535,nan,nan,nan,0.0,1.0,3.707528958329931e-05,1.936764965648763e-05,1.7707638107822277e-05,1.0
0.004,2646,,,,,,,,,,,,,,,,,,,,,,,,,,,,,,,,,,,,,,,,
,2651,0.18983691930770874,1898.7003173828125,0.18983691930770874,0.3295265734195709,nan,nan,nan,0.0,1.0,3.311044201836921e-05,1.778546538844239e-05,1.532498026790563e-05,1.0,0.18982970714569092,0.18983691930770874,441.0,0.004000000189989805,0.30000001192092896,0.0,0.0,0.0,0.0,1.0000000116860974e-07,1.0000000116860974e-07,0.0,0.30000001192092896,441,,,,,,,,,,,,,
,2651,,,,,,,,,,,,,,,,,,,,,,,,,,,442,0.18444257974624634,1844.798828125,0.18444257974624634,0.4498373568058014,nan,nan,nan,0.0,1.0,3.730857861228287e-05,1.9669130779220723e-05,1.7639446014072746e-05,1.0
0.004,2652,,,,,,,,,,,,,,,,,,,,,,,,,,,,,,,,,,,,,,,,
,2657,0.1898479014635086,1898.8114013671875,0.1898479014635086,0.32925692200660706,nan,nan,nan,0.0,1.0,3.324114004499279e-05,1.7767657482181676e-05,1.5473482562811114e-05,1.0,0.18984244763851166,0.1898479014635086,442.0,0.004000000189989805,0.30000001192092896,0.0,0.0,0.0,0.0,1.0000000116860974e-07,1.0000000116860974e-07,0.0,0.30000001192092896,442,,,,,,,,,,,,,
,2657,,,,,,,,,,,,,,,,,,,,,,,,,,,443,0.18464885652065277,1846.85693359375,0.18464885652065277,0.4462337791919708,nan,nan,nan,0.0,1.0,3.683526665554382e-05,1.9494860680424608e-05,1.734040597511921e-05,1.0
0.004,2658,,,,,,,,,,,,,,,,,,,,,,,,,,,,,,,,,,,,,,,,
,2663,0.18981605768203735,1898.4921875,0.18981605768203735,0.3300635516643524,nan,nan,nan,0.0,1.0,3.315551293781027e-05,1.7963138816412538e-05,1.5192371392913628e-05,1.0,0.18982398509979248,0.18981605768203735,443.0,0.004000000189989805,0.30000001192092896,0.0,0.0,0.0,0.0,1.0000000116860974e-07,1.0000000116860974e-07,0.0,0.30000001192092896,443,,,,,,,,,,,,,
,2663,,,,,,,,,,,,,,,,,,,,,,,,,,,444,0.1845710724592209,1846.0787353515625,0.1845710724592209,0.44880449771881104,nan,nan,nan,0.0,1.0,3.681649104692042e-05,1.949734905792866e-05,1.731914198899176e-05,1.0
0.004,2664,,,,,,,,,,,,,,,,,,,,,,,,,,,,,,,,,,,,,,,,
,2669,0.1901240348815918,1901.56884765625,0.1901240348815918,0.3225114047527313,nan,nan,nan,0.0,1.0,3.285753700765781e-05,1.7828355339588597e-05,1.5029180758574512e-05,1.0,0.19003401696681976,0.1901240348815918,444.0,0.004000000189989805,0.30000001192092896,0.0,0.0,0.0,0.0,1.0000000116860974e-07,1.0000000116860974e-07,0.0,0.30000001192092896,444,,,,,,,,,,,,,
,2669,,,,,,,,,,,,,,,,,,,,,,,,,,,445,0.18470399081707,1847.4078369140625,0.18470399081707,0.4452892243862152,nan,nan,nan,0.0,1.0,3.678359280456789e-05,1.962304668268189e-05,1.7160544302896596e-05,1.0
0.004,2670,,,,,,,,,,,,,,,,,,,,,,,,,,,,,,,,,,,,,,,,
,2675,0.18980911374092102,1898.4244384765625,0.18980911374092102,0.3301677107810974,nan,nan,nan,0.0,1.0,3.332097185193561e-05,1.8121727407560684e-05,1.5199248991848435e-05,1.0,0.18987658619880676,0.18980911374092102,445.0,0.004000000189989805,0.30000001192092896,0.0,0.0,0.0,0.0,1.0000000116860974e-07,1.0000000116860974e-07,0.0,0.30000001192092896,445,,,,,,,,,,,,,
,2675,,,,,,,,,,,,,,,,,,,,,,,,,,,446,0.18449722230434418,1845.3416748046875,0.18449722230434418,0.44813719391822815,nan,nan,nan,0.0,1.0,3.692847894853912e-05,1.961595808097627e-05,1.7312522686552256e-05,1.0
0.004,2676,,,,,,,,,,,,,,,,,,,,,,,,,,,,,,,,,,,,,,,,
,2681,0.18988455832004547,1899.1807861328125,0.18988455832004547,0.3283616304397583,nan,nan,nan,0.0,1.0,3.3505762985441834e-05,1.8236880350741558e-05,1.5268886272679083e-05,1.0,0.18988217413425446,0.18988455832004547,446.0,0.004000000189989805,0.30000001192092896,0.0,0.0,0.0,0.0,1.0000000116860974e-07,1.0000000116860974e-07,0.0,0.30000001192092896,446,,,,,,,,,,,,,
,2681,,,,,,,,,,,,,,,,,,,,,,,,,,,447,0.1843220740556717,1843.5909423828125,0.1843220740556717,0.44917187094688416,nan,nan,nan,0.0,1.0,3.704386472236365e-05,1.9807994249276817e-05,1.7235870473086834e-05,1.0
0.004,2682,,,,,,,,,,,,,,,,,,,,,,,,,,,,,,,,,,,,,,,,
,2687,0.19026680290699005,1903.0008544921875,0.19026680290699005,0.31909993290901184,nan,nan,nan,0.0,1.0,3.329888204461895e-05,1.8174447177443653e-05,1.5124438505154103e-05,1.0,0.1901514083147049,0.19026680290699005,447.0,0.004000000189989805,0.30000001192092896,0.0,0.0,0.0,0.0,1.0000000116860974e-07,1.0000000116860974e-07,0.0,0.30000001192092896,447,,,,,,,,,,,,,
,2687,,,,,,,,,,,,,,,,,,,,,,,,,,,448,0.18466664850711823,1847.0372314453125,0.18466664850711823,0.44493618607521057,nan,nan,nan,0.0,1.0,3.70768248103559e-05,1.968193282664288e-05,1.7394888345734216e-05,1.0
0.004,2688,,,,,,,,,,,,,,,,,,,,,,,,,,,,,,,,,,,,,,,,
,2693,0.18959438800811768,1896.2752685546875,0.18959438800811768,0.335442453622818,nan,nan,nan,0.0,1.0,3.313612614874728e-05,1.8147578884963877e-05,1.4988548173278105e-05,1.0,0.18976150453090668,0.18959438800811768,448.0,0.004000000189989805,0.30000001192092896,0.0,0.0,0.0,0.0,1.0000000116860974e-07,1.0000000116860974e-07,0.0,0.30000001192092896,448,,,,,,,,,,,,,
,2693,,,,,,,,,,,,,,,,,,,,,,,,,,,449,0.18447773158550262,1845.1466064453125,0.18447773158550262,0.4477144479751587,nan,nan,nan,0.0,1.0,3.6931101931259036e-05,1.9633042029454373e-05,1.7298059901804663e-05,1.0
0.004,2694,,,,,,,,,,,,,,,,,,,,,,,,,,,,,,,,,,,,,,,,
,2699,0.1898581087589264,1898.914794921875,0.1898581087589264,0.3290218412876129,nan,nan,nan,0.0,1.0,3.3383585105184466e-05,1.8313530745217577e-05,1.5070053450472187e-05,1.0,0.18982912600040436,0.1898581087589264,449.0,0.004000000189989805,0.30000001192092896,0.0,0.0,0.0,0.0,1.0000000116860974e-07,1.0000000116860974e-07,0.0,0.30000001192092896,449,,,,,,,,,,,,,
,2699,,,,,,,,,,,,,,,,,,,,,,,,,,,450,0.1842985600233078,1843.3543701171875,0.1842985600233078,0.4533637762069702,nan,nan,nan,0.0,1.0,3.687749631353654e-05,1.976542262127623e-05,1.7112077330239117e-05,1.0
0.004,2700,,,,,,,,,,,,,,,,,,,,,,,,,,,,,,,,,,,,,,,,
,2705,0.18984588980674744,1898.7900390625,0.18984588980674744,0.32929906249046326,nan,nan,nan,0.0,1.0,3.310656393296085e-05,1.8104279661201872e-05,1.5002286090748385e-05,1.0,0.18984085321426392,0.18984588980674744,450.0,0.004000000189989805,0.30000001192092896,0.0,0.0,0.0,0.0,1.0000000116860974e-07,1.0000000116860974e-07,0.0,0.30000001192092896,450,,,,,,,,,,,,,
,2705,,,,,,,,,,,,,,,,,,,,,,,,,,,451,0.18476200103759766,1847.9896240234375,0.18476200103759766,0.44713282585144043,nan,nan,nan,0.0,1.0,3.69726367352996e-05,1.984323898795992e-05,1.712940320430789e-05,1.0
0.004,2706,,,,,,,,,,,,,,,,,,,,,,,,,,,,,,,,,,,,,,,,
,2711,0.1898670196533203,1899.0025634765625,0.1898670196533203,0.32882213592529297,nan,nan,nan,0.0,1.0,3.3251202694373205e-05,1.8203700165031478e-05,1.504749889136292e-05,1.0,0.18985916674137115,0.1898670196533203,451.0,0.004000000189989805,0.30000001192092896,0.0,0.0,0.0,0.0,1.0000000116860974e-07,1.0000000116860974e-07,0.0,0.30000001192092896,451,,,,,,,,,,,,,
,2711,,,,,,,,,,,,,,,,,,,,,,,,,,,452,0.18427729606628418,1843.1390380859375,0.18427729606628418,0.45241808891296387,nan,nan,nan,0.0,1.0,3.660478614619933e-05,1.970364792214241e-05,1.690113640506752e-05,1.0
0.004,2712,,,,,,,,,,,,,,,,,,,,,,,,,,,,,,,,,,,,,,,,
,2717,0.18989913165569305,1899.326416015625,0.18989913165569305,0.32801225781440735,nan,nan,nan,0.0,1.0,3.3511903893668205e-05,1.8676069885259494e-05,1.483583400840871e-05,1.0,0.189887136220932,0.18989913165569305,452.0,0.004000000189989805,0.30000001192092896,0.0,0.0,0.0,0.0,1.0000000116860974e-07,1.0000000116860974e-07,0.0,0.30000001192092896,452,,,,,,,,,,,,,
,2717,,,,,,,,,,,,,,,,,,,,,,,,,,,453,0.1845647543668747,1846.0177001953125,0.1845647543668747,0.45458468794822693,nan,nan,nan,0.0,1.0,3.7037443689769134e-05,2.0067900550202467e-05,1.696953950158786e-05,1.0
0.004,2718,,,,,,,,,,,,,,,,,,,,,,,,,,,,,,,,,,,,,,,,
,2723,0.1897023469209671,1897.3580322265625,0.1897023469209671,0.3328178822994232,nan,nan,nan,0.0,1.0,3.3443717256886885e-05,1.8492204617359675e-05,1.4951516277506016e-05,1.0,0.18975777924060822,0.1897023469209671,453.0,0.004000000189989805,0.30000001192092896,0.0,0.0,0.0,0.0,1.0000000116860974e-07,1.0000000116860974e-07,0.0,0.30000001192092896,453,,,,,,,,,,,,,
,2723,,,,,,,,,,,,,,,,,,,,,,,,,,,454,0.18459552526474,1846.3262939453125,0.18459552526474,0.4486275911331177,nan,nan,nan,0.0,1.0,3.710758392116986e-05,2.0180244973744266e-05,1.6927338947425596e-05,1.0
0.004,2724,,,,,,,,,,,,,,,,,,,,,,,,,,,,,,,,,,,,,,,,
,2729,0.18970313668251038,1897.366943359375,0.18970313668251038,0.33282190561294556,nan,nan,nan,0.0,1.0,3.355002263560891e-05,1.8318325601285324e-05,1.5231693396344781e-05,1.0,0.1897195279598236,0.18970313668251038,454.0,0.004000000189989805,0.30000001192092896,0.0,0.0,0.0,0.0,1.0000000116860974e-07,1.0000000116860974e-07,0.0,0.30000001192092896,454,,,,,,,,,,,,,
,2729,,,,,,,,,,,,,,,,,,,,,,,,,,,455,0.1844131499528885,1844.5057373046875,0.1844131499528885,0.4525192677974701,nan,nan,nan,0.0,1.0,3.740284955711104e-05,2.0130335542489775e-05,1.7272517652600072e-05,1.0
0.004,2730,,,,,,,,,,,,,,,,,,,,,,,,,,,,,,,,,,,,,,,,
,2735,0.1897195726633072,1897.5294189453125,0.1897195726633072,0.3324088454246521,nan,nan,nan,0.0,1.0,3.336899681016803e-05,1.8257314877700992e-05,1.5111681932467036e-05,1.0,0.189719557762146,0.1897195726633072,455.0,0.004000000189989805,0.30000001192092896,0.0,0.0,0.0,0.0,1.0000000116860974e-07,1.0000000116860974e-07,0.0,0.30000001192092896,455,,,,,,,,,,,,,
,2735,,,,,,,,,,,,,,,,,,,,,,,,,,,456,0.18441905081272125,1844.56494140625,0.18441905081272125,0.4514031410217285,nan,nan,nan,0.0,1.0,3.744356581592001e-05,1.996874198084697e-05,1.747482383507304e-05,1.0
0.004,2736,,,,,,,,,,,,,,,,,,,,,,,,,,,,,,,,,,,,,,,,
,2741,0.1896798014640808,1897.126953125,0.1896798014640808,0.33335644006729126,nan,nan,nan,0.0,1.0,3.2883312087506056e-05,1.7929722162079997e-05,1.4953588106436655e-05,1.0,0.1896917223930359,0.1896798014640808,456.0,0.004000000189989805,0.30000001192092896,0.0,0.0,0.0,0.0,1.0000000116860974e-07,1.0000000116860974e-07,0.0,0.30000001192092896,456,,,,,,,,,,,,,
,2741,,,,,,,,,,,,,,,,,,,,,,,,,,,457,0.18432794511318207,1843.6453857421875,0.18432794511318207,0.45171594619750977,nan,nan,nan,0.0,1.0,3.6607758374884725e-05,1.943611459864769e-05,1.7171643776237033e-05,1.0
0.004,2742,,,,,,,,,,,,,,,,,,,,,,,,,,,,,,,,,,,,,,,,
,2747,0.18990261852741241,1899.3541259765625,0.18990261852741241,0.32795241475105286,nan,nan,nan,0.0,1.0,3.278710937593132e-05,1.7888085494632833e-05,1.4899024790793192e-05,1.0,0.18983934819698334,0.18990261852741241,457.0,0.004000000189989805,0.30000001192092896,0.0,0.0,0.0,0.0,1.0000000116860974e-07,1.0000000116860974e-07,0.0,0.30000001192092896,457,,,,,,,,,,,,,
,2747,,,,,,,,,,,,,,,,,,,,,,,,,,,458,0.18461591005325317,1846.5225830078125,0.18461591005325317,0.45166054368019104,nan,nan,nan,0.0,1.0,3.635534085333347e-05,1.9368422726984136e-05,1.6986918126349337e-05,1.0
0.004,2748,,,,,,,,,,,,,,,,,,,,,,,,,,,,,,,,,,,,,,,,
,2753,0.1896923929452896,1897.25634765625,0.1896923929452896,0.33304473757743835,nan,nan,nan,0.0,1.0,3.3246375096496195e-05,1.834938484535087e-05,1.4896989341650624e-05,1.0,0.1897364854812622,0.1896923929452896,458.0,0.004000000189989805,0.30000001192092896,0.0,0.0,0.0,0.0,1.0000000116860974e-07,1.0000000116860974e-07,0.0,0.30000001192092896,458,,,,,,,,,,,,,
,2753,,,,,,,,,,,,,,,,,,,,,,,,,,,459,0.18433071672916412,1843.671875,0.18433071672916412,0.4530254900455475,nan,nan,nan,0.0,1.0,3.6463879951043054e-05,1.9503559087752365e-05,1.6960324501269497e-05,1.0
0.004,2754,,,,,,,,,,,,,,,,,,,,,,,,,,,,,,,,,,,,,,,,
,2759,0.18957583606243134,1896.0963134765625,0.18957583606243134,0.33590468764305115,nan,nan,nan,0.0,1.0,3.3784413972171023e-05,1.852346395025961e-05,1.526095365989022e-05,1.0,0.18962402641773224,0.18957583606243134,459.0,0.004000000189989805,0.30000001192092896,0.0,0.0,0.0,0.0,1.0000000116860974e-07,1.0000000116860974e-07,0.0,0.30000001192092896,459,,,,,,,,,,,,,
,2759,,,,,,,,,,,,,,,,,,,,,,,,,,,460,0.18460220098495483,1846.39404296875,0.18460220098495483,0.45074549317359924,nan,nan,nan,0.0,1.0,3.720362656167708e-05,2.0078781744814478e-05,1.7124842997873202e-05,1.0
0.004,2760,,,,,,,,,,,,,,,,,,,,,,,,,,,,,,,,,,,,,,,,
,2765,0.18974092602729797,1897.74365234375,0.18974092602729797,0.3318949043750763,nan,nan,nan,0.0,1.0,3.345109143992886e-05,1.8076558262691833e-05,1.537453499622643e-05,1.0,0.18970584869384766,0.18974092602729797,460.0,0.004000000189989805,0.30000001192092896,0.0,0.0,0.0,0.0,1.0000000116860974e-07,1.0000000116860974e-07,0.0,0.30000001192092896,460,,,,,,,,,,,,,
,2765,,,,,,,,,,,,,,,,,,,,,,,,,,,461,0.1839309185743332,1839.6812744140625,0.1839309185743332,0.45465147495269775,nan,nan,nan,0.0,1.0,3.72178947145585e-05,1.990803320950363e-05,1.730986150505487e-05,1.0
0.004,2766,,,,,,,,,,,,,,,,,,,,,,,,,,,,,,,,,,,,,,,,
,2771,0.18977902829647064,1898.121337890625,0.18977902829647064,0.3309386372566223,nan,nan,nan,0.0,1.0,3.311204272904433e-05,1.8117212675861083e-05,1.4994825505709741e-05,1.0,0.1897570639848709,0.18977902829647064,461.0,0.004000000189989805,0.30000001192092896,0.0,0.0,0.0,0.0,1.0000000116860974e-07,1.0000000116860974e-07,0.0,0.30000001192092896,461,,,,,,,,,,,,,
,2771,,,,,,,,,,,,,,,,,,,,,,,,,,,462,0.18449807167053223,1845.3509521484375,0.18449807167053223,0.451919287443161,nan,nan,nan,0.0,1.0,3.700091838254593e-05,1.9607208741945215e-05,1.7393707821611315e-05,1.0
0.004,2772,,,,,,,,,,,,,,,,,,,,,,,,,,,,,,,,,,,,,,,,
,2777,0.18983808159828186,1898.712158203125,0.18983808159828186,0.32949164509773254,nan,nan,nan,0.0,1.0,3.312639455543831e-05,1.84597447514534e-05,1.4666651622974314e-05,1.0,0.1898137629032135,0.18983808159828186,462.0,0.004000000189989805,0.30000001192092896,0.0,0.0,0.0,0.0,1.0000000116860974e-07,1.0000000116860974e-07,0.0,0.30000001192092896,462,,,,,,,,,,,,,
,2777,,,,,,,,,,,,,,,,,,,,,,,,,,,463,0.18407092988491058,1841.0792236328125,0.18407092988491058,0.4548476040363312,nan,nan,nan,0.0,1.0,3.7005633203079924e-05,2.0036730347783305e-05,1.6968901036307216e-05,1.0
0.004,2778,,,,,,,,,,,,,,,,,,,,,,,,,,,,,,,,,,,,,,,,
,2783,0.18961794674396515,1896.512451171875,0.18961794674396515,0.3348465859889984,nan,nan,nan,0.0,1.0,3.329381434014067e-05,1.8558353986009024e-05,1.4735460354131646e-05,1.0,0.1896766871213913,0.18961794674396515,463.0,0.004000000189989805,0.30000001192092896,0.0,0.0,0.0,0.0,1.0000000116860974e-07,1.0000000116860974e-07,0.0,0.30000001192092896,463,,,,,,,,,,,,,
,2783,,,,,,,,,,,,,,,,,,,,,,,,,,,464,0.18418186902999878,1842.1851806640625,0.18418186902999878,0.4554663598537445,nan,nan,nan,0.0,1.0,3.666174234240316e-05,1.9937508113798685e-05,1.6724230590625666e-05,1.0
0.004,2784,,,,,,,,,,,,,,,,,,,,,,,,,,,,,,,,,,,,,,,,
,2789,0.18984806537628174,1898.81396484375,0.18984806537628174,0.329247385263443,nan,nan,nan,0.0,1.0,3.333883796585724e-05,1.8358652596361935e-05,1.4980185369495302e-05,1.0,0.18979664146900177,0.18984806537628174,464.0,0.004000000189989805,0.30000001192092896,0.0,0.0,0.0,0.0,1.0000000116860974e-07,1.0000000116860974e-07,0.0,0.30000001192092896,464,,,,,,,,,,,,,
,2789,,,,,,,,,,,,,,,,,,,,,,,,,,,465,0.18458859622478485,1846.2552490234375,0.18458859622478485,0.45357608795166016,nan,nan,nan,0.0,1.0,3.692882091854699e-05,2.001475149882026e-05,1.6914067600737326e-05,1.0
0.004,2790,,,,,,,,,,,,,,,,,,,,,,,,,,,,,,,,,,,,,,,,
,2795,0.1899004876613617,1899.341064453125,0.1899004876613617,0.32795342803001404,nan,nan,nan,0.0,1.0,3.358850153745152e-05,1.8328120859223418e-05,1.5260382497217506e-05,1.0,0.18986932933330536,0.1899004876613617,465.0,0.004000000189989805,0.30000001192092896,0.0,0.0,0.0,0.0,1.0000000116860974e-07,1.0000000116860974e-07,0.0,0.30000001192092896,465,,,,,,,,,,,,,
,2795,,,,,,,,,,,,,,,,,,,,,,,,,,,466,0.18470539152622223,1847.4285888671875,0.18470539152622223,0.44937920570373535,nan,nan,nan,0.0,1.0,3.7471854739123955e-05,2.009221861953847e-05,1.7379636119585484e-05,1.0
0.004,2796,,,,,,,,,,,,,,,,,,,,,,,,,,,,,,,,,,,,,,,,
,2801,0.18985143303871155,1898.8544921875,0.18985143303871155,0.32916373014450073,nan,nan,nan,0.0,1.0,3.400240166229196e-05,1.8714168618316762e-05,1.52882348629646e-05,1.0,0.18985681235790253,0.18985143303871155,466.0,0.004000000189989805,0.30000001192092896,0.0,0.0,0.0,0.0,1.0000000116860974e-07,1.0000000116860974e-07,0.0,0.30000001192092896,466,,,,,,,,,,,,,
,2801,,,,,,,,,,,,,,,,,,,,,,,,,,,467,0.18417899310588837,1842.1639404296875,0.18417899310588837,0.4527532756328583,nan,nan,nan,0.0,1.0,3.738637678907253e-05,1.9958659322583117e-05,1.742772110446822e-05,1.0
0.004,2802,,,,,,,,,,,,,,,,,,,,,,,,,,,,,,,,,,,,,,,,
,2807,0.1898479014635086,1898.8179931640625,0.1898479014635086,0.3292306363582611,nan,nan,nan,0.0,1.0,3.388630648260005e-05,1.8811582776834257e-05,1.5074724615260493e-05,1.0,0.1898505836725235,0.1898479014635086,467.0,0.004000000189989805,0.30000001192092896,0.0,0.0,0.0,0.0,1.0000000116860974e-07,1.0000000116860974e-07,0.0,0.30000001192092896,467,,,,,,,,,,,,,
,2807,,,,,,,,,,,,,,,,,,,,,,,,,,,468,0.1841399073600769,1841.7744140625,0.1841399073600769,0.4494076073169708,nan,nan,nan,0.0,1.0,3.755333091248758e-05,2.0421308363438584e-05,1.713201891107019e-05,1.0
0.004,2808,,,,,,,,,,,,,,,,,,,,,,,,,,,,,,,,,,,,,,,,
,2813,0.19011251628398895,1901.459716796875,0.19011251628398895,0.32278215885162354,nan,nan,nan,0.0,1.0,3.3454951335443184e-05,1.8439608538756147e-05,1.501533915870823e-05,1.0,0.1900339275598526,0.19011251628398895,468.0,0.004000000189989805,0.30000001192092896,0.0,0.0,0.0,0.0,1.0000000116860974e-07,1.0000000116860974e-07,0.0,0.30000001192092896,468,,,,,,,,,,,,,
,2813,,,,,,,,,,,,,,,,,,,,,,,,,,,469,0.1841316968202591,1841.6920166015625,0.1841316968202591,0.45638012886047363,nan,nan,nan,0.0,1.0,3.751160329557024e-05,2.040218714682851e-05,1.7109414329752326e-05,1.0
0.004,2814,,,,,,,,,,,,,,,,,,,,,,,,,,,,,,,,,,,,,,,,
,2819,0.1898554563522339,1898.892822265625,0.1898554563522339,0.32901743054389954,nan,nan,nan,0.0,1.0,3.381966598681174e-05,1.8604427168611437e-05,1.5215238818200305e-05,1.0,0.18990901112556458,0.1898554563522339,469.0,0.004000000189989805,0.30000001192092896,0.0,0.0,0.0,0.0,1.0000000116860974e-07,1.0000000116860974e-07,0.0,0.30000001192092896,469,,,,,,,,,,,,,
,2819,,,,,,,,,,,,,,,,,,,,,,,,,,,470,0.18418878316879272,1842.2601318359375,0.18418878316879272,0.45383933186531067,nan,nan,nan,0.0,1.0,3.722083420143463e-05,2.007482726185117e-05,1.7146005120594054e-05,1.0
0.004,2820,,,,,,,,,,,,,,,,,,,,,,,,,,,,,,,,,,,,,,,,
,2825,0.19003789126873016,1900.7161865234375,0.19003789126873016,0.32462844252586365,nan,nan,nan,0.0,1.0,3.3726832043612376e-05,1.8388840544503182e-05,1.533798968011979e-05,1.0,0.18999922275543213,0.19003789126873016,470.0,0.004000000189989805,0.30000001192092896,0.0,0.0,0.0,0.0,1.0000000116860974e-07,1.0000000116860974e-07,0.0,0.30000001192092896,470,,,,,,,,,,,,,
,2825,,,,,,,,,,,,,,,,,,,,,,,,,,,471,0.18419450521469116,1842.3203125,0.18419450521469116,0.4525449573993683,nan,nan,nan,0.0,1.0,3.753315468202345e-05,2.0225350453983992e-05,1.7307802409050055e-05,1.0
0.004,2826,,,,,,,,,,,,,,,,,,,,,,,,,,,,,,,,,,,,,,,,
,2831,0.189837247133255,1898.7110595703125,0.189837247133255,0.3294737935066223,nan,nan,nan,0.0,1.0,3.384342562640086e-05,1.8214112060377374e-05,1.5629313566023484e-05,1.0,0.18988583981990814,0.189837247133255,471.0,0.004000000189989805,0.30000001192092896,0.0,0.0,0.0,0.0,1.0000000116860974e-07,1.0000000116860974e-07,0.0,0.30000001192092896,471,,,,,,,,,,,,,
,2831,,,,,,,,,,,,,,,,,,,,,,,,,,,472,0.18442417681217194,1844.61669921875,0.18442417681217194,0.4535447061061859,nan,nan,nan,0.0,1.0,3.7487377994693816e-05,1.9991770386695862e-05,1.749561124597676e-05,1.0
0.004,2832,,,,,,,,,,,,,,,,,,,,,,,,,,,,,,,,,,,,,,,,
,2837,0.18991294503211975,1899.4683837890625,0.18991294503211975,0.32764962315559387,nan,nan,nan,0.0,1.0,3.3908039767993614e-05,1.817797055991832e-05,1.5730069208075292e-05,1.0,0.1899048089981079,0.18991294503211975,472.0,0.004000000189989805,0.30000001192092896,0.0,0.0,0.0,0.0,1.0000000116860974e-07,1.0000000116860974e-07,0.0,0.30000001192092896,472,,,,,,,,,,,,,
,2837,,,,,,,,,,,,,,,,,,,,,,,,,,,473,0.18417315185070038,1842.1041259765625,0.18417315185070038,0.4497150480747223,nan,nan,nan,0.0,1.0,3.728223600774072e-05,1.9812991013168357e-05,1.7469246813561767e-05,1.0
0.004,2838,,,,,,,,,,,,,,,,,,,,,,,,,,,,,,,,,,,,,,,,
,2843,0.1898428052663803,1898.77197265625,0.1898428052663803,0.3293831944465637,nan,nan,nan,0.0,1.0,3.439524152781814e-05,1.8444845409248956e-05,1.5950394299579784e-05,1.0,0.18986140191555023,0.1898428052663803,473.0,0.004000000189989805,0.30000001192092896,0.0,0.0,0.0,0.0,1.0000000116860974e-07,1.0000000116860974e-07,0.0,0.30000001192092896,473,,,,,,,,,,,,,
,2843,,,,,,,,,,,,,,,,,,,,,,,,,,,474,0.1843758374452591,1844.1358642578125,0.1843758374452591,0.4531623423099518,nan,nan,nan,0.0,1.0,3.775734148803167e-05,1.9896981029887684e-05,1.7860364096122794e-05,1.0
0.004,2844,,,,,,,,,,,,,,,,,,,,,,,,,,,,,,,,,,,,,,,,
,2849,0.19018322229385376,1902.1768798828125,0.19018322229385376,0.32110822200775146,nan,nan,nan,0.0,1.0,3.4450327802915126e-05,1.8710850781644695e-05,1.573948065924924e-05,1.0,0.19008667767047882,0.19018322229385376,474.0,0.004000000189989805,0.30000001192092896,0.0,0.0,0.0,0.0,1.0000000116860974e-07,1.0000000116860974e-07,0.0,0.30000001192092896,474,,,,,,,,,,,,,
,2849,,,,,,,,,,,,,,,,,,,,,,,,,,,475,0.18440990149974823,1844.4788818359375,0.18440990149974823,0.4553684890270233,nan,nan,nan,0.0,1.0,3.797740282607265e-05,2.0056546418345533e-05,1.792085822671652e-05,1.0
0.004,2850,,,,,,,,,,,,,,,,,,,,,,,,,,,,,,,,,,,,,,,,
,2855,0.18981152772903442,1898.4599609375,0.18981152772903442,0.3301490545272827,nan,nan,nan,0.0,1.0,3.4487842640373856e-05,1.873861583590042e-05,1.5749221347505227e-05,1.0,0.18989408016204834,0.18981152772903442,475.0,0.004000000189989805,0.30000001192092896,0.0,0.0,0.0,0.0,1.0000000116860974e-07,1.0000000116860974e-07,0.0,0.30000001192092896,475,,,,,,,,,,,,,
,2855,,,,,,,,,,,,,,,,,,,,,,,,,,,476,0.18428166210651398,1843.19677734375,0.18428166210651398,0.4573477506637573,nan,nan,nan,0.0,1.0,3.800437843892723e-05,2.0297242372180335e-05,1.77071378857363e-05,1.0
0.004,2856,,,,,,,,,,,,,,,,,,,,,,,,,,,,,,,,,,,,,,,,
,2861,0.189750537276268,1897.8482666015625,0.189750537276268,0.3316187262535095,nan,nan,nan,0.0,1.0,3.4265969588886946e-05,1.8652586732059717e-05,1.561338285682723e-05,1.0,0.18979360163211823,0.189750537276268,476.0,0.004000000189989805,0.30000001192092896,0.0,0.0,0.0,0.0,1.0000000116860974e-07,1.0000000116860974e-07,0.0,0.30000001192092896,476,,,,,,,,,,,,,
,2861,,,,,,,,,,,,,,,,,,,,,,,,,,,477,0.18418069183826447,1842.1844482421875,0.18418069183826447,0.4567216634750366,nan,nan,nan,0.0,1.0,3.774662400246598e-05,2.012904042203445e-05,1.761758358043153e-05,1.0
0.004,2862,,,,,,,,,,,,,,,,,,,,,,,,,,,,,,,,,,,,,,,,
,2867,0.1899595558643341,1899.9381103515625,0.1899595558643341,0.32654404640197754,nan,nan,nan,0.0,1.0,3.4280681575182825e-05,1.8628470570547506e-05,1.565221100463532e-05,1.0,0.18990977108478546,0.1899595558643341,477.0,0.004000000189989805,0.30000001192092896,0.0,0.0,0.0,0.0,1.0000000116860974e-07,1.0000000116860974e-07,0.0,0.30000001192092896,477,,,,,,,,,,,,,
,2867,,,,,,,,,,,,,,,,,,,,,,,,,,,478,0.1844542771577835,1844.9222412109375,0.1844542771577835,0.45812854170799255,nan,nan,nan,0.0,1.0,3.7948950193822384e-05,2.0295006834203377e-05,1.7653943359619007e-05,1.0
0.004,2868,,,,,,,,,,,,,,,,,,,,,,,,,,,,,,,,,,,,,,,,
,2873,0.18977497518062592,1898.0947265625,0.18977497518062592,0.33105719089508057,nan,nan,nan,0.0,1.0,3.4498061722842976e-05,1.8800998077495024e-05,1.5697065464337356e-05,1.0,0.18981541693210602,0.18977497518062592,478.0,0.004000000189989805,0.30000001192092896,0.0,0.0,0.0,0.0,1.0000000116860974e-07,1.0000000116860974e-07,0.0,0.30000001192092896,478,,,,,,,,,,,,,
,2873,,,,,,,,,,,,,,,,,,,,,,,,,,,479,0.18418854475021362,1842.2662353515625,0.18418854475021362,0.4579251706600189,nan,nan,nan,0.0,1.0,3.8092901377240196e-05,2.034372118941974e-05,1.7749180187820457e-05,1.0
0.004,2874,,,,,,,,,,,,,,,,,,,,,,,,,,,,,,,,,,,,,,,,
,2879,0.18988321721553802,1899.1796875,0.18988321721553802,0.3283882439136505,nan,nan,nan,0.0,1.0,3.47621607943438e-05,1.8461329091223888e-05,1.630083170311991e-05,1.0,0.18986287713050842,0.18988321721553802,479.0,0.004000000189989805,0.30000001192092896,0.0,0.0,0.0,0.0,1.0000000116860974e-07,1.0000000116860974e-07,0.0,0.30000001192092896,479,,,,,,,,,,,,,
,2879,,,,,,,,,,,,,,,,,,,,,,,,,,,480,0.18471956253051758,1847.5771484375,0.18471956253051758,0.45245423913002014,nan,nan,nan,0.0,1.0,3.812898648902774e-05,2.0329849576228298e-05,1.779913691279944e-05,1.0
0.004,2880,,,,,,,,,,,,,,,,,,,,,,,,,,,,,,,,,,,,,,,,
,2885,0.18987423181533813,1899.0853271484375,0.18987423181533813,0.3285999298095703,nan,nan,nan,0.0,1.0,3.430256401770748e-05,1.8128226656699553e-05,1.6174339179997332e-05,1.0,0.18987083435058594,0.18987423181533813,480.0,0.004000000189989805,0.30000001192092896,0.0,0.0,0.0,0.0,1.0000000116860974e-07,1.0000000116860974e-07,0.0,0.30000001192092896,480,,,,,,,,,,,,,
,2885,,,,,,,,,,,,,,,,,,,,,,,,,,,481,0.18432565033435822,1843.6380615234375,0.18432565033435822,0.45676207542419434,nan,nan,nan,0.0,1.0,3.815541640506126e-05,1.991553835978266e-05,1.82398780452786e-05,1.0
0.004,2886,,,,,,,,,,,,,,,,,,,,,,,,,,,,,,,,,,,,,,,,
,2891,0.18979957699775696,1898.334228515625,0.18979957699775696,0.3304261863231659,nan,nan,nan,0.0,1.0,3.3860553230624646e-05,1.793167757568881e-05,1.5928873835946433e-05,1.0,0.18982096016407013,0.18979957699775696,481.0,0.004000000189989805,0.30000001192092896,0.0,0.0,0.0,0.0,1.0000000116860974e-07,1.0000000116860974e-07,0.0,0.30000001192092896,481,,,,,,,,,,,,,
,2891,,,,,,,,,,,,,,,,,,,,,,,,,,,482,0.18417374789714813,1842.1173095703125,0.18417374789714813,0.45540478825569153,nan,nan,nan,0.0,1.0,3.7980935303494334e-05,1.981493187486194e-05,1.8166005247621797e-05,1.0
0.004,2892,,,,,,,,,,,,,,,,,,,,,,,,,,,,,,,,,,,,,,,,
,2897,0.18977077305316925,1898.0389404296875,0.18977077305316925,0.33115437626838684,nan,nan,nan,0.0,1.0,3.3118922146968544e-05,1.7633192328503355e-05,1.5485727999475785e-05,1.0,0.18978583812713623,0.18977077305316925,482.0,0.004000000189989805,0.30000001192092896,0.0,0.0,0.0,0.0,1.0000000116860974e-07,1.0000000116860974e-07,0.0,0.30000001192092896,482,,,,,,,,,,,,,
,2897,,,,,,,,,,,,,,,,,,,,,,,,,,,483,0.18416590988636017,1842.03076171875,0.18416590988636017,0.4576164186000824,nan,nan,nan,0.0,1.0,3.716745050041936e-05,1.9603647160693072e-05,1.7563805158715695e-05,1.0
0.004,2898,,,,,,,,,,,,,,,,,,,,,,,,,,,,,,,,,,,,,,,,
,2903,0.18983414769172668,1898.678955078125,0.18983414769172668,0.3295998275279999,nan,nan,nan,0.0,1.0,3.3752377930795774e-05,1.8258393538417295e-05,1.549398439237848e-05,1.0,0.18981966376304626,0.18983414769172668,483.0,0.004000000189989805,0.30000001192092896,0.0,0.0,0.0,0.0,1.0000000116860974e-07,1.0000000116860974e-07,0.0,0.30000001192092896,483,,,,,,,,,,,,,
,2903,,,,,,,,,,,,,,,,,,,,,,,,,,,484,0.18419599533081055,1842.3302001953125,0.18419599533081055,0.45859482884407043,nan,nan,nan,0.0,1.0,3.702003959915601e-05,1.9623392290668562e-05,1.739664548949804e-05,1.0
0.004,2904,,,,,,,,,,,,,,,,,,,,,,,,,,,,,,,,,,,,,,,,
,2909,0.1898682415485382,1899.0269775390625,0.1898682415485382,0.3287389576435089,nan,nan,nan,0.0,1.0,3.445605034357868e-05,1.8911734514404088e-05,1.5544315829174593e-05,1.0,0.18985366821289062,0.1898682415485382,484.0,0.004000000189989805,0.30000001192092896,0.0,0.0,0.0,0.0,1.0000000116860974e-07,1.0000000116860974e-07,0.0,0.30000001192092896,484,,,,,,,,,,,,,
,2909,,,,,,,,,,,,,,,,,,,,,,,,,,,485,0.18424946069717407,1842.8695068359375,0.18424946069717407,0.46007370948791504,nan,nan,nan,0.0,1.0,3.749412644538097e-05,2.024210880335886e-05,1.7252015823032707e-05,1.0
0.004,2910,,,,,,,,,,,,,,,,,,,,,,,,,,,,,,,,,,,,,,,,
,2915,0.18999934196472168,1900.3427734375,0.18999934196472168,0.3255646824836731,nan,nan,nan,0.0,1.0,3.492008545435965e-05,1.888837323349435e-05,1.6031710401875898e-05,1.0,0.18995563685894012,0.18999934196472168,485.0,0.004000000189989805,0.30000001192092896,0.0,0.0,0.0,0.0,1.0000000116860974e-07,1.0000000116860974e-07,0.0,0.30000001192092896,485,,,,,,,,,,,,,
,2915,,,,,,,,,,,,,,,,,,,,,,,,,,,486,0.18432378768920898,1843.62158203125,0.18432378768920898,0.4552934169769287,nan,nan,nan,0.0,1.0,3.8368187233572826e-05,2.0667641365434974e-05,1.7700542230159044e-05,1.0
0.004,2916,,,,,,,,,,,,,,,,,,,,,,,,,,,,,,,,,,,,,,,,
,2921,0.18995161354541779,1899.862548828125,0.18995161354541779,0.32671892642974854,nan,nan,nan,0.0,1.0,3.464565452304669e-05,1.837446507124696e-05,1.6271187632810324e-05,1.0,0.1899528205394745,0.18995161354541779,486.0,0.004000000189989805,0.30000001192092896,0.0,0.0,0.0,0.0,1.0000000116860974e-07,1.0000000116860974e-07,0.0,0.30000001192092896,486,,,,,,,,,,,,,
,2921,,,,,,,,,,,,,,,,,,,,,,,,,,,487,0.18396855890750885,1840.0711669921875,0.18396855890750885,0.4595322906970978,nan,nan,nan,0.0,1.0,3.854234819300473e-05,2.0138168110861443e-05,1.8404176444164477e-05,1.0
0.004,2922,,,,,,,,,,,,,,,,,,,,,,,,,,,,,,,,,,,,,,,,
,2927,0.18988843262195587,1899.231689453125,0.18988843262195587,0.328274667263031,nan,nan,nan,0.0,1.0,3.474782715784386e-05,1.8521343008615077e-05,1.6226485968218185e-05,1.0,0.1899077594280243,0.18988843262195587,487.0,0.004000000189989805,0.30000001192092896,0.0,0.0,0.0,0.0,1.0000000116860974e-07,1.0000000116860974e-07,0.0,0.30000001192092896,487,,,,,,,,,,,,,
,2927,,,,,,,,,,,,,,,,,,,,,,,,,,,488,0.18390174210071564,1839.40283203125,0.18390174210071564,0.45869365334510803,nan,nan,nan,0.0,1.0,3.854714668705128e-05,2.006985596381128e-05,1.8477287085261196e-05,1.0
0.004,2928,,,,,,,,,,,,,,,,,,,,,,,,,,,,,,,,,,,,,,,,
,2933,0.1897532194852829,1897.8758544921875,0.1897532194852829,0.33152949810028076,nan,nan,nan,0.0,1.0,3.4367592888884246e-05,1.8302553144167177e-05,1.6065037925727665e-05,1.0,0.18979957699775696,0.1897532194852829,488.0,0.004000000189989805,0.30000001192092896,0.0,0.0,0.0,0.0,1.0000000116860974e-07,1.0000000116860974e-07,0.0,0.30000001192092896,488,,,,,,,,,,,,,
,2933,,,,,,,,,,,,,,,,,,,,,,,,,,,489,0.18386204540729523,1839.0032958984375,0.18386204540729523,0.4633857011795044,nan,nan,nan,0.0,1.0,3.829369961749762e-05,2.009317722695414e-05,1.8200522390543483e-05,1.0
0.004,2934,,,,,,,,,,,,,,,,,,,,,,,,,,,,,,,,,,,,,,,,
,2939,0.1898404210805893,1898.740234375,0.1898404210805893,0.329406201839447,nan,nan,nan,0.0,1.0,3.359952461323701e-05,1.8024502423941158e-05,1.557502218929585e-05,1.0,0.18982815742492676,0.1898404210805893,489.0,0.004000000189989805,0.30000001192092896,0.0,0.0,0.0,0.0,1.0000000116860974e-07,1.0000000116860974e-07,0.0,0.30000001192092896,489,,,,,,,,,,,,,
,2939,,,,,,,,,,,,,,,,,,,,,,,,,,,490,0.18389706313610077,1839.35107421875,0.18389706313610077,0.45861777663230896,nan,nan,nan,0.0,1.0,3.8043490349082276e-05,2.016896723944228e-05,1.78745249286294e-05,1.0
0.004,2940,,,,,,,,,,,,,,,,,,,,,,,,,,,,,,,,,,,,,,,,
,2945,0.18987810611724854,1899.114501953125,0.18987810611724854,0.3285157084465027,nan,nan,nan,0.0,1.0,3.3350450394209474e-05,1.7896227291203104e-05,1.545422310300637e-05,1.0,0.18986313045024872,0.18987810611724854,490.0,0.004000000189989805,0.30000001192092896,0.0,0.0,0.0,0.0,1.0000000116860974e-07,1.0000000116860974e-07,0.0,0.30000001192092896,490,,,,,,,,,,,,,
,2945,,,,,,,,,,,,,,,,,,,,,,,,,,,491,0.18419499695301056,1842.3260498046875,0.18419499695301056,0.46315863728523254,nan,nan,nan,0.0,1.0,3.760544132092036e-05,2.0002144083264284e-05,1.760329723765608e-05,1.0
0.004,2946,,,,,,,,,,,,,,,,,,,,,,,,,,,,,,,,,,,,,,,,
,2951,0.1898452341556549,1898.7880859375,0.1898452341556549,0.3293183147907257,nan,nan,nan,0.0,1.0,3.359123002155684e-05,1.822030753828585e-05,1.5370922483270988e-05,1.0,0.1898505985736847,0.1898452341556549,491.0,0.004000000189989805,0.30000001192092896,0.0,0.0,0.0,0.0,1.0000000116860974e-07,1.0000000116860974e-07,0.0,0.30000001192092896,491,,,,,,,,,,,,,
,2951,,,,,,,,,,,,,,,,,,,,,,,,,,,492,0.18375052511692047,1837.8812255859375,0.18375052511692047,0.4628414213657379,nan,nan,nan,0.0,1.0,3.756550358957611e-05,2.0015666450490244e-05,1.7549837139085867e-05,1.0
0.004,2952,,,,,,,,,,,,,,,,,,,,,,,,,,,,,,,,,,,,,,,,
,2957,0.1896333247423172,1896.6766357421875,0.1896333247423172,0.3344603478908539,nan,nan,nan,0.0,1.0,3.433850724832155e-05,1.8822642232407816e-05,1.5515861377934925e-05,1.0,0.18969851732254028,0.1896333247423172,492.0,0.004000000189989805,0.30000001192092896,0.0,0.0,0.0,0.0,1.0000000116860974e-07,1.0000000116860974e-07,0.0,0.30000001192092896,492,,,,,,,,,,,,,
,2957,,,,,,,,,,,,,,,,,,,,,,,,,,,493,0.1840844303369522,1841.22021484375,0.1840844303369522,0.46159231662750244,nan,nan,nan,0.0,1.0,3.7589852581731975e-05,2.0202109226374887e-05,1.7387743355357088e-05,1.0
0.004,2958,,,,,,,,,,,,,,,,,,,,,,,,,,,,,,,,,,,,,,,,
,2963,0.18984922766685486,1898.83447265625,0.18984922766685486,0.3291893005371094,nan,nan,nan,0.0,1.0,3.4218614018755034e-05,1.8649026969796978e-05,1.5569587048958056e-05,1.0,0.18980401754379272,0.18984922766685486,493.0,0.004000000189989805,0.30000001192092896,0.0,0.0,0.0,0.0,1.0000000116860974e-07,1.0000000116860974e-07,0.0,0.30000001192092896,493,,,,,,,,,,,,,
,2963,,,,,,,,,,,,,,,,,,,,,,,,,,,494,0.18377387523651123,1838.1207275390625,0.18377387523651123,0.463383287191391,nan,nan,nan,0.0,1.0,3.8181904528755695e-05,2.0531006157398224e-05,1.765089837135747e-05,1.0
0.004,2964,,,,,,,,,,,,,,,,,,,,,,,,,,,,,,,,,,,,,,,,
,2969,0.1899605542421341,1899.9468994140625,0.1899605542421341,0.3265157639980316,nan,nan,nan,0.0,1.0,3.4120279451599345e-05,1.843221798480954e-05,1.5688061466789804e-05,1.0,0.18991360068321228,0.1899605542421341,494.0,0.004000000189989805,0.30000001192092896,0.0,0.0,0.0,0.0,1.0000000116860974e-07,1.0000000116860974e-07,0.0,0.30000001192092896,494,,,,,,,,,,,,,
,2969,,,,,,,,,,,,,,,,,,,,,,,,,,,495,0.1838381141424179,1838.7633056640625,0.1838381141424179,0.4608488380908966,nan,nan,nan,0.0,1.0,3.823960287263617e-05,2.0347039026091807e-05,1.789256202755496e-05,1.0
0.004,2970,,,,,,,,,,,,,,,,,,,,,,,,,,,,,,,,,,,,,,,,
,2975,0.18975268304347992,1897.870849609375,0.18975268304347992,0.3315456211566925,nan,nan,nan,0.0,1.0,3.441131775616668e-05,1.8661465219338425e-05,1.5749852536828257e-05,1.0,0.18980096280574799,0.18975268304347992,495.0,0.004000000189989805,0.30000001192092896,0.0,0.0,0.0,0.0,1.0000000116860974e-07,1.0000000116860974e-07,0.0,0.30000001192092896,495,,,,,,,,,,,,,
,2975,,,,,,,,,,,,,,,,,,,,,,,,,,,496,0.1841326504945755,1841.7080078125,0.1841326504945755,0.4644240438938141,nan,nan,nan,0.0,1.0,3.813619332504459e-05,2.0346124074421823e-05,1.779006743163336e-05,1.0
0.004,2976,,,,,,,,,,,,,,,,,,,,,,,,,,,,,,,,,,,,,,,,
,2981,0.19000497460365295,1900.3955078125,0.19000497460365295,0.3253997564315796,nan,nan,nan,0.0,1.0,3.456950798863545e-05,1.8802506019710563e-05,1.576699833094608e-05,1.0,0.18994376063346863,0.19000497460365295,496.0,0.004000000189989805,0.30000001192092896,0.0,0.0,0.0,0.0,1.0000000116860974e-07,1.0000000116860974e-07,0.0,0.30000001192092896,496,,,,,,,,,,,,,
,2981,,,,,,,,,,,,,,,,,,,,,,,,,,,497,0.183674156665802,1837.1201171875,0.183674156665802,0.4653290808200836,nan,nan,nan,0.0,1.0,3.785158332902938e-05,2.0148994735791348e-05,1.770258677424863e-05,1.0
0.004,2982,,,,,,,,,,,,,,,,,,,,,,,,,,,,,,,,,,,,,,,,
,2987,0.19007804989814758,1901.12646484375,0.19007804989814758,0.3236544728279114,nan,nan,nan,0.0,1.0,3.461935557425022e-05,1.874119698186405e-05,1.5878156773396768e-05,1.0,0.19003775715827942,0.19007804989814758,497.0,0.004000000189989805,0.30000001192092896,0.0,0.0,0.0,0.0,1.0000000116860974e-07,1.0000000116860974e-07,0.0,0.30000001192092896,497,,,,,,,,,,,,,
,2987,,,,,,,,,,,,,,,,,,,,,,,,,,,498,0.18376237154006958,1838.00439453125,0.18376237154006958,0.46452462673187256,nan,nan,nan,0.0,1.0,3.8074565964052454e-05,2.03357503778534e-05,1.7738815586199053e-05,1.0
0.004,2988,,,,,,,,,,,,,,,,,,,,,,,,,,,,,,,,,,,,,,,,
,2993,0.18993835151195526,1899.7286376953125,0.18993835151195526,0.3270438015460968,nan,nan,nan,0.0,1.0,3.449626456131227e-05,1.8564362108008936e-05,1.5931902453303337e-05,1.0,0.18996816873550415,0.18993835151195526,498.0,0.004000000189989805,0.30000001192092896,0.0,0.0,0.0,0.0,1.0000000116860974e-07,1.0000000116860974e-07,0.0,0.30000001192092896,498,,,,,,,,,,,,,
,2993,,,,,,,,,,,,,,,,,,,,,,,,,,,499,0.183850958943367,1838.8909912109375,0.183850958943367,0.46229127049446106,nan,nan,nan,0.0,1.0,3.8131329347379506e-05,2.0302741177147254e-05,1.7828586351242848e-05,1.0
0.004,2994,,,,,,,,,,,,,,,,,,,,,,,,,,,,,,,,,,,,,,,,
,2999,0.18985673785209656,1898.910888671875,0.18985673785209656,0.329045832157135,nan,nan,nan,0.0,1.0,3.438119892962277e-05,1.811300899134949e-05,1.6268186300294474e-05,1.0,0.18989017605781555,0.18985673785209656,499.0,0.004000000189989805,0.30000001192092896,0.0,0.0,0.0,0.0,1.0000000116860974e-07,1.0000000116860974e-07,0.0,0.30000001192092896,499,,,,,,,,,,,,,
,2999,,,,,,,,,,,,,,,,,,,,,,,,,,,500,0.1838863044977188,1839.2415771484375,0.1838863044977188,0.4608774185180664,nan,nan,nan,0.0,1.0,3.7834841350559145e-05,1.9887183952960186e-05,1.794765739759896e-05,1.0
0.004,3000,,,,,,,,,,,,,,,,,,,,,,,,,,,,,,,,,,,,,,,,
,3005,0.1897224634885788,1897.5760498046875,0.1897224634885788,0.33231961727142334,nan,nan,nan,0.0,1.0,3.511830436764285e-05,1.8373390048509464e-05,1.674491613812279e-05,1.0,0.18977276980876923,0.1897224634885788,500.0,0.004000000189989805,0.30000001192092896,0.0,0.0,0.0,0.0,1.0000000116860974e-07,1.0000000116860974e-07,0.0,0.30000001192092896,500,,,,,,,,,,,,,
,3005,,,,,,,,,,,,,,,,,,,,,,,,,,,501,0.18369783461093903,1837.36279296875,0.18369783461093903,0.46276041865348816,nan,nan,nan,0.0,1.0,3.843710510409437e-05,1.9957236872869544e-05,1.8479868231224827e-05,1.0
0.004,3006,,,,,,,,,,,,,,,,,,,,,,,,,,,,,,,,,,,,,,,,
,3011,0.18977686762809753,1898.121337890625,0.18977686762809753,0.330984503030777,nan,nan,nan,0.0,1.0,3.52746901626233e-05,1.861977762018796e-05,1.6654910723445937e-05,1.0,0.18977564573287964,0.18977686762809753,501.0,0.004000000189989805,0.30000001192092896,0.0,0.0,0.0,0.0,1.0000000116860974e-07,1.0000000116860974e-07,0.0,0.30000001192092896,501,,,,,,,,,,,,,
,3011,,,,,,,,,,,,,,,,,,,,,,,,,,,502,0.18405781686306,1840.96728515625,0.18405781686306,0.4652794897556305,nan,nan,nan,0.0,1.0,3.892261884175241e-05,2.007640796364285e-05,1.8846209059120156e-05,1.0
0.004,3012,,,,,,,,,,,,,,,,,,,,,,,,,,,,,,,,,,,,,,,,
,3017,0.19010180234909058,1901.37060546875,0.19010180234909058,0.32307735085487366,nan,nan,nan,0.0,1.0,3.525758802425116e-05,1.8986745999427512e-05,1.6270843843813054e-05,1.0,0.19000396132469177,0.19010180234909058,502.0,0.004000000189989805,0.30000001192092896,0.0,0.0,0.0,0.0,1.0000000116860974e-07,1.0000000116860974e-07,0.0,0.30000001192092896,502,,,,,,,,,,,,,
,3017,,,,,,,,,,,,,,,,,,,,,,,,,,,503,0.18379677832126617,1838.3594970703125,0.18379677832126617,0.46385785937309265,nan,nan,nan,0.0,1.0,3.91812136513181e-05,2.0387580661918037e-05,1.879363480838947e-05,1.0
0.004,3018,,,,,,,,,,,,,,,,,,,,,,,,,,,,,,,,,,,,,,,,
,3023,0.19011802971363068,1901.53076171875,0.19011802971363068,0.3226885497570038,nan,nan,nan,0.0,1.0,3.5053537430940196e-05,1.9144470570608974e-05,1.590907049831003e-05,1.0,0.1900838017463684,0.19011802971363068,503.0,0.004000000189989805,0.30000001192092896,0.0,0.0,0.0,0.0,1.0000000116860974e-07,1.0000000116860974e-07,0.0,0.30000001192092896,503,,,,,,,,,,,,,
,3023,,,,,,,,,,,,,,,,,,,,,,,,,,,504,0.18362879753112793,1836.6776123046875,0.18362879753112793,0.4633077383041382,nan,nan,nan,0.0,1.0,3.896326234098524e-05,2.0520281395874918e-05,1.8442982764099725e-05,1.0
0.004,3024,,,,,,,,,,,,,,,,,,,,,,,,,,,,,,,,,,,,,,,,
,3029,0.1897546350955963,1897.888916015625,0.1897546350955963,0.3314988613128662,nan,nan,nan,0.0,1.0,3.4251810575369745e-05,1.8536737115937285e-05,1.5715075278421864e-05,1.0,0.18985337018966675,0.1897546350955963,504.0,0.004000000189989805,0.30000001192092896,0.0,0.0,0.0,0.0,1.0000000116860974e-07,1.0000000116860974e-07,0.0,0.30000001192092896,504,,,,,,,,,,,,,
,3029,,,,,,,,,,,,,,,,,,,,,,,,,,,505,0.18391013145446777,1839.484375,0.18391013145446777,0.4651578366756439,nan,nan,nan,0.0,1.0,3.83134392905049e-05,2.030342693615239e-05,1.8010010535363108e-05,1.0
